Workbook

Sheet Yearly Total To Date
B4: Yearly Total | F4: Total Average (Month) | J4: Total Average (Week) | N4: Total Average (Day) | R4: 2023 Occupancy Totals
B6: AM Field | C6: ='Monthly Totals'!C5+'Monthly Totals'!F5+'Monthly Totals'!I5+'Monthly Totals'!L5+'Monthly Totals'!O5+'Monthly Totals'!R5+'Monthly Totals'!C27+'Monthly Totals'!F27+'Monthly Totals'!I27+'Monthly Totals'!L27+'Monthly Totals'!O27+'Monthly Totals'!R27 -> 27085 | F6: AM Field | G6: =C6/12 -> 2257.0833 | J6: AM Field | K6: =C6 / 52 -> 520.86538 | N6: AM Field | O6: =C6 / 365 -> 74.205479 | R6: Time | S6: Bookings | T6: Spots Available | U6: Occupancy
B7: PM Field | C7: ='Monthly Totals'!C6+'Monthly Totals'!F6+'Monthly Totals'!I6+'Monthly Totals'!L6+'Monthly Totals'!O6+'Monthly Totals'!R6+'Monthly Totals'!C28+'Monthly Totals'!F28+'Monthly Totals'!I28+'Monthly Totals'!L28+'Monthly Totals'!O28+'Monthly Totals'!R28 -> 22666 | F7: PM Field | G7: =C7/12 -> 1888.8333 | J7: PM Field | K7: =C7 / 52 -> 435.88462 | N7: PM Field | O7: =C7 / 365 -> 62.09863 | R7: AM | S7: ='Occupancy Report Summarised'!L4+'Occupancy Report Summarised'!L8+'Occupancy Report Summarised'!L12+'Occupancy Report Summarised'!L16+'Occupancy Report Summarised'!L20+'Occupancy Report Summarised'!L24+'Occupancy Report Summarised'!L28+'Occupancy Report Summarised'!L32+'Occupancy Report Summarised'!L36+'Occupancy Report Summarised'!L40+'Occupancy Report Summarised'!L44+'Occupancy Report Summarised'!L48 -> 27085 | T7: ='Occupancy Report Summarised'!M4+'Occupancy Report Summarised'!M8+'Occupancy Report Summarised'!M12+'Occupancy Report Summarised'!M16+'Occupancy Report Summarised'!M20+'Occupancy Report Summarised'!M24+'Occupancy Report Summarised'!M28+'Occupancy Report Summarised'!M32+'Occupancy Report Summarised'!M36+'Occupancy Report Summarised'!M40+'Occupancy Report Summarised'!M44+'Occupancy Report Summarised'!M48 -> 33314 | U7: =SUM(S7/T7) -> 0.81302155
B8: Total Field | C8: ='Monthly Totals'!C7+'Monthly Totals'!F7+'Monthly Totals'!I7+'Monthly Totals'!L7+'Monthly Totals'!O7+'Monthly Totals'!R7+'Monthly Totals'!C29+'Monthly Totals'!F29+'Monthly Totals'!I29+'Monthly Totals'!L29+'Monthly Totals'!O29+'Monthly Totals'!R29 -> 49751 | F8: Total Field | G8: =C8/12 -> 4145.9167 | J8: Total Field | K8: =C8 / 52 -> 956.75 | N8: Total Field | O8: =C8 / 365 -> 136.30411 | R8: PM | S8: ='Occupancy Report Summarised'!L5+'Occupancy Report Summarised'!L9+'Occupancy Report Summarised'!L13+'Occupancy Report Summarised'!L17+'Occupancy Report Summarised'!L21+'Occupancy Report Summarised'!L25+'Occupancy Report Summarised'!L29+'Occupancy Report Summarised'!L33+'Occupancy Report Summarised'!L37+'Occupancy Report Summarised'!L41+'Occupancy Report Summarised'!L45+'Occupancy Report Summarised'!L49 -> 22666 | T8: ='Occupancy Report Summarised'!M5+'Occupancy Report Summarised'!M9+'Occupancy Report Summarised'!M13+'Occupancy Report Summarised'!M17+'Occupancy Report Summarised'!M21+'Occupancy Report Summarised'!M25+'Occupancy Report Summarised'!M29+'Occupancy Report Summarised'!M33+'Occupancy Report Summarised'!M37+'Occupancy Report Summarised'!M41+'Occupancy Report Summarised'!M45+'Occupancy Report Summarised'!M49 -> 31538 | U8: =SUM(S8/T8) -> 0.71868857
B9: Guests | C9: ='Monthly Totals'!C8+'Monthly Totals'!F8+'Monthly Totals'!I8+'Monthly Totals'!L8+'Monthly Totals'!O8+'Monthly Totals'!R8+'Monthly Totals'!C30+'Monthly Totals'!F30+'Monthly Totals'!I30+'Monthly Totals'!L30+'Monthly Totals'!O30+'Monthly Totals'!R30 -> 8588 | F9: Guests | G9: =C9/12 -> 715.66667 | J9: Guests | K9: =C9 / 52 -> 165.15385 | N9: Guests | O9: =C9 / 365 -> 23.528767 | R9: Total | S9: =SUM(S7:S8) -> 49751 | T9: =SUM(T7:T8) -> 64852 | U9: =SUM(S9/T9) -> 0.76714673
B10: Member / Guest Ratio | C10: =SUM(C9/C8) -> 0.17261965 | F10: Member / Guest Ratio | G10: =C10/12 -> 0.01438497 | J10: Member / Guest Ratio | K10: =C10 / 52 -> 0.0033196086 | N10: Member / Guest Ratio | O10: =C10 / 365 -> 0.00047293054
B11: Member Play | C11: ='Monthly Totals'!C10+'Monthly Totals'!F10+'Monthly Totals'!I10+'Monthly Totals'!L10+'Monthly Totals'!O10+'Monthly Totals'!R10+'Monthly Totals'!C32+'Monthly Totals'!F32+'Monthly Totals'!I32+'Monthly Totals'!L32+'Monthly Totals'!O32+'Monthly Totals'!R32 -> 40479 | F11: Member Play | G11: =C11/12 -> 3373.25 | J11: Member Play | K11: =C11 / 52 -> 778.44231 | N11: Member Play | O11: =C11 / 365 -> 110.90137
B12: Manger Intro | C12: ='Monthly Totals'!C11+'Monthly Totals'!F11+'Monthly Totals'!I11+'Monthly Totals'!L11+'Monthly Totals'!O11+'Monthly Totals'!R11+'Monthly Totals'!C33+'Monthly Totals'!F33+'Monthly Totals'!I33+'Monthly Totals'!L33+'Monthly Totals'!O33+'Monthly Totals'!R33 -> 43 | F12: Manger Intro | G12: =C12/12 -> 3.5833333 | J12: Manger Intro | K12: =C12 / 52 -> 0.82692308 | N12: Manger Intro | O12: =C12 / 365 -> 0.11780822
B13: Interstate | C13: ='Monthly Totals'!C12+'Monthly Totals'!F12+'Monthly Totals'!I12+'Monthly Totals'!L12+'Monthly Totals'!O12+'Monthly Totals'!R12+'Monthly Totals'!C34+'Monthly Totals'!F34+'Monthly Totals'!I34+'Monthly Totals'!L34+'Monthly Totals'!O34+'Monthly Totals'!R34 -> 174 | F13: Interstate | G13: =C13/12 -> 14.5 | J13: Interstate | K13: =C13 / 52 -> 3.3461538 | N13: Interstate | O13: =C13 / 365 -> 0.47671233
B14: International | C14: ='Monthly Totals'!C13+'Monthly Totals'!F13+'Monthly Totals'!I13+'Monthly Totals'!L13+'Monthly Totals'!O13+'Monthly Totals'!R13+'Monthly Totals'!C35+'Monthly Totals'!F35+'Monthly Totals'!I35+'Monthly Totals'!L35+'Monthly Totals'!O35+'Monthly Totals'!R35 -> 508 | F14: International | G14: =C14/12 -> 42.333333 | J14: International | K14: =C14 / 52 -> 9.7692308 | N14: International | O14: =C14 / 365 -> 1.3917808
B15: Industry Guest | C15: ='Monthly Totals'!C14+'Monthly Totals'!F14+'Monthly Totals'!I14+'Monthly Totals'!L14+'Monthly Totals'!O14+'Monthly Totals'!R14+'Monthly Totals'!C36+'Monthly Totals'!F36+'Monthly Totals'!I36+'Monthly Totals'!L36+'Monthly Totals'!O36+'Monthly Totals'!R36 -> 39 | F15: Industry Guest | G15: =C15/12 -> 3.25 | J15: Industry Guest | K15: =C15 / 52 -> 0.75 | N15: Industry Guest | O15: =C15 / 365 -> 0.10684932
B16: Member Intro | C16: ='Monthly Totals'!C15+'Monthly Totals'!F15+'Monthly Totals'!I15+'Monthly Totals'!L15+'Monthly Totals'!O15+'Monthly Totals'!R15+'Monthly Totals'!C37+'Monthly Totals'!F37+'Monthly Totals'!I37+'Monthly Totals'!L37+'Monthly Totals'!O37+'Monthly Totals'!R37 -> 3307 | F16: Member Intro | G16: =C16/12 -> 275.58333 | J16: Member Intro | K16: =C16 / 52 -> 63.596154 | N16: Member Intro | O16: =C16 / 365 -> 9.060274
B17: Member Guest Unaccompanied | C17: ='Monthly Totals'!C16+'Monthly Totals'!F16+'Monthly Totals'!I16+'Monthly Totals'!L16+'Monthly Totals'!O16+'Monthly Totals'!R16+'Monthly Totals'!C38+'Monthly Totals'!F38+'Monthly Totals'!I38+'Monthly Totals'!L38+'Monthly Totals'!O38+'Monthly Totals'!R38 -> 36 | F17: Member Guest Unaccompanied | G17: =C17/12 -> 3 | J17: Member Guest Unaccompanied | K17: =C17 / 52 -> 0.69230769 | N17: Member Guest Unaccompanied | O17: =C17 / 365 -> 0.098630137
B18: Corporate | C18: ='Monthly Totals'!C17+'Monthly Totals'!F17+'Monthly Totals'!I17+'Monthly Totals'!L17+'Monthly Totals'!O17+'Monthly Totals'!R17+'Monthly Totals'!C39+'Monthly Totals'!F39+'Monthly Totals'!I39+'Monthly Totals'!L39+'Monthly Totals'!O39+'Monthly Totals'!R39 -> 2598 | F18: Corporate | G18: =C18/12 -> 216.5 | J18: Corporate | K18: =C18 / 52 -> 49.961538 | N18: Corporate | O18: =C18 / 365 -> 7.1178082
B19: Non Playing | C19: ='Monthly Totals'!C19+'Monthly Totals'!F19+'Monthly Totals'!I19+'Monthly Totals'!L19+'Monthly Totals'!O19+'Monthly Totals'!R19+'Monthly Totals'!C41+'Monthly Totals'!F41+'Monthly Totals'!I41+'Monthly Totals'!L41+'Monthly Totals'!O41+'Monthly Totals'!R41 -> 404 | F19: Non Playing | G19: =C19/12 -> 33.666667 | J19: Non Playing | K19: =C19 / 52 -> 7.7692308 | N19: Non Playing | O19: =C19 / 365 -> 1.1068493
B20: Voucher | C20: ='Monthly Totals'!C20+'Monthly Totals'!F20+'Monthly Totals'!I20+'Monthly Totals'!L20+'Monthly Totals'!O20+'Monthly Totals'!R20+'Monthly Totals'!C42+'Monthly Totals'!F42+'Monthly Totals'!I42+'Monthly Totals'!L42+'Monthly Totals'!O42+'Monthly Totals'!R42 -> 522 | F20: Voucher | G20: =C20/12 -> 43.5 | J20: Voucher | K20: =C20 / 52 -> 10.038462 | N20: Voucher | O20: =C20 / 365 -> 1.430137
B21: Reciprocal | C21: ='Monthly Totals'!C21+'Monthly Totals'!F21+'Monthly Totals'!I21+'Monthly Totals'!L21+'Monthly Totals'!O21+'Monthly Totals'!R21+'Monthly Totals'!C43+'Monthly Totals'!F43+'Monthly Totals'!I43+'Monthly Totals'!L43+'Monthly Totals'!O43+'Monthly Totals'!R43 -> 879 | F21: Reciprocal | G21: =C21/12 -> 73.25 | J21: Reciprocal | K21: =C21 / 52 -> 16.903846 | N21: Reciprocal | O21: =C21 / 365 -> 2.4082192
B22: Competition | C22: ='Monthly Totals'!C22+'Monthly Totals'!F22+'Monthly Totals'!I22+'Monthly Totals'!L22+'Monthly Totals'!O22+'Monthly Totals'!R22+'Monthly Totals'!C44+'Monthly Totals'!F44+'Monthly Totals'!I44+'Monthly Totals'!L44+'Monthly Totals'!O44+'Monthly Totals'!R44 -> 26827 | F22: Competition | G22: =C22/12 -> 2235.5833 | J22: Competition | K22: =C22 / 52 -> 515.90385 | N22: Competition | O22: =C22 / 365 -> 73.49863

Sheet Occupancy Report
B2: January | D2: Bookings | E2: Spots Available | F2: Occupancy | G2: Notes | I2: Feburary | K2: Bookings | L2: Spots Available | M2: Occupancy | N2: Notes | P2: March | R2: Bookings | S2: Spots Available | T2: Occupancy | U2: Notes
B4: Monday | C4: AM | D4: =GETPIVOTDATA("Sum of AM FIELD",'Pivot Table'!$A$4,"DAY","Mon") -> 358 | E4: =SUM(104+120+96+112+96) -> 528 | F4: =SUM(D4/E4) -> 0.6780303 | I4: Monday | J4: AM | K4: =GETPIVOTDATA("Sum of AM FIELD",'Pivot Table'!$A$16,"DAY","Mon") -> 197 | L4: =SUM(92+0+92+92) -> 276 | M4: =SUM(K4/L4) -> 0.71376812 | P4: Monday | Q4: AM | R4: =GETPIVOTDATA("Sum of AM FIELD",'Pivot Table'!$A$28,"DAY","Mon") -> 241 | S4: =SUM(92+104+80+0) -> 276 | T4: =SUM(R4/S4) -> 0.87318841
B5: Monday | C5: PM | D5: =GETPIVOTDATA("Sum of PM FIELD",'Pivot Table'!$A$4,"DAY","Mon") -> 263 | E5: =SUM(56+104+96+96+96) -> 448 | F5: =SUM(D5/E5) -> 0.58705357 | I5: Monday | J5: PM | K5: =GETPIVOTDATA("Sum of PM FIELD",'Pivot Table'!$A$16,"DAY","Mon") -> 296 | L5: =SUM(96+96+96+96) -> 384 | M5: =SUM(K5/L5) -> 0.77083333 | P5: Monday | Q5: PM | R5: =GETPIVOTDATA("Sum of PM FIELD",'Pivot Table'!$A$28,"DAY","Mon") -> 328 | S5: =SUM(88+96+84+88) -> 356 | T5: =SUM(R5/S5) -> 0.92134831
B6: Total Occupancy | D6: =SUM(D3:D5) -> 621 | E6: =SUM(E3:E5) -> 976 | F6: =SUM(D6/E6) -> 0.63627049 | I6: Total Occupancy | K6: =SUM(K3:K5) -> 493 | L6: =SUM(L3:L5) -> 660 | M6: =SUM(K6/L6) -> 0.7469697 | P6: Total Occupancy | R6: =SUM(R3:R5) -> 569 | S6: =SUM(S4:S5) -> 632 | T6: =SUM(R6/S6) -> 0.90031646
B8: Tuesday | C8: AM | D8: =GETPIVOTDATA("Sum of AM FIELD",'Pivot Table'!$A$4,"DAY","Tue") -> 378 | E8: =SUM(120+120+112+116+116) -> 584 | F8: =SUM(D8/E8) -> 0.64726027 | I8: Tuesday | J8: AM | K8: =GETPIVOTDATA("Sum of AM FIELD",'Pivot Table'!$A$16,"DAY","Tue") -> 425 | L8: =SUM(140+112+112+112) -> 476 | M8: =SUM(K8/L8) -> 0.89285714 | P8: Tuesday | Q8: AM | R8: =GETPIVOTDATA("Sum of AM FIELD",'Pivot Table'!$A$28,"DAY","Tue") -> 369 | S8: =SUM(112+112+112+96) -> 432 | T8: =SUM(R8/S8) -> 0.85416667
B9: Tuesday | C9: PM | D9: =GETPIVOTDATA("Sum of PM FIELD",'Pivot Table'!$A$4,"DAY","Tue") -> 96 | E9: =SUM(80+80+80+80+80) -> 400 | F9: =SUM(D9/E9) -> 0.24 | I9: Tuesday | J9: PM | K9: =GETPIVOTDATA("Sum of PM FIELD",'Pivot Table'!$A$16,"DAY","Tue") -> 168 | L9: =SUM(40+76+80+80) -> 276 | M9: =SUM(K9/L9) -> 0.60869565 | P9: Tuesday | Q9: PM | R9: =GETPIVOTDATA("Sum of PM FIELD",'Pivot Table'!$A$28,"DAY","Tue") -> 129 | S9: =SUM(80+80+80+44) -> 284 | T9: =SUM(R9/S9) -> 0.45422535
B10: Total Occupancy | D10: =SUM(D7:D9) -> 474 | E10: =SUM(E7:E9) -> 984 | F10: =SUM(D10/E10) -> 0.48170732 | I10: Total Occupancy | K10: =SUM(K7:K9) -> 593 | L10: =SUM(L7:L9) -> 752 | M10: =SUM(K10/L10) -> 0.78856383 | P10: Total Occupancy | R10: =SUM(R7:R9) -> 498 | S10: =SUM(S7:S9) -> 716 | T10: =SUM(R10/S10) -> 0.69553073
B12: Wednesday | C12: AM | D12: =GETPIVOTDATA("Sum of AM FIELD",'Pivot Table'!$A$4,"DAY","Wed") -> 299 | E12: =SUM(120+120+104+88) -> 432 | F12: =SUM(D12/E12) -> 0.69212963 | I12: Wednesday | J12: AM | K12: =GETPIVOTDATA("Sum of AM FIELD",'Pivot Table'!$A$16,"DAY","Wed") -> 315 | L12: =SUM(120+120+120+100) -> 460 | M12: =SUM(K12/L12) -> 0.68478261 | P12: Wednesday | Q12: AM | R12: =GETPIVOTDATA("Sum of AM FIELD",'Pivot Table'!$A$28,"DAY","Wed") -> 310 | S12: =SUM(120+120+100+80+76) -> 496 | T12: =SUM(R12/S12) -> 0.625
B13: Wednesday | C13: PM | D13: =GETPIVOTDATA("Sum of PM FIELD",'Pivot Table'!$A$4,"DAY","Wed") -> 317 | E13: =SUM(104+104+104+172) -> 484 | F13: =SUM(D13/E13) -> 0.65495868 | I13: Wednesday | J13: PM | K13: =GETPIVOTDATA("Sum of PM FIELD",'Pivot Table'!$A$16,"DAY","Wed") -> 277 | L13: =SUM(104+100+100+104) -> 408 | M13: =SUM(K13/L13) -> 0.67892157 | P13: Wednesday | Q13: PM | R13: =GETPIVOTDATA("Sum of PM FIELD",'Pivot Table'!$A$28,"DAY","Wed") -> 377 | S13: =SUM(108+88+80+82+92) -> 450 | T13: =SUM(R13/S13) -> 0.83777778
B14: Total Occupancy | D14: =SUM(D11:D13) -> 616 | E14: =SUM(E11:E13) -> 916 | F14: =SUM(D14/E14) -> 0.67248908 | I14: Total Occupancy | K14: =SUM(K11:K13) -> 592 | L14: =SUM(L11:L13) -> 868 | M14: =SUM(K14/L14) -> 0.68202765 | P14: Total Occupancy | R14: =SUM(R11:R13) -> 687 | S14: =SUM(S11:S13) -> 946 | T14: =SUM(R14/S14) -> 0.72621564
B16: Thursday | C16: AM | D16: =GETPIVOTDATA("Sum of AM FIELD",'Pivot Table'!$A$4,"DAY","Thu") -> 337 | E16: =SUM(88+84+88+104) -> 364 | F16: =SUM(D16/E16) -> 0.92582418 | I16: Thursday | J16: AM | K16: =GETPIVOTDATA("Sum of AM FIELD",'Pivot Table'!$A$16,"DAY","Thu") -> 335 | L16: =SUM(88+88+88+88) -> 352 | M16: =SUM(K16/L16) -> 0.95170455 | P16: Thursday | Q16: AM | R16: =GETPIVOTDATA("Sum of AM FIELD",'Pivot Table'!$A$28,"DAY","Thu") -> 317 | S16: =SUM(80+72+88+64+96) -> 400 | T16: =SUM(R16/S16) -> 0.7925
B17: Thursday | C17: PM | D17: =GETPIVOTDATA("Sum of PM FIELD",'Pivot Table'!$A$4,"DAY","Thu") -> 337 | E17: =SUM(96+96+96+96) -> 384 | F17: =SUM(D17/E17) -> 0.87760417 | I17: Thursday | J17: PM | K17: =GETPIVOTDATA("Sum of PM FIELD",'Pivot Table'!$A$16,"DAY","Thu") -> 239 | L17: =SUM(96+96+0+96) -> 288 | M17: =SUM(K17/L17) -> 0.82986111 | P17: Thursday | Q17: PM | R17: =GETPIVOTDATA("Sum of PM FIELD",'Pivot Table'!$A$28,"DAY","Thu") -> 405 | S17: =SUM(96+96+96+96+96) -> 480 | T17: =SUM(R17/S17) -> 0.84375
B18: Total Occupancy | D18: =SUM(D15:D17) -> 674 | E18: =SUM(E15:E17) -> 748 | F18: =SUM(D18/E18) -> 0.90106952 | I18: Total Occupancy | K18: =SUM(K15:K17) -> 574 | L18: =SUM(L15:L17) -> 640 | M18: =SUM(K18/L18) -> 0.896875 | P18: Total Occupancy | R18: =SUM(R15:R17) -> 722 | S18: =SUM(S15:S17) -> 880 | T18: =SUM(R18/S18) -> 0.82045455
B20: Friday | C20: AM | D20: =GETPIVOTDATA("Sum of AM FIELD",'Pivot Table'!$A$4,"DAY","Fri") -> 427 | E20: =SUM(120+120+120+120) -> 480 | F20: =SUM(D20/E20) -> 0.88958333 | I20: Friday | J20: AM | K20: =GETPIVOTDATA("Sum of AM FIELD",'Pivot Table'!$A$16,"DAY","Fri") -> 301 | L20: =SUM(120+88+88+88) -> 384 | M20: =SUM(K20/L20) -> 0.78385417 | P20: Friday | Q20: AM | R20: =GETPIVOTDATA("Sum of AM FIELD",'Pivot Table'!$A$28,"DAY","Fri") -> 401 | S20: =SUM(80+80+56+108+108) -> 432 | T20: =SUM(R20/S20) -> 0.92824074
B21: Friday | C21: PM | D21: =GETPIVOTDATA("Sum of PM FIELD",'Pivot Table'!$A$4,"DAY","Fri") -> 325 | E21: =SUM(104+104+104+104) -> 416 | F21: =SUM(D21/E21) -> 0.78125 | I21: Friday | J21: PM | K21: =GETPIVOTDATA("Sum of PM FIELD",'Pivot Table'!$A$16,"DAY","Fri") -> 329 | L21: =SUM(104+164+104+152) -> 524 | M21: =SUM(K21/L21) -> 0.6278626 | P21: Friday | Q21: PM | R21: =GETPIVOTDATA("Sum of PM FIELD",'Pivot Table'!$A$28,"DAY","Fri") -> 499 | S21: =SUM(188+188+80+76+88) -> 620 | T21: =SUM(R21/S21) -> 0.80483871 | U21: Twlights
B22: Total Occupancy | D22: =SUM(D19:D21) -> 752 | E22: =SUM(E19:E21) -> 896 | F22: =SUM(D22/E22) -> 0.83928571 | I22: Total Occupancy | K22: =SUM(K19:K21) -> 630 | L22: =SUM(L19:L21) -> 908 | M22: =SUM(K22/L22) -> 0.6938326 | P22: Total Occupancy | R22: =SUM(R19:R21) -> 900 | S22: =SUM(S19:S21) -> 1052 | T22: =SUM(R22/S22) -> 0.85551331
B24: Saturday | C24: AM | D24: =GETPIVOTDATA("Sum of AM FIELD",'Pivot Table'!$A$4,"DAY","Sat") -> 364 | E24: =SUM(104+104+104+100) -> 412 | F24: =SUM(D24/E24) -> 0.88349515 | I24: Saturday | J24: AM | K24: =GETPIVOTDATA("Sum of AM FIELD",'Pivot Table'!$A$16,"DAY","Sat") -> 322 | L24: =SUM(104+104+68+104) -> 380 | M24: =SUM(K24/L24) -> 0.84736842 | P24: Saturday | Q24: AM | R24: =GETPIVOTDATA("Sum of AM FIELD",'Pivot Table'!$A$28,"DAY","Sat") -> 325 | S24: =SUM(104+48+104+96) -> 352 | T24: =SUM(R24/S24) -> 0.92329545
B25: Saturday | C25: PM | D25: =GETPIVOTDATA("Sum of PM FIELD",'Pivot Table'!$A$4,"DAY","Sat") -> 121 | E25: =SUM(96+0+60+56) -> 212 | F25: =SUM(D25/E25) -> 0.57075472 | I25: Saturday | J25: PM | K25: =GETPIVOTDATA("Sum of PM FIELD",'Pivot Table'!$A$16,"DAY","Sat") -> 303 | L25: =SUM(96+88+96+96) -> 376 | M25: =SUM(K25/L25) -> 0.80585106 | P25: Saturday | Q25: PM | R25: =GETPIVOTDATA("Sum of PM FIELD",'Pivot Table'!$A$28,"DAY","Sat") -> 190 | S25: =SUM(96+60+96+72) -> 324 | T25: =SUM(R25/S25) -> 0.58641975
B26: Total Occupancy | D26: =SUM(D23:D25) -> 485 | E26: =SUM(E23:E25) -> 624 | F26: =SUM(D26/E26) -> 0.77724359 | I26: Total Occupancy | K26: =SUM(K23:K25) -> 625 | L26: =SUM(L23:L25) -> 756 | M26: =SUM(K26/L26) -> 0.82671958 | P26: Total Occupancy | R26: =SUM(R23:R25) -> 515 | S26: =SUM(S23:S25) -> 676 | T26: =SUM(R26/S26) -> 0.76183432
B28: Sunday | C28: AM | D28: =GETPIVOTDATA("Sum of AM FIELD",'Pivot Table'!$A$4,"DAY","Sun") -> 451 | E28: =SUM(104+104+104+104+104) -> 520 | F28: =SUM(D28/E28) -> 0.86730769 | I28: Sunday | J28: AM | K28: =GETPIVOTDATA("Sum of AM FIELD",'Pivot Table'!$A$16,"DAY","Sun") -> 395 | L28: =SUM(104+104+104+104) -> 416 | M28: =SUM(K28/L28) -> 0.94951923 | P28: Sunday | Q28: AM | R28: =GETPIVOTDATA("Sum of AM FIELD",'Pivot Table'!$A$28,"DAY","Sun") -> 370 | S28: =SUM(104+104+104+96) -> 408 | T28: =SUM(R28/S28) -> 0.90686275
B29: Sunday | C29: PM | D29: =GETPIVOTDATA("Sum of PM FIELD",'Pivot Table'!$A$4,"DAY","Sun") -> 314 | E29: =SUM(96+80+92+96+96) -> 460 | F29: =SUM(D29/E29) -> 0.6826087 | I29: Sunday | J29: PM | K29: =GETPIVOTDATA("Sum of PM FIELD",'Pivot Table'!$A$16,"DAY","Sun") -> 386 | L29: =SUM(108+108+104+104) -> 424 | M29: =SUM(K29/L29) -> 0.91037736 | P29: Sunday | Q29: PM | R29: =GETPIVOTDATA("Sum of PM FIELD",'Pivot Table'!$A$28,"DAY","Sun") -> 374 | S29: =SUM(108+96+108+108) -> 420 | T29: =SUM(R29/S29) -> 0.89047619
B30: Total Occupancy | D30: =SUM(D27:D29) -> 765 | E30: =SUM(E27:E29) -> 980 | F30: =SUM(D30/E30) -> 0.78061224 | I30: Total Occupancy | K30: =SUM(K27:K29) -> 781 | L30: =SUM(L27:L29) -> 840 | M30: =SUM(K30/L30) -> 0.9297619 | P30: Total Occupancy | R30: =SUM(R27:R29) -> 744 | S30: =SUM(S27:S29) -> 828 | T30: =SUM(R30/S30) -> 0.89855072
B33: April | D33: Bookings | E33: Spots Available | F33: Occupancy | G33: Notes | I33: May | K33: Bookings | L33: Spots Available | M33: Occupancy | N33: Notes | P33: June | R33: Bookings | S33: Spots Available | T33: Occupancy | U33: Notes
B35: Monday | C35: AM | D35: =GETPIVOTDATA("Sum of AM FIELD",'Pivot Table'!$A$40,"DAY","Mon") -> 240 | E35: =SUM(88+104+0+84) -> 276 | F35: =SUM(D35/E35) -> 0.86956522 | I35: Monday | J35: AM | K35: =GETPIVOTDATA("Sum of AM FIELD",'Pivot Table'!$A$52,"DAY","Mon") -> 253 | L35: =SUM(88+68+88+0+80) -> 324 | M35: =SUM(K35/L35) -> 0.7808642 | P35: Monday | Q35: AM | R35: =GETPIVOTDATA("Sum of AM FIELD",'Pivot Table'!$A$64,"DAY","Mon") -> 152 | S35: =0+96+92+80 -> 268 | T35: =SUM(R35/S35) -> 0.56716418
B36: Monday | C36: PM | D36: =GETPIVOTDATA("Sum of PM FIELD",'Pivot Table'!$A$40,"DAY","Mon") -> 289 | E36: =SUM(80+88+88+80) -> 336 | F36: =SUM(D36/E36) -> 0.86011905 | I36: Monday | J36: PM | K36: =GETPIVOTDATA("Sum of PM FIELD",'Pivot Table'!$A$52,"DAY","Mon") -> 327 | L36: =SUM(88+80+80+80+80) -> 408 | M36: =SUM(K36/L36) -> 0.80147059 | P36: Monday | Q36: PM | R36: =GETPIVOTDATA("Sum of PM FIELD",'Pivot Table'!$A$64,"DAY","Mon") -> 243 | S36: =80+88+80+80 -> 328 | T36: =SUM(R36/S36) -> 0.74085366
B37: Total Occupancy | D37: =SUM(D34:D36) -> 529 | E37: =SUM(E34:E36) -> 612 | F37: =SUM(D37/E37) -> 0.86437908 | I37: Total Occupancy | K37: =SUM(K34:K36) -> 580 | L37: =SUM(L34:L36) -> 732 | M37: =SUM(K37/L37) -> 0.79234973 | P37: Total Occupancy | R37: =SUM(R34:R36) -> 395 | S37: 596 | T37: =SUM(R37/S37) -> 0.66275168
B39: Tuesday | C39: AM | D39: =GETPIVOTDATA("Sum of AM FIELD",'Pivot Table'!$A$40,"DAY","Tue") -> 357 | E39: =SUM(112+112+112+104) -> 440 | F39: =SUM(D39/E39) -> 0.81136364 | I39: Tuesday | J39: AM | K39: =GETPIVOTDATA("Sum of AM FIELD",'Pivot Table'!$A$52,"DAY","Tue") -> 432 | L39: =SUM(112+112+100+112+88) -> 524 | M39: =SUM(K39/L39) -> 0.82442748 | P39: Tuesday | Q39: AM | R39: =GETPIVOTDATA("Sum of AM FIELD",'Pivot Table'!$A$64,"DAY","Tue") -> 277 | S39: =112+116+112+80 -> 420 | T39: =SUM(R39/S39) -> 0.65952381
B40: Tuesday | C40: PM | D40: =GETPIVOTDATA("Sum of PM FIELD",'Pivot Table'!$A$40,"DAY","Tue") -> 200 | E40: =SUM(80+80+80+88) -> 328 | F40: =SUM(D40/E40) -> 0.6097561 | I40: Tuesday | J40: PM | K40: =GETPIVOTDATA("Sum of PM FIELD",'Pivot Table'!$A$52,"DAY","Tue") -> 143 | L40: =SUM(80+80+0+80+80) -> 320 | M40: =SUM(K40/L40) -> 0.446875 | P40: Tuesday | Q40: PM | R40: =GETPIVOTDATA("Sum of PM FIELD",'Pivot Table'!$A$64,"DAY","Tue") -> 132 | S40: =80+80+80+80 -> 320 | T40: =SUM(R40/S40) -> 0.4125
B41: Total Occupancy | D41: =SUM(D38:D40) -> 557 | E41: =SUM(E38:E40) -> 768 | F41: =SUM(D41/E41) -> 0.72526042 | I41: Total Occupancy | K41: =SUM(K38:K40) -> 575 | L41: =SUM(L38:L40) -> 844 | M41: =SUM(K41/L41) -> 0.68127962 | P41: Total Occupancy | R41: =SUM(R38:R40) -> 409 | S41: 748 | T41: =SUM(R41/S41) -> 0.54679144
B43: Wednesday | C43: AM | D43: =GETPIVOTDATA("Sum of AM FIELD",'Pivot Table'!$A$40,"DAY","Wed") -> 249 | E43: =SUM(96+96+72+108) -> 372 | F43: =SUM(D43/E43) -> 0.66935484 | I43: Wednesday | J43: AM | K43: =GETPIVOTDATA("Sum of AM FIELD",'Pivot Table'!$A$52,"DAY","Wed") -> 369 | L43: =SUM(96+108+84+108+80) -> 476 | M43: =SUM(K43/L43) -> 0.77521008 | P43: Wednesday | Q43: AM | R43: =GETPIVOTDATA("Sum of AM FIELD",'Pivot Table'!$A$64,"DAY","Wed") -> 134 | S43: =80+60+48+108 -> 296 | T43: =SUM(R43/S43) -> 0.4527027
B44: Wednesday | C44: PM | D44: =GETPIVOTDATA("Sum of PM FIELD",'Pivot Table'!$A$40,"DAY","Wed") -> 268 | E44: =SUM(96+76+100+84) -> 356 | F44: =SUM(D44/E44) -> 0.75280899 | I44: Wednesday | J44: PM | K44: =GETPIVOTDATA("Sum of PM FIELD",'Pivot Table'!$A$52,"DAY","Wed") -> 269 | L44: =SUM(100+88+72+88+48) -> 396 | M44: =SUM(K44/L44) -> 0.67929293 | P44: Wednesday | Q44: PM | R44: =GETPIVOTDATA("Sum of PM FIELD",'Pivot Table'!$A$64,"DAY","Wed") -> 244 | S44: =108+88+80+88 -> 364 | T44: =SUM(R44/S44) -> 0.67032967
B45: Total Occupancy | D45: =SUM(D42:D44) -> 517 | E45: =SUM(E42:E44) -> 728 | F45: =SUM(D45/E45) -> 0.71016484 | I45: Total Occupancy | K45: =SUM(K42:K44) -> 638 | L45: =SUM(L42:L44) -> 872 | M45: =SUM(K45/L45) -> 0.73165138 | P45: Total Occupancy | R45: =SUM(R42:R44) -> 378 | S45: 660 | T45: =SUM(R45/S45) -> 0.57272727
B47: Thursday | C47: AM | D47: =GETPIVOTDATA("Sum of AM FIELD",'Pivot Table'!$A$40,"DAY","Thu") -> 309 | E47: =SUM(88+80+80+72) -> 320 | F47: =SUM(D47/E47) -> 0.965625 | I47: Thursday | J47: AM | K47: =GETPIVOTDATA("Sum of AM FIELD",'Pivot Table'!$A$52,"DAY","Thu") -> 284 | L47: =SUM(80+80+80+80) -> 320 | M47: =SUM(K47/L47) -> 0.8875 | P47: Thursday | Q47: AM | R47: =GETPIVOTDATA("Sum of AM FIELD",'Pivot Table'!$A$64,"DAY","Thu") -> 341 | S47: =80+68+76+76+68 -> 368 | T47: =SUM(R47/S47) -> 0.92663043
B48: Thursday | C48: PM | D48: =GETPIVOTDATA("Sum of PM FIELD",'Pivot Table'!$A$40,"DAY","Thu") -> 332 | E48: =SUM(88+96+104+96) -> 384 | F48: =SUM(D48/E48) -> 0.86458333 | I48: Thursday | J48: PM | K48: =GETPIVOTDATA("Sum of PM FIELD",'Pivot Table'!$A$52,"DAY","Thu") -> 268 | L48: =SUM(96+96+96+96) -> 384 | M48: =SUM(K48/L48) -> 0.69791667 | P48: Thursday | Q48: PM | R48: =GETPIVOTDATA("Sum of PM FIELD",'Pivot Table'!$A$64,"DAY","Thu") -> 399 | S48: =96+96+96+88+88 -> 464 | T48: =SUM(R48/S48) -> 0.85991379
B49: Total Occupancy | D49: =SUM(D46:D48) -> 641 | E49: =SUM(E46:E48) -> 704 | F49: =SUM(D49/E49) -> 0.91051136 | I49: Total Occupancy | K49: =SUM(K46:K48) -> 552 | L49: =SUM(L46:L48) -> 704 | M49: =SUM(K49/L49) -> 0.78409091 | P49: Total Occupancy | R49: =SUM(R46:R48) -> 740 | S49: 840 | T49: =SUM(R49/S49) -> 0.88095238
B51: Friday | C51: AM | D51: =GETPIVOTDATA("Sum of AM FIELD",'Pivot Table'!$A$40,"DAY","Fri") -> 358 | E51: =SUM(104+108+80+108) -> 400 | F51: =SUM(D51/E51) -> 0.895 | I51: Friday | J51: AM | K51: =GETPIVOTDATA("Sum of AM FIELD",'Pivot Table'!$A$52,"DAY","Fri") -> 356 | L51: =SUM(108+108+80+80) -> 376 | M51: =SUM(K51/L51) -> 0.94680851 | P51: Friday | Q51: AM | R51: =GETPIVOTDATA("Sum of AM FIELD",'Pivot Table'!$A$64,"DAY","Fri") -> 372 | S51: =88+100+68+108+108 -> 472 | T51: =SUM(R51/S51) -> 0.78813559
B52: Friday | C52: PM | D52: =GETPIVOTDATA("Sum of PM FIELD",'Pivot Table'!$A$40,"DAY","Fri") -> 257 | E52: =SUM(72+88+56+84) -> 300 | F52: =SUM(D52/E52) -> 0.85666667 | I52: Friday | J52: PM | K52: =GETPIVOTDATA("Sum of PM FIELD",'Pivot Table'!$A$52,"DAY","Fri") -> 198 | L52: =SUM(72+88+80+88) -> 328 | M52: =SUM(K52/L52) -> 0.60365854 | P52: Friday | Q52: PM | R52: =GETPIVOTDATA("Sum of PM FIELD",'Pivot Table'!$A$64,"DAY","Fri") -> 328 | S52: =88+76+80+88+88 -> 420 | T52: =SUM(R52/S52) -> 0.78095238
B53: Total Occupancy | D53: =SUM(D50:D52) -> 615 | E53: =SUM(E50:E52) -> 700 | F53: =SUM(D53/E53) -> 0.87857143 | I53: Total Occupancy | K53: =SUM(K50:K52) -> 554 | L53: =SUM(L50:L52) -> 704 | M53: =SUM(K53/L53) -> 0.78693182 | P53: Total Occupancy | R53: =SUM(R50:R52) -> 700 | S53: 888 | T53: =SUM(R53/S53) -> 0.78828829
B55: Saturday | C55: AM | D55: =GETPIVOTDATA("Sum of AM FIELD",'Pivot Table'!$A$40,"DAY","Sat") -> 425 | E55: =SUM(92+92+104+104+68) -> 460 | F55: =SUM(D55/E55) -> 0.92391304 | I55: Saturday | J55: AM | K55: =GETPIVOTDATA("Sum of AM FIELD",'Pivot Table'!$A$52,"DAY","Sat") -> 312 | L55: =SUM(76+104+96+88) -> 364 | M55: =SUM(K55/L55) -> 0.85714286 | P55: Saturday | Q55: AM | R55: =GETPIVOTDATA("Sum of AM FIELD",'Pivot Table'!$A$64,"DAY","Sat") -> 304 | S55: =80+72+84+80 -> 316 | T55: =SUM(R55/S55) -> 0.96202532
B56: Saturday | C56: PM | D56: =GETPIVOTDATA("Sum of PM FIELD",'Pivot Table'!$A$40,"DAY","Sat") -> 222 | E56: =SUM(96+88+88+88+40) -> 400 | F56: =SUM(D56/E56) -> 0.555 | I56: Saturday | J56: PM | K56: =GETPIVOTDATA("Sum of PM FIELD",'Pivot Table'!$A$52,"DAY","Sat") -> 233 | L56: =SUM(92+88+88+52) -> 320 | M56: =SUM(K56/L56) -> 0.728125 | P56: Saturday | Q56: PM | R56: =GETPIVOTDATA("Sum of PM FIELD",'Pivot Table'!$A$64,"DAY","Sat") -> 220 | S56: =88+60+88+88 -> 324 | T56: =SUM(R56/S56) -> 0.67901235
B57: Total Occupancy | D57: =SUM(D54:D56) -> 647 | E57: =SUM(E55:E56) -> 860 | F57: =SUM(D57/E57) -> 0.75232558 | I57: Total Occupancy | K57: =SUM(K54:K56) -> 545 | L57: =SUM(L54:L56) -> 684 | M57: =SUM(K57/L57) -> 0.79678363 | P57: Total Occupancy | R57: =SUM(R54:R56) -> 524 | S57: 632 | T57: =SUM(R57/S57) -> 0.82911392
B59: Sunday | C59: AM | D59: =GETPIVOTDATA("Sum of AM FIELD",'Pivot Table'!$A$40,"DAY","Sun") -> 325 | E59: =SUM(104+104+40+56+104) -> 408 | F59: =SUM(D59/E59) -> 0.79656863 | I59: Sunday | J59: AM | K59: =GETPIVOTDATA("Sum of AM FIELD",'Pivot Table'!$A$52,"DAY","Sun") -> 302 | L59: =SUM(104+96+96+88) -> 384 | M59: =SUM(K59/L59) -> 0.78645833 | P59: Sunday | Q59: AM | R59: =GETPIVOTDATA("Sum of AM FIELD",'Pivot Table'!$A$64,"DAY","Sun") -> 331 | S59: =92+88+88+88 -> 356 | T59: =SUM(R59/S59) -> 0.92977528
B60: Sunday | C60: PM | D60: =GETPIVOTDATA("Sum of PM FIELD",'Pivot Table'!$A$40,"DAY","Sun") -> 355 | E60: =SUM(100+84+56+80+88) -> 408 | F60: =SUM(D60/E60) -> 0.87009804 | I60: Sunday | J60: PM | K60: =GETPIVOTDATA("Sum of PM FIELD",'Pivot Table'!$A$52,"DAY","Sun") -> 310 | L60: =SUM(96+88+88+80) -> 352 | M60: =SUM(K60/L60) -> 0.88068182 | P60: Sunday | Q60: PM | R60: =GETPIVOTDATA("Sum of PM FIELD",'Pivot Table'!$A$64,"DAY","Sun") -> 324 | S60: =88+88+88+80 -> 344 | T60: =SUM(R60/S60) -> 0.94186047
B61: Total Occupancy | D61: =SUM(D58:D60) -> 680 | E61: =SUM(E58:E60) -> 816 | F61: =SUM(D61/E61) -> 0.83333333 | I61: Total Occupancy | K61: =SUM(K58:K60) -> 612 | L61: =SUM(L58:L60) -> 736 | M61: =SUM(K61/L61) -> 0.83152174 | P61: Total Occupancy | R61: =SUM(R58:R60) -> 655 | S61: 712 | T61: =SUM(R61/S61) -> 0.91994382
B64: July | D64: Bookings | E64: Spots Available | F64: Occupancy | G64: Notes | I64: August | K64: Bookings | L64: Spots Available | M64: Occupancy | N64: Notes | P64: September | R64: Bookings | S64: Spots Available | T64: Occupancy | U64: Notes
B66: Monday | C66: AM | D66: =GETPIVOTDATA("Sum of AM FIELD",'Pivot Table'!$A$76,"DAY","Mon") -> 191 | E66: =SUM(0+60+88+76+88) -> 312 | F66: =SUM(D66/E66) -> 0.61217949 | I66: Monday | J66: AM | K66: =GETPIVOTDATA("Sum of AM FIELD",'Pivot Table'!$A$88,"DAY","Mon") -> 159 | L66: =SUM(88+88+0+88) -> 264 | M66: =SUM(K66/L66) -> 0.60227273 | P66: Monday | Q66: AM | R66: =GETPIVOTDATA("Sum of AM FIELD",'Pivot Table'!$A$100,"DAY","Mon") -> 144 | S66: =88+0+88+88 -> 264 | T66: =SUM(R66/S66) -> 0.54545455
B67: Monday | C67: PM | D67: =GETPIVOTDATA("Sum of PM FIELD",'Pivot Table'!$A$76,"DAY","Mon") -> 300 | E67: =SUM(80+96+80+80+80) -> 416 | F67: =SUM(D67/E67) -> 0.72115385 | I67: Monday | J67: PM | K67: =GETPIVOTDATA("Sum of PM FIELD",'Pivot Table'!$A$88,"DAY","Mon") -> 218 | L67: =SUM(80+80+80+80) -> 320 | M67: =SUM(K67/L67) -> 0.68125 | P67: Monday | Q67: PM | R67: =GETPIVOTDATA("Sum of PM FIELD",'Pivot Table'!$A$100,"DAY","Mon") -> 292 | S67: =84+80+80+80 -> 324 | T67: =SUM(R67/S67) -> 0.90123457
B68: Total Occupancy | D68: =SUM(D65:D67) -> 491 | E68: =SUM(E65:E67) -> 728 | F68: =SUM(D68/E68) -> 0.67445055 | I68: Total Occupancy | K68: =SUM(K65:K67) -> 377 | L68: =SUM(L65:L67) -> 584 | M68: =SUM(K68/L68) -> 0.64554795 | P68: Total Occupancy | R68: =SUM(R65:R67) -> 436 | S68: =SUM(S65:S67) -> 588 | T68: =SUM(R68/S68) -> 0.7414966
B70: Tuesday | C70: AM | D70: =GETPIVOTDATA("Sum of AM FIELD",'Pivot Table'!$A$76,"DAY","Tue") -> 299 | E70: =SUM(112+112+112+112) -> 448 | F70: =SUM(D70/E70) -> 0.66741071 | I70: Tuesday | J70: AM | K70: =GETPIVOTDATA("Sum of AM FIELD",'Pivot Table'!$A$88,"DAY","Tue") -> 405 | L70: =SUM(100+112+112+104+112) -> 540 | M70: =SUM(K70/L70) -> 0.75 | P70: Tuesday | Q70: AM | R70: =GETPIVOTDATA("Sum of AM FIELD",'Pivot Table'!$A$100,"DAY","Tue") -> 332 | S70: =84+112+112+112 -> 420 | T70: =SUM(R70/S70) -> 0.79047619
B71: Tuesday | C71: PM | D71: =GETPIVOTDATA("Sum of PM FIELD",'Pivot Table'!$A$76,"DAY","Tue") -> 89 | E71: =SUM(80+80+80+80) -> 320 | F71: =SUM(D71/E71) -> 0.278125 | I71: Tuesday | J71: PM | K71: =GETPIVOTDATA("Sum of PM FIELD",'Pivot Table'!$A$88,"DAY","Tue") -> 135 | L71: =SUM(48+80+80+80+80) -> 368 | M71: =SUM(K71/L71) -> 0.36684783 | P71: Tuesday | Q71: PM | R71: =GETPIVOTDATA("Sum of PM FIELD",'Pivot Table'!$A$100,"DAY","Tue") -> 97 | S71: =0+80+80+80 -> 240 | T71: =SUM(R71/S71) -> 0.40416667
B72: Total Occupancy | D72: =SUM(D69:D71) -> 388 | E72: =SUM(E69:E71) -> 768 | F72: =SUM(D72/E72) -> 0.50520833 | I72: Total Occupancy | K72: =SUM(K69:K71) -> 540 | L72: =SUM(L69:L71) -> 908 | M72: =SUM(K72/L72) -> 0.59471366 | P72: Total Occupancy | R72: =SUM(R69:R71) -> 429 | S72: =SUM(S69:S71) -> 660 | T72: =SUM(R72/S72) -> 0.65
B74: Wednesday | C74: AM | D74: =GETPIVOTDATA("Sum of AM FIELD",'Pivot Table'!$A$76,"DAY","Wed") -> 248 | E74: =SUM(92+108+56+108) -> 364 | F74: =SUM(D74/E74) -> 0.68131868 | I74: Wednesday | J74: AM | K74: =GETPIVOTDATA("Sum of AM FIELD",'Pivot Table'!$A$88,"DAY","Wed") -> 265 | L74: =SUM(108+92+80+112+52) -> 444 | M74: =SUM(K74/L74) -> 0.59684685 | P74: Wednesday | Q74: AM | R74: =GETPIVOTDATA("Sum of AM FIELD",'Pivot Table'!$A$100,"DAY","Wed") -> 301 | S74: =84+80+96+72 -> 332 | T74: =SUM(R74/S74) -> 0.90662651
B75: Wednesday | C75: PM | D75: =GETPIVOTDATA("Sum of PM FIELD",'Pivot Table'!$A$76,"DAY","Wed") -> 225 | E75: =SUM(96+88+74+88) -> 346 | F75: =SUM(D75/E75) -> 0.65028902 | I75: Wednesday | J75: PM | K75: =GETPIVOTDATA("Sum of PM FIELD",'Pivot Table'!$A$88,"DAY","Wed") -> 278 | L75: =SUM(88+104+82+104+128) -> 506 | M75: =SUM(K75/L75) -> 0.54940711 | P75: Wednesday | Q75: PM | R75: =GETPIVOTDATA("Sum of PM FIELD",'Pivot Table'!$A$100,"DAY","Wed") -> 242 | S75: =104+72+104+104 -> 384 | T75: =SUM(R75/S75) -> 0.63020833
B76: Total Occupancy | D76: =SUM(D73:D75) -> 473 | E76: =SUM(E73:E75) -> 710 | F76: =SUM(D76/E76) -> 0.66619718 | I76: Total Occupancy | K76: =SUM(K73:K75) -> 543 | L76: =SUM(L73:L75) -> 950 | M76: =SUM(K76/L76) -> 0.57157895 | P76: Total Occupancy | R76: =SUM(R73:R75) -> 543 | S76: =SUM(S73:S75) -> 716 | T76: =SUM(R76/S76) -> 0.75837989
B78: Thursday | C78: AM | D78: =GETPIVOTDATA("Sum of AM FIELD",'Pivot Table'!$A$76,"DAY","Thu") -> 282 | E78: =SUM(80+76+80+80) -> 316 | F78: =SUM(D78/E78) -> 0.89240506 | I78: Thursday | J78: AM | K78: =GETPIVOTDATA("Sum of AM FIELD",'Pivot Table'!$A$88,"DAY","Thu") -> 362 | L78: =SUM(80+80+80+76+80) -> 396 | M78: =SUM(K78/L78) -> 0.91414141 | P78: Thursday | Q78: AM | R78: =GETPIVOTDATA("Sum of AM FIELD",'Pivot Table'!$A$100,"DAY","Thu") -> 297 | S78: =80+80+80+76 -> 316 | T78: =SUM(R78/S78) -> 0.93987342
B79: Thursday | C79: PM | D79: =GETPIVOTDATA("Sum of PM FIELD",'Pivot Table'!$A$76,"DAY","Thu") -> 276 | E79: =SUM(96+96+96+96) -> 384 | F79: =SUM(D79/E79) -> 0.71875 | I79: Thursday | J79: PM | K79: =GETPIVOTDATA("Sum of PM FIELD",'Pivot Table'!$A$88,"DAY","Thu") -> 370 | L79: =SUM(96+96+96+96+96) -> 480 | M79: =SUM(K79/L79) -> 0.77083333 | P79: Thursday | Q79: PM | R79: =GETPIVOTDATA("Sum of PM FIELD",'Pivot Table'!$A$100,"DAY","Thu") -> 317 | S79: =96+96+96+96 -> 384 | T79: =SUM(R79/S79) -> 0.82552083
B80: Total Occupancy | D80: =SUM(D77:D79) -> 558 | E80: =SUM(E77:E79) -> 700 | F80: =SUM(D80/E80) -> 0.79714286 | I80: Total Occupancy | K80: =SUM(K77:K79) -> 732 | L80: =SUM(L77:L79) -> 876 | M80: =SUM(K80/L80) -> 0.83561644 | P80: Total Occupancy | R80: =SUM(R77:R79) -> 614 | S80: =SUM(S77:S79) -> 700 | T80: =SUM(R80/S80) -> 0.87714286
B82: Friday | C82: AM | D82: =GETPIVOTDATA("Sum of AM FIELD",'Pivot Table'!$A$76,"DAY","Fri") -> 339 | E82: =SUM(108+108+68+108) -> 392 | F82: =SUM(D82/E82) -> 0.86479592 | I82: Friday | J82: AM | K82: =GETPIVOTDATA("Sum of AM FIELD",'Pivot Table'!$A$88,"DAY","Fri") -> 310 | L82: =SUM(88+88+88+108) -> 372 | M82: =SUM(K82/L82) -> 0.83333333 | P82: Friday | Q82: AM | R82: =GETPIVOTDATA("Sum of AM FIELD",'Pivot Table'!$A$100,"DAY","Fri") -> 424 | S82: =104+104+104+104+104 -> 520 | T82: =SUM(R82/S82) -> 0.81538462
B83: Friday | C83: PM | D83: =GETPIVOTDATA("Sum of PM FIELD",'Pivot Table'!$A$76,"DAY","Fri") -> 260 | E83: =SUM(88+88+80+88) -> 344 | F83: =SUM(D83/E83) -> 0.75581395 | I83: Friday | J83: PM | K83: =GETPIVOTDATA("Sum of PM FIELD",'Pivot Table'!$A$88,"DAY","Fri") -> 250 | L83: =SUM(80+80+80+92) -> 332 | M83: =SUM(K83/L83) -> 0.75301205 | P83: Friday | Q83: PM | R83: =GETPIVOTDATA("Sum of PM FIELD",'Pivot Table'!$A$100,"DAY","Fri") -> 313 | S83: =92+88+88+88+92 -> 448 | T83: =SUM(R83/S83) -> 0.69866071
B84: Total Occupancy | D84: =SUM(D81:D83) -> 599 | E84: =SUM(E81:E83) -> 736 | F84: =SUM(D84/E84) -> 0.8138587 | I84: Total Occupancy | K84: =SUM(K81:K83) -> 560 | L84: =SUM(L81:L83) -> 704 | M84: =SUM(K84/L84) -> 0.79545455 | P84: Total Occupancy | R84: =SUM(R81:R83) -> 737 | S84: =SUM(S81:S83) -> 968 | T84: =SUM(R84/S84) -> 0.76136364
B86: Saturday | C86: AM | D86: =GETPIVOTDATA("Sum of AM FIELD",'Pivot Table'!$A$76,"DAY","Sat") -> 370 | E86: =SUM(88+68+68+76+84) -> 384 | F86: =SUM(D86/E86) -> 0.96354167 | I86: Saturday | J86: AM | K86: =GETPIVOTDATA("Sum of AM FIELD",'Pivot Table'!$A$88,"DAY","Sat") -> 307 | L86: =SUM(76+96+96+104) -> 372 | M86: =SUM(K86/L86) -> 0.82526882 | P86: Saturday | Q86: AM | R86: =GETPIVOTDATA("Sum of AM FIELD",'Pivot Table'!$A$100,"DAY","Sat") -> 409 | S86: =104+92+96+96+88 -> 476 | T86: =SUM(R86/S86) -> 0.8592437
B87: Saturday | C87: PM | D87: =GETPIVOTDATA("Sum of PM FIELD",'Pivot Table'!$A$76,"DAY","Sat") -> 272 | E87: =SUM(76+88+88+88+88) -> 428 | F87: =SUM(D87/E87) -> 0.63551402 | I87: Saturday | J87: PM | K87: =GETPIVOTDATA("Sum of PM FIELD",'Pivot Table'!$A$88,"DAY","Sat") -> 225 | L87: =SUM(88+88+88+88) -> 352 | M87: =SUM(K87/L87) -> 0.63920455 | P87: Saturday | Q87: PM | R87: =GETPIVOTDATA("Sum of PM FIELD",'Pivot Table'!$A$100,"DAY","Sat") -> 252 | S87: =76+92+96+64+88 -> 416 | T87: =SUM(R87/S87) -> 0.60576923
B88: Total Occupancy | D88: =SUM(D85:D87) -> 642 | E88: =SUM(E85:E87) -> 812 | F88: =SUM(D88/E88) -> 0.79064039 | I88: Total Occupancy | K88: =SUM(K85:K87) -> 532 | L88: =SUM(L85:L87) -> 724 | M88: =SUM(K88/L88) -> 0.73480663 | P88: Total Occupancy | R88: =SUM(R85:R87) -> 661 | S88: =SUM(S85:S87) -> 892 | T88: =SUM(R88/S88) -> 0.74103139
B90: Sunday | C90: AM | D90: =GETPIVOTDATA("Sum of AM FIELD",'Pivot Table'!$A$76,"DAY","Sun") -> 431 | E90: =SUM(88+88+92+96+88) -> 452 | F90: =SUM(D90/E90) -> 0.95353982 | I90: Sunday | J90: AM | K90: =GETPIVOTDATA("Sum of AM FIELD",'Pivot Table'!$A$88,"DAY","Sun") -> 358 | L90: =SUM(96+96+96+104) -> 392 | M90: =SUM(K90/L90) -> 0.91326531 | P90: Sunday | Q90: AM | R90: =GETPIVOTDATA("Sum of AM FIELD",'Pivot Table'!$A$100,"DAY","Sun") -> 330 | S90: =104+104+104+104 -> 416 | T90: =SUM(R90/S90) -> 0.79326923
B91: Sunday | C91: PM | D91: =GETPIVOTDATA("Sum of PM FIELD",'Pivot Table'!$A$76,"DAY","Sun") -> 402 | E91: =SUM(84+88+92+92+96) -> 452 | F91: =SUM(D91/E91) -> 0.88938053 | I91: Sunday | J91: PM | K91: =GETPIVOTDATA("Sum of PM FIELD",'Pivot Table'!$A$88,"DAY","Sun") -> 350 | L91: =SUM(104+92+92+104) -> 392 | M91: =SUM(K91/L91) -> 0.89285714 | P91: Sunday | Q91: PM | R91: =GETPIVOTDATA("Sum of PM FIELD",'Pivot Table'!$A$100,"DAY","Sun") -> 313 | S91: =88+88+88+88 -> 352 | T91: =SUM(R91/S91) -> 0.88920455
B92: Total Occupancy | D92: =SUM(D89:D91) -> 833 | E92: =SUM(E89:E91) -> 904 | F92: =SUM(D92/E92) -> 0.92146018 | I92: Total Occupancy | K92: =SUM(K89:K91) -> 708 | L92: =SUM(L89:L91) -> 784 | M92: =SUM(K92/L92) -> 0.90306122 | P92: Total Occupancy | R92: =SUM(R89:R91) -> 643 | S92: =SUM(S89:S91) -> 768 | T92: =SUM(R92/S92) -> 0.83723958
B95: October | D95: Bookings | E95: Spots Available | F95: Occupancy | G95: Notes | I95: November | K95: Bookings | L95: Spots Available | M95: Occupancy | N95: Notes | P95: December | R95: Bookings | S95: Spots Available | T95: Occupancy | U95: Notes
B97: Monday | C97: AM | D97: =GETPIVOTDATA("Sum of AM FIELD",'Pivot Table'!$A$112,"DAY","Mon") -> 200 | E97: =88+90+88+0+88 -> 354 | F97: =SUM(D97/E97) -> 0.56497175 | I97: Monday | J97: AM | K97: =GETPIVOTDATA("Sum of AM FIELD",'Pivot Table'!$A$124,"DAY","Mon") -> 152 | L97: =88+0+88+88 -> 264 | M97: =SUM(K97/L97) -> 0.57575758 | P97: Monday | Q97: AM | R97: =GETPIVOTDATA("Sum of AM FIELD",'Pivot Table'!$A$136,"DAY","Mon") -> 56 | S97: =SUM(60+0+0+0) -> 60 | T97: =SUM(R97/S97) -> 0.93333333
B98: Monday | C98: PM | D98: =GETPIVOTDATA("Sum of PM FIELD",'Pivot Table'!$A$112,"DAY","Mon") -> 306 | E98: =80+104+80+80+80 -> 424 | F98: =SUM(D98/E98) -> 0.72169811 | I98: Monday | J98: PM | K98: =GETPIVOTDATA("Sum of PM FIELD",'Pivot Table'!$A$124,"DAY","Mon") -> 309 | L98: =88+88+80+80 -> 336 | M98: =SUM(K98/L98) -> 0.91964286 | P98: Monday | Q98: PM | R98: =GETPIVOTDATA("Sum of PM FIELD",'Pivot Table'!$A$136,"DAY","Mon") -> 70 | S98: =SUM(104+0+0+0) -> 104 | T98: =SUM(R98/S98) -> 0.67307692
B99: Total Occupancy | D99: =SUM(D96:D98) -> 506 | E99: =SUM(E96:E98) -> 778 | F99: =SUM(D99/E99) -> 0.6503856 | I99: Total Occupancy | K99: =SUM(K96:K98) -> 461 | L99: =SUM(L96:L98) -> 600 | M99: =SUM(K99/L99) -> 0.76833333 | P99: Total Occupancy | R99: =SUM(R96:R98) -> 126 | S99: =SUM(S96:S98) -> 164 | T99: =SUM(R99/S99) -> 0.76829268
B101: Tuesday | C101: AM | D101: =GETPIVOTDATA("Sum of AM FIELD",'Pivot Table'!$A$112,"DAY","Tue") -> 456 | E101: =112+112+112+104+112 -> 552 | F101: =SUM(D101/E101) -> 0.82608696 | I101: Tuesday | J101: AM | K101: =GETPIVOTDATA("Sum of AM FIELD",'Pivot Table'!$A$124,"DAY","Tue") -> 424 | L101: =104+112+112+152 -> 480 | M101: =SUM(K101/L101) -> 0.88333333 | P101: Tuesday | Q101: AM | R101: =GETPIVOTDATA("Sum of AM FIELD",'Pivot Table'!$A$136,"DAY","Tue") -> 270 | S101: =SUM(112+112+0+104) -> 328 | T101: =SUM(R101/S101) -> 0.82317073
B102: Tuesday | C102: PM | D102: =GETPIVOTDATA("Sum of PM FIELD",'Pivot Table'!$A$112,"DAY","Tue") -> 164 | E102: =80+80+80+40+80 -> 360 | F102: =SUM(D102/E102) -> 0.45555556 | I102: Tuesday | J102: PM | K102: =GETPIVOTDATA("Sum of PM FIELD",'Pivot Table'!$A$124,"DAY","Tue") -> 108 | L102: =88+80+80+0 -> 248 | M102: =SUM(K102/L102) -> 0.43548387 | P102: Tuesday | Q102: PM | R102: =GETPIVOTDATA("Sum of PM FIELD",'Pivot Table'!$A$136,"DAY","Tue") -> 69 | S102: =SUM(80+80+0+96) -> 256 | T102: =SUM(R102/S102) -> 0.26953125
B103: Total Occupancy | D103: =SUM(D100:D102) -> 620 | E103: =SUM(E100:E102) -> 912 | F103: =SUM(D103/E103) -> 0.67982456 | I103: Total Occupancy | K103: =SUM(K100:K102) -> 532 | L103: =SUM(L100:L102) -> 728 | M103: =SUM(K103/L103) -> 0.73076923 | P103: Total Occupancy | R103: =SUM(R100:R102) -> 339 | S103: =SUM(S100:S102) -> 584 | T103: =SUM(R103/S103) -> 0.58047945
B105: Wednesday | C105: AM | D105: =GETPIVOTDATA("Sum of AM FIELD",'Pivot Table'!$A$112,"DAY","Wed") -> 259 | E105: =108+92+84+108 -> 392 | F105: =SUM(D105/E105) -> 0.66071429 | I105: Wednesday | J105: AM | K105: =GETPIVOTDATA("Sum of AM FIELD",'Pivot Table'!$A$124,"DAY","Wed") -> 309 | L105: =92+84+108+92+108 -> 484 | M105: =SUM(K105/L105) -> 0.63842975 | P105: Wednesday | Q105: AM | R105: =GETPIVOTDATA("Sum of AM FIELD",'Pivot Table'!$A$136,"DAY","Wed") -> 196 | S105: =SUM(80+112+0+108) -> 300 | T105: =SUM(R105/S105) -> 0.65333333
B106: Wednesday | C106: PM | D106: =GETPIVOTDATA("Sum of PM FIELD",'Pivot Table'!$A$112,"DAY","Wed") -> 229 | E106: =88+104+104+88 -> 384 | F106: =SUM(D106/E106) -> 0.59635417 | I106: Wednesday | J106: PM | K106: =GETPIVOTDATA("Sum of PM FIELD",'Pivot Table'!$A$124,"DAY","Wed") -> 328 | L106: =104+92+88+104+88 -> 476 | M106: =SUM(K106/L106) -> 0.68907563 | P106: Wednesday | Q106: PM | R106: =GETPIVOTDATA("Sum of PM FIELD",'Pivot Table'!$A$136,"DAY","Wed") -> 198 | S106: =SUM(88+88+0+92) -> 268 | T106: =SUM(R106/S106) -> 0.73880597
B107: Total Occupancy | D107: =SUM(D104:D106) -> 488 | E107: =SUM(E104:E106) -> 776 | F107: =SUM(D107/E107) -> 0.62886598 | I107: Total Occupancy | K107: =SUM(K104:K106) -> 637 | L107: =SUM(L104:L106) -> 960 | M107: =SUM(K107/L107) -> 0.66354167 | P107: Total Occupancy | R107: =SUM(R104:R106) -> 394 | S107: =SUM(S104:S106) -> 568 | T107: =SUM(R107/S107) -> 0.69366197
B109: Thursday | C109: AM | D109: =GETPIVOTDATA("Sum of AM FIELD",'Pivot Table'!$A$112,"DAY","Thu") -> 266 | E109: =88+80+88+88 -> 344 | F109: =SUM(D109/E109) -> 0.77325581 | I109: Thursday | J109: AM | K109: =GETPIVOTDATA("Sum of AM FIELD",'Pivot Table'!$A$124,"DAY","Thu") -> 397 | L109: =88+88+96+88+88 -> 448 | M109: =SUM(K109/L109) -> 0.88616071 | P109: Thursday | Q109: AM | R109: =GETPIVOTDATA("Sum of AM FIELD",'Pivot Table'!$A$136,"DAY","Thu") -> 335 | S109: =SUM(92+88+88+88) -> 356 | T109: =SUM(R109/S109) -> 0.94101124
B110: Thursday | C110: PM | D110: =GETPIVOTDATA("Sum of PM FIELD",'Pivot Table'!$A$112,"DAY","Thu") -> 244 | E110: =80+88+88+88 -> 344 | F110: =SUM(D110/E110) -> 0.70930233 | I110: Thursday | J110: PM | K110: =GETPIVOTDATA("Sum of PM FIELD",'Pivot Table'!$A$124,"DAY","Thu") -> 338 | L110: =88+88+88+88+88 -> 440 | M110: =SUM(K110/L110) -> 0.76818182 | P110: Thursday | Q110: PM | R110: =GETPIVOTDATA("Sum of PM FIELD",'Pivot Table'!$A$136,"DAY","Thu") -> 286 | S110: =SUM(96+96+96+72) -> 360 | T110: =SUM(R110/S110) -> 0.79444444
B111: Total Occupancy | D111: =SUM(D108:D110) -> 510 | E111: =SUM(E108:E110) -> 688 | F111: =SUM(D111/E111) -> 0.74127907 | I111: Total Occupancy | K111: =SUM(K108:K110) -> 735 | L111: =SUM(L108:L110) -> 888 | M111: =SUM(K111/L111) -> 0.8277027 | P111: Total Occupancy | R111: =SUM(R108:R110) -> 621 | S111: =SUM(S108:S110) -> 716 | T111: =SUM(R111/S111) -> 0.86731844
B113: Friday | C113: AM | D113: =GETPIVOTDATA("Sum of AM FIELD",'Pivot Table'!$A$112,"DAY","Fri") -> 358 | E113: =108+108+88+108 -> 412 | F113: =SUM(D113/E113) -> 0.86893204 | I113: Friday | J113: AM | K113: =GETPIVOTDATA("Sum of AM FIELD",'Pivot Table'!$A$124,"DAY","Fri") -> 355 | L113: =108+108+88+88 -> 392 | M113: =SUM(K113/L113) -> 0.90561224 | P113: Friday | Q113: AM | R113: =GETPIVOTDATA("Sum of AM FIELD",'Pivot Table'!$A$136,"DAY","Fri") -> 485 | S113: =SUM(96+112+144+108+108) -> 568 | T113: =SUM(R113/S113) -> 0.85387324
B114: Friday | C114: PM | D114: =GETPIVOTDATA("Sum of PM FIELD",'Pivot Table'!$A$112,"DAY","Fri") -> 304 | E114: =88+88+88+88 -> 352 | F114: =SUM(D114/E114) -> 0.86363636 | I114: Friday | J114: PM | K114: =GETPIVOTDATA("Sum of PM FIELD",'Pivot Table'!$A$124,"DAY","Fri") -> 367 | L114: =88+88+92+144 -> 412 | M114: =SUM(K114/L114) -> 0.8907767 | P114: Friday | Q114: PM | R114: =GETPIVOTDATA("Sum of PM FIELD",'Pivot Table'!$A$136,"DAY","Fri") -> 416 | S114: =SUM(140+84+68+88+88) -> 468 | T114: =SUM(R114/S114) -> 0.88888889
B115: Total Occupancy | D115: =SUM(D112:D114) -> 662 | E115: =SUM(E112:E114) -> 764 | F115: =SUM(D115/E115) -> 0.86649215 | I115: Total Occupancy | K115: =SUM(K112:K114) -> 722 | L115: =SUM(L112:L114) -> 804 | M115: =SUM(K115/L115) -> 0.89800995 | P115: Total Occupancy | R115: =SUM(R112:R114) -> 901 | S115: =SUM(S112:S114) -> 1036 | T115: =SUM(R115/S115) -> 0.86969112
B117: Saturday | C117: AM | D117: =GETPIVOTDATA("Sum of AM FIELD",'Pivot Table'!$A$112,"DAY","Sat") -> 305 | E117: =96+96+68+104 -> 364 | F117: =SUM(D117/E117) -> 0.83791209 | I117: Saturday | J117: AM | K117: =GETPIVOTDATA("Sum of AM FIELD",'Pivot Table'!$A$124,"DAY","Sat") -> 368 | L117: =96+104+104+104 -> 408 | M117: =SUM(K117/L117) -> 0.90196078 | P117: Saturday | Q117: AM | R117: =GETPIVOTDATA("Sum of AM FIELD",'Pivot Table'!$A$136,"DAY","Sat") -> 420 | S117: =SUM(104+104+104+104+104) -> 520 | T117: =SUM(R117/S117) -> 0.80769231
B118: Saturday | C118: PM | D118: =GETPIVOTDATA("Sum of PM FIELD",'Pivot Table'!$A$112,"DAY","Sat") -> 284 | E118: =88+64+88+88 -> 328 | F118: =SUM(D118/E118) -> 0.86585366 | I118: Saturday | J118: PM | K118: =GETPIVOTDATA("Sum of PM FIELD",'Pivot Table'!$A$124,"DAY","Sat") -> 233 | L118: =88+88+88+88 -> 352 | M118: =SUM(K118/L118) -> 0.66193182 | P118: Saturday | Q118: PM | R118: =GETPIVOTDATA("Sum of PM FIELD",'Pivot Table'!$A$136,"DAY","Sat") -> 245 | S118: =SUM(88+88+88+88+88) -> 440 | T118: =SUM(R118/S118) -> 0.55681818
B119: Total Occupancy | D119: =SUM(D116:D118) -> 589 | E119: =SUM(E116:E118) -> 692 | F119: =SUM(D119/E119) -> 0.85115607 | I119: Total Occupancy | K119: =SUM(K116:K118) -> 601 | L119: =SUM(L116:L118) -> 760 | M119: =SUM(K119/L119) -> 0.79078947 | P119: Total Occupancy | R119: =SUM(R116:R118) -> 665 | S119: =SUM(S116:S118) -> 960 | T119: =SUM(R119/S119) -> 0.69270833
B121: Sunday | C121: AM | D121: =GETPIVOTDATA("Sum of AM FIELD",'Pivot Table'!$A$112,"DAY","Sun") -> 303 | E121: =104+96+32+8+104 -> 344 | F121: =SUM(D121/E121) -> 0.88081395 | I121: Sunday | J121: AM | K121: =GETPIVOTDATA("Sum of AM FIELD",'Pivot Table'!$A$124,"DAY","Sun") -> 381 | L121: =104+104+104+104 -> 416 | M121: =SUM(K121/L121) -> 0.91586538 | P121: Sunday | Q121: AM | R121: =GETPIVOTDATA("Sum of AM FIELD",'Pivot Table'!$A$136,"DAY","Sun") -> 508 | S121: =SUM(104+120+104+104+104) -> 536 | T121: =SUM(R121/S121) -> 0.94776119
B122: Sunday | C122: PM | D122: =GETPIVOTDATA("Sum of PM FIELD",'Pivot Table'!$A$112,"DAY","Sun") -> 352 | E122: =88+88+124+0+96 -> 396 | F122: =SUM(D122/E122) -> 0.88888889 | I122: Sunday | J122: PM | K122: =GETPIVOTDATA("Sum of PM FIELD",'Pivot Table'!$A$124,"DAY","Sun") -> 348 | L122: =92+92+96+88 -> 368 | M122: =SUM(K122/L122) -> 0.94565217 | P122: Sunday | Q122: PM | R122: =GETPIVOTDATA("Sum of PM FIELD",'Pivot Table'!$A$136,"DAY","Sun") -> 358 | S122: =SUM(108+36+96+96+96) -> 432 | T122: =SUM(R122/S122) -> 0.8287037
B123: Total Occupancy | D123: =SUM(D120:D122) -> 655 | E123: =SUM(E120:E122) -> 740 | F123: =SUM(D123/E123) -> 0.88513514 | I123: Total Occupancy | K123: =SUM(K120:K122) -> 729 | L123: =SUM(L120:L122) -> 784 | M123: =SUM(K123/L123) -> 0.92984694 | P123: Total Occupancy | R123: =SUM(R120:R122) -> 866 | S123: =SUM(S120:S122) -> 968 | T123: =SUM(R123/S123) -> 0.8946281

Sheet Occupancy Report Summarised
B2: 2023 Totals (By Day) | D2: Bookings | E2: Spots Available | F2: Occupancy | G2: Notes | J2: 2023 Totals (By Month) | L2: Bookings | M2: Spots Available | N2: Occupancy | O2: Notes
B4: Monday | C4: AM | D4: ='Occupancy Report'!D4+'Occupancy Report'!K4+'Occupancy Report'!R4+'Occupancy Report'!D35+'Occupancy Report'!K35+'Occupancy Report'!R35+'Occupancy Report'!D66+'Occupancy Report'!K66+'Occupancy Report'!R66+'Occupancy Report'!D97+'Occupancy Report'!K97+'Occupancy Report'!R97 -> 2343 | E4: ='Occupancy Report'!E4+'Occupancy Report'!L4+'Occupancy Report'!S4+'Occupancy Report'!S35+'Occupancy Report'!L35+'Occupancy Report'!E35+'Occupancy Report'!E66+'Occupancy Report'!L66+'Occupancy Report'!S66+'Occupancy Report'!S97+'Occupancy Report'!L97+'Occupancy Report'!E97 -> 3466 | F4: =SUM(D4/E4) -> 0.67599538 | J4: January | K4: AM | L4: ='Occupancy Report'!D4+'Occupancy Report'!D8+'Occupancy Report'!D12+'Occupancy Report'!D16+'Occupancy Report'!D20+'Occupancy Report'!D24+'Occupancy Report'!D28 -> 2614 | M4: ='Occupancy Report'!E4+'Occupancy Report'!E8+'Occupancy Report'!E12+'Occupancy Report'!E16+'Occupancy Report'!E20+'Occupancy Report'!E24+'Occupancy Report'!E28 -> 3320 | N4: =SUM(L4/M4) -> 0.7873494
B5: Monday | C5: PM | D5: ='Occupancy Report'!D5+'Occupancy Report'!L5+'Occupancy Report'!R5+'Occupancy Report'!R36+'Occupancy Report'!K36+'Occupancy Report'!D36+'Occupancy Report'!D67+'Occupancy Report'!K67+'Occupancy Report'!R67+'Occupancy Report'!R98+'Occupancy Report'!K98+'Occupancy Report'!D98 -> 3329 | E5: ='Occupancy Report'!E5+'Occupancy Report'!L5+'Occupancy Report'!S4+'Occupancy Report'!S36+'Occupancy Report'!L36+'Occupancy Report'!E36+'Occupancy Report'!E67+'Occupancy Report'!L67+'Occupancy Report'!S67+'Occupancy Report'!S98+'Occupancy Report'!L98+'Occupancy Report'!E98 -> 4104 | F5: =SUM(D5/E5) -> 0.81115984 | J5: January | K5: PM | L5: ='Occupancy Report'!D5+'Occupancy Report'!D9+'Occupancy Report'!D13+'Occupancy Report'!D17+'Occupancy Report'!D21+'Occupancy Report'!D25+'Occupancy Report'!D29 -> 1773 | M5: ='Occupancy Report'!E5+'Occupancy Report'!E9+'Occupancy Report'!E13+'Occupancy Report'!E17+'Occupancy Report'!E21+'Occupancy Report'!E25+'Occupancy Report'!E29 -> 2804 | N5: =SUM(L5/M5) -> 0.63231098
B6: Total Monday Occupancy | D6: =SUM(D4:D5) -> 5672 | E6: =SUM(E4:E5) -> 7570 | F6: =SUM(D6/E6) -> 0.74927345 | J6: Total January Occupancy | L6: =SUM(L4:L5) -> 4387 | M6: =SUM(M4:M5) -> 6124 | N6: =SUM(L6/M6) -> 0.71636185
B8: Tuesday | C8: AM | D8: ='Occupancy Report'!D8+'Occupancy Report'!K8+'Occupancy Report'!R8+'Occupancy Report'!R39+'Occupancy Report'!K39+'Occupancy Report'!D39+'Occupancy Report'!D70+'Occupancy Report'!K70+'Occupancy Report'!R70+'Occupancy Report'!R101+'Occupancy Report'!L101+'Occupancy Report'!D101 -> 4480 | E8: ='Occupancy Report'!E8+'Occupancy Report'!L8+'Occupancy Report'!S8+'Occupancy Report'!S39+'Occupancy Report'!L39+'Occupancy Report'!E39+'Occupancy Report'!E70+'Occupancy Report'!L70+'Occupancy Report'!S70+'Occupancy Report'!S101+'Occupancy Report'!L101+'Occupancy Report'!E101 -> 5644 | F8: =SUM(D8/E8) -> 0.79376329 | J8: February | K8: AM | L8: ='Occupancy Report'!K4+'Occupancy Report'!K8+'Occupancy Report'!K12+'Occupancy Report'!K16+'Occupancy Report'!K20+'Occupancy Report'!K24+'Occupancy Report'!K28 -> 2290 | M8: ='Occupancy Report'!L4+'Occupancy Report'!L8+'Occupancy Report'!L12+'Occupancy Report'!L16+'Occupancy Report'!L20+'Occupancy Report'!L24+'Occupancy Report'!L28 -> 2744 | N8: =SUM(L8/M8) -> 0.8345481
B9: Tuesday | C9: PM | D9: ='Occupancy Report'!D9+'Occupancy Report'!K9+'Occupancy Report'!R9+'Occupancy Report'!R40+'Occupancy Report'!K40+'Occupancy Report'!D40+'Occupancy Report'!D71+'Occupancy Report'!K71+'Occupancy Report'!R71+'Occupancy Report'!R102+'Occupancy Report'!L102+'Occupancy Report'!D102 -> 1670 | E9: ='Occupancy Report'!E9+'Occupancy Report'!L9+'Occupancy Report'!S9+'Occupancy Report'!S40+'Occupancy Report'!L40+'Occupancy Report'!E40+'Occupancy Report'!E71+'Occupancy Report'!L71+'Occupancy Report'!S71+'Occupancy Report'!S102+'Occupancy Report'!L102+'Occupancy Report'!E102 -> 3720 | F9: =SUM(D9/E9) -> 0.44892473 | J9: February | K9: PM | L9: ='Occupancy Report'!K5+'Occupancy Report'!K9+'Occupancy Report'!K13+'Occupancy Report'!K17+'Occupancy Report'!K21+'Occupancy Report'!K25+'Occupancy Report'!K29 -> 1998 | M9: ='Occupancy Report'!L5+'Occupancy Report'!L9+'Occupancy Report'!L13+'Occupancy Report'!L17+'Occupancy Report'!L21+'Occupancy Report'!L25+'Occupancy Report'!L29 -> 2680 | N9: =SUM(L9/M9) -> 0.74552239
B10: Total Tuesday Occupancy | D10: =SUM(D8:D9) -> 6150 | E10: =SUM(E8:E9) -> 9364 | F10: =SUM(D10/E10) -> 0.65677061 | J10: Total February Occupancy | L10: =SUM(L8:L9) -> 4288 | M10: =SUM(M8:M9) -> 5424 | N10: =SUM(L10/M10) -> 0.79056047
B12: Wednesday | C12: AM | D12: ='Occupancy Report'!D12+'Occupancy Report'!K12+'Occupancy Report'!R12+'Occupancy Report'!R43+'Occupancy Report'!K43+'Occupancy Report'!D43+'Occupancy Report'!D74+'Occupancy Report'!K74+'Occupancy Report'!R74+'Occupancy Report'!R105+'Occupancy Report'!L105+'Occupancy Report'!D105 -> 3429 | E12: ='Occupancy Report'!E12+'Occupancy Report'!L12+'Occupancy Report'!S12+'Occupancy Report'!S43+'Occupancy Report'!L43+'Occupancy Report'!E43+'Occupancy Report'!E74+'Occupancy Report'!L74+'Occupancy Report'!S74+'Occupancy Report'!S105+'Occupancy Report'!L105+'Occupancy Report'!E105 -> 4848 | F12: =SUM(D12/E12) -> 0.70730198 | J12: March | K12: AM | L12: =GETPIVOTDATA("Sum of AM FIELD",'Pivot Table'!$A$28) -> 2333 | M12: ='Occupancy Report'!S4+'Occupancy Report'!S8+'Occupancy Report'!S12+'Occupancy Report'!S16+'Occupancy Report'!S20+'Occupancy Report'!S24+'Occupancy Report'!S28 -> 2796 | N12: =SUM(L12/M12) -> 0.83440629
B13: Wednesday | C13: PM | D13: ='Occupancy Report'!D13+'Occupancy Report'!K13+'Occupancy Report'!R13+'Occupancy Report'!R44+'Occupancy Report'!K44+'Occupancy Report'!D44+'Occupancy Report'!D75+'Occupancy Report'!K75+'Occupancy Report'!R75+'Occupancy Report'!R106+'Occupancy Report'!L106+'Occupancy Report'!D106 -> 3400 | E13: ='Occupancy Report'!E13+'Occupancy Report'!L13+'Occupancy Report'!S13+'Occupancy Report'!S44+'Occupancy Report'!L44+'Occupancy Report'!E44+'Occupancy Report'!E75+'Occupancy Report'!L75+'Occupancy Report'!S75+'Occupancy Report'!S106+'Occupancy Report'!L106+'Occupancy Report'!E106 -> 4822 | F13: =SUM(D13/E13) -> 0.70510162 | J13: March | K13: PM | L13: =GETPIVOTDATA("Sum of PM FIELD",'Pivot Table'!$A$28) -> 2302 | M13: ='Occupancy Report'!S5+'Occupancy Report'!S9+'Occupancy Report'!S13+'Occupancy Report'!S17+'Occupancy Report'!S21+'Occupancy Report'!S25+'Occupancy Report'!S29 -> 2934 | N13: =SUM(L13/M13) -> 0.78459441
B14: Total Wednesday Occupancy | D14: =SUM(D12:D13) -> 6829 | E14: =SUM(E12:E13) -> 9670 | F14: =SUM(D14/E14) -> 0.70620476 | J14: Total March Occupancy | L14: =SUM(L12:L13) -> 4635 | M14: =SUM(M12:M13) -> 5730 | N14: =SUM(L14/M14) -> 0.80890052
B16: Thursday | C16: AM | D16: ='Occupancy Report'!D16+'Occupancy Report'!K16+'Occupancy Report'!R16+'Occupancy Report'!R47+'Occupancy Report'!K47+'Occupancy Report'!D47+'Occupancy Report'!D78+'Occupancy Report'!K78+'Occupancy Report'!R78+'Occupancy Report'!R109+'Occupancy Report'!L109+'Occupancy Report'!D109 -> 3913 | E16: ='Occupancy Report'!E16+'Occupancy Report'!L16+'Occupancy Report'!S16+'Occupancy Report'!S47+'Occupancy Report'!L47+'Occupancy Report'!E47+'Occupancy Report'!E78+'Occupancy Report'!L78+'Occupancy Report'!S78+'Occupancy Report'!S109+'Occupancy Report'!L109+'Occupancy Report'!E109 -> 4300 | F16: =SUM(D16/E16) -> 0.91 | J16: April | K16: AM | L16: =GETPIVOTDATA("Sum of AM FIELD",'Pivot Table'!$A$40) -> 2263 | M16: ='Occupancy Report'!E35+'Occupancy Report'!E39+'Occupancy Report'!E43+'Occupancy Report'!E47+'Occupancy Report'!E51+'Occupancy Report'!E55+'Occupancy Report'!E59 -> 2676 | N16: =SUM(L16/M16) -> 0.84566517
B17: Thursday | C17: PM | D17: ='Occupancy Report'!D17+'Occupancy Report'!K17+'Occupancy Report'!R17+'Occupancy Report'!R48+'Occupancy Report'!K48+'Occupancy Report'!D48+'Occupancy Report'!D79+'Occupancy Report'!K79+'Occupancy Report'!R79+'Occupancy Report'!R110+'Occupancy Report'!L110+'Occupancy Report'!D110 -> 3913 | E17: ='Occupancy Report'!E17+'Occupancy Report'!L17+'Occupancy Report'!S17+'Occupancy Report'!S48+'Occupancy Report'!L48+'Occupancy Report'!E48+'Occupancy Report'!E79+'Occupancy Report'!L79+'Occupancy Report'!S79+'Occupancy Report'!S110+'Occupancy Report'!L110+'Occupancy Report'!E110 -> 4776 | F17: =SUM(D17/E17) -> 0.81930486 | J17: April | K17: PM | L17: =GETPIVOTDATA("Sum of PM FIELD",'Pivot Table'!$A$40) -> 1923 | M17: ='Occupancy Report'!E36+'Occupancy Report'!E40+'Occupancy Report'!E44+'Occupancy Report'!E48+'Occupancy Report'!E52+'Occupancy Report'!E56+'Occupancy Report'!E60 -> 2512 | N17: =SUM(L17/M17) -> 0.76552548
B18: Total Thursday Occupancy | D18: =SUM(D16:D17) -> 7826 | E18: =SUM(E16:E17) -> 9076 | F18: =SUM(D18/E18) -> 0.86227413 | J18: Total April Occupancy | L18: =SUM(L16:L17) -> 4186 | M18: =SUM(M16:M17) -> 5188 | N18: =SUM(L18/M18) -> 0.80686199
B20: Friday | C20: AM | D20: ='Occupancy Report'!D20+'Occupancy Report'!K20+'Occupancy Report'!R20+'Occupancy Report'!R51+'Occupancy Report'!K51+'Occupancy Report'!D51+'Occupancy Report'!D82+'Occupancy Report'!K82+'Occupancy Report'!R82+'Occupancy Report'!R113+'Occupancy Report'!L113+'Occupancy Report'!D113 -> 4523 | E20: ='Occupancy Report'!E20+'Occupancy Report'!L20+'Occupancy Report'!S20+'Occupancy Report'!S51+'Occupancy Report'!L51+'Occupancy Report'!E51+'Occupancy Report'!E82+'Occupancy Report'!L82+'Occupancy Report'!S82+'Occupancy Report'!S113+'Occupancy Report'!L113+'Occupancy Report'!E113 -> 5200 | F20: =SUM(D20/E20) -> 0.86980769 | J20: May | K20: AM | L20: =GETPIVOTDATA("Sum of AM FIELD",'Pivot Table'!$A$52) -> 2308 | M20: ='Occupancy Report'!L35+'Occupancy Report'!L39+'Occupancy Report'!L43+'Occupancy Report'!L47+'Occupancy Report'!L51+'Occupancy Report'!L55+'Occupancy Report'!L59 -> 2768 | N20: =SUM(L20/M20) -> 0.83381503
B21: Friday | C21: PM | D21: ='Occupancy Report'!D21+'Occupancy Report'!K21+'Occupancy Report'!R21+'Occupancy Report'!R52+'Occupancy Report'!K52+'Occupancy Report'!D52+'Occupancy Report'!D83+'Occupancy Report'!K83+'Occupancy Report'!R83+'Occupancy Report'!R114+'Occupancy Report'!L114+'Occupancy Report'!D114 -> 3891 | E21: ='Occupancy Report'!E21+'Occupancy Report'!L21+'Occupancy Report'!S21+'Occupancy Report'!S52+'Occupancy Report'!L52+'Occupancy Report'!E52+'Occupancy Report'!E83+'Occupancy Report'!L83+'Occupancy Report'!S83+'Occupancy Report'!S114+'Occupancy Report'!L114+'Occupancy Report'!E114 -> 4964 | F21: =SUM(D21/E21) -> 0.78384367 | J21: May | K21: PM | L21: =GETPIVOTDATA("Sum of PM FIELD",'Pivot Table'!$A$52) -> 1748 | M21: ='Occupancy Report'!L60+'Occupancy Report'!L56+'Occupancy Report'!L52+'Occupancy Report'!L48+'Occupancy Report'!L44+'Occupancy Report'!L40+'Occupancy Report'!L36 -> 2508 | N21: =SUM(L21/M21) -> 0.6969697
B22: Total Friday Occupancy | D22: =SUM(D20:D21) -> 8414 | E22: =SUM(E20:E21) -> 10164 | F22: =SUM(D22/E22) -> 0.82782369 | J22: Total May Occupancy | L22: =SUM(L20:L21) -> 4056 | M22: =SUM(M20:M21) -> 5276 | N22: =SUM(L22/M22) -> 0.76876422
B24: Saturday | C24: AM | D24: ='Occupancy Report'!D24+'Occupancy Report'!K24+'Occupancy Report'!R24+'Occupancy Report'!R55+'Occupancy Report'!K55+'Occupancy Report'!D55+'Occupancy Report'!D86+'Occupancy Report'!K86+'Occupancy Report'!R86+'Occupancy Report'!R117+'Occupancy Report'!L117+'Occupancy Report'!D117 -> 4271 | E24: ='Occupancy Report'!E24+'Occupancy Report'!L24+'Occupancy Report'!S24+'Occupancy Report'!S55+'Occupancy Report'!L55+'Occupancy Report'!E55+'Occupancy Report'!E86+'Occupancy Report'!L86+'Occupancy Report'!S86+'Occupancy Report'!S117+'Occupancy Report'!L117+'Occupancy Report'!E117 -> 4808 | F24: =SUM(D24/E24) -> 0.88831115 | J24: June | K24: AM | L24: =GETPIVOTDATA("Sum of AM FIELD",'Pivot Table'!$A$64) -> 1911 | M24: ='Occupancy Report'!S35+'Occupancy Report'!S39+'Occupancy Report'!S43+'Occupancy Report'!S47+'Occupancy Report'!S51+'Occupancy Report'!S55+'Occupancy Report'!S59 -> 2496 | N24: =SUM(L24/M24) -> 0.765625
B25: Saturday | C25: PM | D25: ='Occupancy Report'!D25+'Occupancy Report'!K25+'Occupancy Report'!R25+'Occupancy Report'!R56+'Occupancy Report'!K56+'Occupancy Report'!D56+'Occupancy Report'!D87+'Occupancy Report'!K87+'Occupancy Report'!R87+'Occupancy Report'!R118+'Occupancy Report'!L118+'Occupancy Report'!D118 -> 2919 | E25: ='Occupancy Report'!E25+'Occupancy Report'!L25+'Occupancy Report'!S25+'Occupancy Report'!S56+'Occupancy Report'!L56+'Occupancy Report'!E56+'Occupancy Report'!E87+'Occupancy Report'!L87+'Occupancy Report'!S87+'Occupancy Report'!S118+'Occupancy Report'!L118+'Occupancy Report'!E118 -> 4272 | F25: =SUM(D25/E25) -> 0.68328652 | J25: June | K25: PM | L25: =GETPIVOTDATA("Sum of PM FIELD",'Pivot Table'!$A$64) -> 1890 | M25: ='Occupancy Report'!S36+'Occupancy Report'!S40+'Occupancy Report'!S44+'Occupancy Report'!S48+'Occupancy Report'!S52+'Occupancy Report'!S56+'Occupancy Report'!S60 -> 2564 | N25: =SUM(L25/M25) -> 0.73712949
B26: Total Saturday Occupancy | D26: =SUM(D24:D25) -> 7190 | E26: =SUM(E24:E25) -> 9080 | F26: =SUM(D26/E26) -> 0.79185022 | J26: Total June Occupancy | L26: =SUM(L24:L25) -> 3801 | M26: =SUM(M24:M25) -> 5060 | N26: =SUM(L26/M26) -> 0.75118577
B28: Sunday | C28: AM | D28: ='Occupancy Report'!D28+'Occupancy Report'!K28+'Occupancy Report'!R28+'Occupancy Report'!R59+'Occupancy Report'!K59+'Occupancy Report'!D59+'Occupancy Report'!D90+'Occupancy Report'!K90+'Occupancy Report'!R90+'Occupancy Report'!R121+'Occupancy Report'!L121+'Occupancy Report'!D121 -> 4520 | E28: ='Occupancy Report'!E28+'Occupancy Report'!L28+'Occupancy Report'!S28+'Occupancy Report'!S59+'Occupancy Report'!L59+'Occupancy Report'!E59+'Occupancy Report'!E90+'Occupancy Report'!L90+'Occupancy Report'!S90+'Occupancy Report'!S121+'Occupancy Report'!L121+'Occupancy Report'!E121 -> 5048 | F28: =SUM(D28/E28) -> 0.89540412 | J28: July | K28: AM | L28: ='Occupancy Report'!D66+'Occupancy Report'!D70+'Occupancy Report'!D74+'Occupancy Report'!D78+'Occupancy Report'!D82+'Occupancy Report'!D86+'Occupancy Report'!D90 -> 2160 | M28: ='Occupancy Report'!E66+'Occupancy Report'!E70+'Occupancy Report'!E74+'Occupancy Report'!E78+'Occupancy Report'!E82+'Occupancy Report'!E86+'Occupancy Report'!E90 -> 2668 | N28: =SUM(L28/M28) -> 0.8095952
B29: Sunday | C29: PM | D29: ='Occupancy Report'!D29+'Occupancy Report'!K29+'Occupancy Report'!R29+'Occupancy Report'!R60+'Occupancy Report'!K60+'Occupancy Report'!D60+'Occupancy Report'!D91+'Occupancy Report'!K91+'Occupancy Report'!R91+'Occupancy Report'!R122+'Occupancy Report'!L122+'Occupancy Report'!D122 -> 4206 | E29: ='Occupancy Report'!E29+'Occupancy Report'!L29+'Occupancy Report'!S29+'Occupancy Report'!S60+'Occupancy Report'!L60+'Occupancy Report'!E60+'Occupancy Report'!E91+'Occupancy Report'!L91+'Occupancy Report'!S91+'Occupancy Report'!S122+'Occupancy Report'!L122+'Occupancy Report'!E122 -> 4800 | F29: =SUM(D29/E29) -> 0.87625 | J29: July | K29: PM | L29: ='Occupancy Report'!D67+'Occupancy Report'!D71+'Occupancy Report'!D75+'Occupancy Report'!D79+'Occupancy Report'!D83+'Occupancy Report'!D87+'Occupancy Report'!D91 -> 1824 | M29: ='Occupancy Report'!E67+'Occupancy Report'!E71+'Occupancy Report'!E75+'Occupancy Report'!E79+'Occupancy Report'!E83++'Occupancy Report'!E87+'Occupancy Report'!E91 -> 2690 | N29: =SUM(L29/M29) -> 0.67806691
B30: Total Sunday Occupancy | D30: =SUM(D28:D29) -> 8726 | E30: =SUM(E28:E29) -> 9848 | F30: =SUM(D30/E30) -> 0.88606824 | J30: Total July Occupancy | L30: =SUM(L28:L29) -> 3984 | M30: =SUM(M28:M29) -> 5358 | N30: =SUM(L30/M30) -> 0.74356103
J32: August | K32: AM | L32: ='Occupancy Report'!K66+'Occupancy Report'!K70+'Occupancy Report'!K74+'Occupancy Report'!K78+'Occupancy Report'!K82+'Occupancy Report'!K86+'Occupancy Report'!K90 -> 2166 | M32: ='Occupancy Report'!L66+'Occupancy Report'!L70+'Occupancy Report'!L74+'Occupancy Report'!L78+'Occupancy Report'!L82+'Occupancy Report'!L86+'Occupancy Report'!L90 -> 2780 | N32: =SUM(L32/M32) -> 0.77913669
J33: August | K33: PM | L33: ='Occupancy Report'!K67+'Occupancy Report'!K71+'Occupancy Report'!K75+'Occupancy Report'!K79+'Occupancy Report'!K83+'Occupancy Report'!K87+'Occupancy Report'!K91 -> 1826 | M33: ='Occupancy Report'!L67+'Occupancy Report'!L71+'Occupancy Report'!L75+'Occupancy Report'!L79+'Occupancy Report'!L83+'Occupancy Report'!L87+'Occupancy Report'!L91 -> 2750 | N33: =SUM(L33/M33) -> 0.664
J34: Total August Occupancy | L34: =SUM(L32:L33) -> 3992 | M34: =SUM(M32:M33) -> 5530 | N34: =SUM(L34/M34) -> 0.72188065
J36: September | K36: AM | L36: ='Occupancy Report'!R66+'Occupancy Report'!R70+'Occupancy Report'!R74+'Occupancy Report'!R78+'Occupancy Report'!R82+'Occupancy Report'!R86+'Occupancy Report'!R90 -> 2237 | M36: ='Occupancy Report'!S66+'Occupancy Report'!S70+'Occupancy Report'!S74+'Occupancy Report'!S78+'Occupancy Report'!S82+'Occupancy Report'!S86+'Occupancy Report'!S90 -> 2744 | N36: =SUM(L36/M36) -> 0.81523324
J37: September | K37: PM | L37: ='Occupancy Report'!R67+'Occupancy Report'!R71+'Occupancy Report'!R75+'Occupancy Report'!R79+'Occupancy Report'!R83+'Occupancy Report'!R87+'Occupancy Report'!R91 -> 1826 | M37: ='Occupancy Report'!S67+'Occupancy Report'!S71+'Occupancy Report'!S75+'Occupancy Report'!S79+'Occupancy Report'!S83+'Occupancy Report'!S87+'Occupancy Report'!S91 -> 2548 | N37: =SUM(L37/M37) -> 0.7166405
J38: Total September Occupancy | L38: =SUM(L36:L37) -> 4063 | M38: =SUM(M36:M37) -> 5292 | N38: =SUM(L38/M38) -> 0.76776266
J40: October | K40: AM | L40: =GETPIVOTDATA("Sum of AM FIELD",'Pivot Table'!$A$112) -> 2147 | M40: ='Occupancy Report'!E97+'Occupancy Report'!E101+'Occupancy Report'!E105+'Occupancy Report'!E109+'Occupancy Report'!E113+'Occupancy Report'!E117+'Occupancy Report'!E121 -> 2762 | N40: =SUM(L40/M40) -> 0.77733526
J41: October | K41: PM | L41: =GETPIVOTDATA("Sum of PM FIELD",'Pivot Table'!$A$112) -> 1883 | M41: ='Occupancy Report'!E98+'Occupancy Report'!E102+'Occupancy Report'!E106+'Occupancy Report'!E110+'Occupancy Report'!E114+'Occupancy Report'!E118+'Occupancy Report'!E122 -> 2588 | N41: =SUM(L41/M41) -> 0.72758887
J42: Total October Occupancy | L42: =SUM(L40:L41) -> 4030 | M42: =SUM(M40:M41) -> 5350 | N42: =SUM(L42/M42) -> 0.75327103
J44: November | K44: AM | L44: =GETPIVOTDATA("Sum of AM FIELD",'Pivot Table'!$A$124) -> 2386 | M44: ='Occupancy Report'!L97+'Occupancy Report'!L101+'Occupancy Report'!L105+'Occupancy Report'!L109+'Occupancy Report'!L113+'Occupancy Report'!L117+'Occupancy Report'!L121 -> 2892 | N44: =SUM(L44/M44) -> 0.82503458
J45: November | K45: PM | L45: =GETPIVOTDATA("Sum of PM FIELD",'Pivot Table'!$A$124) -> 2031 | M45: ='Occupancy Report'!L98+'Occupancy Report'!L102+'Occupancy Report'!L106+'Occupancy Report'!L110+'Occupancy Report'!L114+'Occupancy Report'!L118+'Occupancy Report'!L122 -> 2632 | N45: =SUM(L45/M45) -> 0.77165653
J46: Total November Occupancy | L46: =SUM(L44:L45) -> 4417 | M46: =SUM(M44:M45) -> 5524 | N46: =SUM(L46/M46) -> 0.79960174
J48: December | K48: AM | L48: =GETPIVOTDATA("Sum of AM FIELD",'Pivot Table'!$A$136) -> 2270 | M48: =SUM('Occupancy Report'!S97+'Occupancy Report'!S101+'Occupancy Report'!S105+'Occupancy Report'!S109+'Occupancy Report'!S113+'Occupancy Report'!S117+'Occupancy Report'!S121) -> 2668 | N48: =SUM(L48/M48) -> 0.85082459
J49: December | K49: PM | L49: =GETPIVOTDATA("Sum of PM FIELD",'Pivot Table'!$A$136) -> 1642 | M49: =SUM('Occupancy Report'!S98+'Occupancy Report'!S102+'Occupancy Report'!S106+'Occupancy Report'!S110+'Occupancy Report'!S114+'Occupancy Report'!S118+'Occupancy Report'!S122) -> 2328 | N49: =SUM(L49/M49) -> 0.70532646
J50: Total December Occupancy | L50: =SUM(L48:L49) -> 3912 | M50: =SUM(M48:M49) -> 4996 | N50: =SUM(L50/M50) -> 0.78302642

Sheet Day by Day Totals
B2: Day by Totals
B4: Monday | E4: Tuesday | H4: Wednesday | K4: Thursday | N4: Friday | Q4: Saturday | T4: Sunday
B6: AM Field | C6: =GETPIVOTDATA("Sum of AM FIELD",'Pivot Table'!$A$4,"DAY","Mon")+GETPIVOTDATA("Sum of AM FIELD",'Pivot Table'!$A$16,"DAY","Mon")+GETPIVOTDATA("Sum of AM FIELD",'Pivot Table'!$A$28,"DAY","Mon")+GETPIVOTDATA("Sum of AM FIELD",'Pivot Table'!$A$40,"DAY","Mon")+GETPIVOTDATA("Sum of AM FIELD",'Pivot Table'!$A$52,"DAY","Mon")+GETPIVOTDATA("Sum of AM FIELD",'Pivot Table'!$A$64,"DAY","Mon")+GETPIVOTDATA("Sum of AM FIELD",'Pivot Table'!$A$76,"DAY","Mon")+GETPIVOTDATA("Sum of AM FIELD",'Pivot Table'!$A$88,"DAY","Mon")+GETPIVOTDATA("Sum of AM FIELD",'Pivot Table'!$A$100,"DAY","Mon")+GETPIVOTDATA("Sum of AM FIELD",'Pivot Table'!$A$112,"DAY","Mon")+GETPIVOTDATA("Sum of AM FIELD",'Pivot Table'!$A$124,"DAY","Mon")+GETPIVOTDATA("Sum of AM FIELD",'Pivot Table'!$A$136,"DAY","Mon") -> 2343 | E6: AM Field | F6: =GETPIVOTDATA("Sum of AM FIELD",'Pivot Table'!$A$4,"DAY","Tue")+GETPIVOTDATA("Sum of AM FIELD",'Pivot Table'!$A$16,"DAY","Tue")+GETPIVOTDATA("Sum of AM FIELD",'Pivot Table'!$A$28,"DAY","Tue")+GETPIVOTDATA("Sum of AM FIELD",'Pivot Table'!$A$40,"DAY","Tue")+GETPIVOTDATA("Sum of AM FIELD",'Pivot Table'!$A$52,"DAY","Tue")+GETPIVOTDATA("Sum of AM FIELD",'Pivot Table'!$A$64,"DAY","Tue")+GETPIVOTDATA("Sum of AM FIELD",'Pivot Table'!$A$76,"DAY","Tue")+GETPIVOTDATA("Sum of AM FIELD",'Pivot Table'!$A$88,"DAY","Tue")+GETPIVOTDATA("Sum of AM FIELD",'Pivot Table'!$A$100,"DAY","Tue")+GETPIVOTDATA("Sum of AM FIELD",'Pivot Table'!$A$112,"DAY","Tue")+GETPIVOTDATA("Sum of AM FIELD",'Pivot Table'!$A$124,"DAY","Tue")+GETPIVOTDATA("Sum of AM FIELD",'Pivot Table'!$A$136,"DAY","Tue") -> 4424 | H6: AM Field | I6: =GETPIVOTDATA("Sum of AM FIELD",'Pivot Table'!$A$4,"DAY","Wed")+GETPIVOTDATA("Sum of AM FIELD",'Pivot Table'!$A$16,"DAY","Wed")+GETPIVOTDATA("Sum of AM FIELD",'Pivot Table'!$A$28,"DAY","Wed")+GETPIVOTDATA("Sum of AM FIELD",'Pivot Table'!$A$40,"DAY","Wed")+GETPIVOTDATA("Sum of AM FIELD",'Pivot Table'!$A$52,"DAY","Wed")+GETPIVOTDATA("Sum of AM FIELD",'Pivot Table'!$A$64,"DAY","Wed")+GETPIVOTDATA("Sum of AM FIELD",'Pivot Table'!$A$76,"DAY","Wed")+GETPIVOTDATA("Sum of AM FIELD",'Pivot Table'!$A$88,"DAY","Wed")+GETPIVOTDATA("Sum of AM FIELD",'Pivot Table'!$A$100,"DAY","Wed")+GETPIVOTDATA("Sum of AM FIELD",'Pivot Table'!$A$112,"DAY","Wed")+GETPIVOTDATA("Sum of AM FIELD",'Pivot Table'!$A$124,"DAY","Wed")+GETPIVOTDATA("Sum of AM FIELD",'Pivot Table'!$A$136,"DAY","Wed") -> 3254 | K6: AM Field | L6: =GETPIVOTDATA("Sum of AM FIELD",'Pivot Table'!$A$4,"DAY","Thu")+GETPIVOTDATA("Sum of AM FIELD",'Pivot Table'!$A$16,"DAY","Thu")+GETPIVOTDATA("Sum of AM FIELD",'Pivot Table'!$A$28,"DAY","Thu")+GETPIVOTDATA("Sum of AM FIELD",'Pivot Table'!$A$40,"DAY","Thu")+GETPIVOTDATA("Sum of AM FIELD",'Pivot Table'!$A$52,"DAY","Thu")+GETPIVOTDATA("Sum of AM FIELD",'Pivot Table'!$A$64,"DAY","Thu")+GETPIVOTDATA("Sum of AM FIELD",'Pivot Table'!$A$76,"DAY","Thu")+GETPIVOTDATA("Sum of AM FIELD",'Pivot Table'!$A$88,"DAY","Thu")+GETPIVOTDATA("Sum of AM FIELD",'Pivot Table'!$A$100,"DAY","Thu")+GETPIVOTDATA("Sum of AM FIELD",'Pivot Table'!$A$112,"DAY","Thu")+GETPIVOTDATA("Sum of AM FIELD",'Pivot Table'!$A$124,"DAY","Thu")+GETPIVOTDATA("Sum of AM FIELD",'Pivot Table'!$A$136,"DAY","Thu") -> 3862 | N6: AM Field | O6: =GETPIVOTDATA("Sum of AM FIELD",'Pivot Table'!$A$4,"DAY","Fri")+GETPIVOTDATA("Sum of AM FIELD",'Pivot Table'!$A$16,"DAY","Fri")+GETPIVOTDATA("Sum of AM FIELD",'Pivot Table'!$A$28,"DAY","Fri")+GETPIVOTDATA("Sum of AM FIELD",'Pivot Table'!$A$40,"DAY","Fri")+GETPIVOTDATA("Sum of AM FIELD",'Pivot Table'!$A$52,"DAY","Fri")+GETPIVOTDATA("Sum of AM FIELD",'Pivot Table'!$A$64,"DAY","Fri")+GETPIVOTDATA("Sum of AM FIELD",'Pivot Table'!$A$76,"DAY","Fri")+GETPIVOTDATA("Sum of AM FIELD",'Pivot Table'!$A$88,"DAY","Fri")+GETPIVOTDATA("Sum of AM FIELD",'Pivot Table'!$A$100,"DAY","Fri")+GETPIVOTDATA("Sum of AM FIELD",'Pivot Table'!$A$112,"DAY","Fri")+GETPIVOTDATA("Sum of AM FIELD",'Pivot Table'!$A$124,"DAY","Fri")+GETPIVOTDATA("Sum of AM FIELD",'Pivot Table'!$A$136,"DAY","Fri") -> 4486 | Q6: AM Field | R6: =GETPIVOTDATA("Sum of AM FIELD",'Pivot Table'!$A$4,"DAY","Sat")+GETPIVOTDATA("Sum of AM FIELD",'Pivot Table'!$A$16,"DAY","Sat")+GETPIVOTDATA("Sum of AM FIELD",'Pivot Table'!$A$28,"DAY","Sat")+GETPIVOTDATA("Sum of AM FIELD",'Pivot Table'!$A$40,"DAY","Sat")+GETPIVOTDATA("Sum of AM FIELD",'Pivot Table'!$A$52,"DAY","Sat")+GETPIVOTDATA("Sum of AM FIELD",'Pivot Table'!$A$64,"DAY","Sat")+GETPIVOTDATA("Sum of AM FIELD",'Pivot Table'!$A$76,"DAY","Sat")+GETPIVOTDATA("Sum of AM FIELD",'Pivot Table'!$A$88,"DAY","Sat")+GETPIVOTDATA("Sum of AM FIELD",'Pivot Table'!$A$100,"DAY","Sat")+GETPIVOTDATA("Sum of AM FIELD",'Pivot Table'!$A$112,"DAY","Sat")+GETPIVOTDATA("Sum of AM FIELD",'Pivot Table'!$A$124,"DAY","Sat")+GETPIVOTDATA("Sum of AM FIELD",'Pivot Table'!$A$136,"DAY","Sat") -> 4231 | T6: AM Field | U6: =GETPIVOTDATA("Sum of AM FIELD",'Pivot Table'!$A$4,"DAY","Sun")+GETPIVOTDATA("Sum of AM FIELD",'Pivot Table'!$A$16,"DAY","Sun")+GETPIVOTDATA("Sum of AM FIELD",'Pivot Table'!$A$28,"DAY","Sun")+GETPIVOTDATA("Sum of AM FIELD",'Pivot Table'!$A$40,"DAY","Sun")+GETPIVOTDATA("Sum of AM FIELD",'Pivot Table'!$A$52,"DAY","Sun")+GETPIVOTDATA("Sum of AM FIELD",'Pivot Table'!$A$64,"DAY","Sun")+GETPIVOTDATA("Sum of AM FIELD",'Pivot Table'!$A$76,"DAY","Sun")+GETPIVOTDATA("Sum of AM FIELD",'Pivot Table'!$A$88,"DAY","Sun")+GETPIVOTDATA("Sum of AM FIELD",'Pivot Table'!$A$100,"DAY","Sun")+GETPIVOTDATA("Sum of AM FIELD",'Pivot Table'!$A$112,"DAY","Sun")+GETPIVOTDATA("Sum of AM FIELD",'Pivot Table'!$A$124,"DAY","Sun")+GETPIVOTDATA("Sum of AM FIELD",'Pivot Table'!$A$136,"DAY","Sun") -> 4485
B7: PM Field | C7: =GETPIVOTDATA("Sum of PM FIELD",'Pivot Table'!$A$4,"DAY","Mon")+GETPIVOTDATA("Sum of PM FIELD",'Pivot Table'!$A$16,"DAY","Mon")+GETPIVOTDATA("Sum of PM FIELD",'Pivot Table'!$A$28,"DAY","Mon")+GETPIVOTDATA("Sum of PM FIELD",'Pivot Table'!$A$40,"DAY","Mon")+GETPIVOTDATA("Sum of PM FIELD",'Pivot Table'!$A$52,"DAY","Mon")+GETPIVOTDATA("Sum of PM FIELD",'Pivot Table'!$A$64,"DAY","Mon")+GETPIVOTDATA("Sum of PM FIELD",'Pivot Table'!$A$76,"DAY","Mon")+GETPIVOTDATA("Sum of PM FIELD",'Pivot Table'!$A$88,"DAY","Mon")++GETPIVOTDATA("Sum of PM FIELD",'Pivot Table'!$A$112,"DAY","Mon")+GETPIVOTDATA("Sum of PM FIELD",'Pivot Table'!$A$100,"DAY","Mon")+GETPIVOTDATA("Sum of PM FIELD",'Pivot Table'!$A$124,"DAY","Mon")+GETPIVOTDATA("Sum of PM FIELD",'Pivot Table'!$A$136,"DAY","Mon") -> 3241 | E7: PM Field | F7: =GETPIVOTDATA("Sum of PM FIELD",'Pivot Table'!$A$4,"DAY","Tue")+GETPIVOTDATA("Sum of PM FIELD",'Pivot Table'!$A$16,"DAY","Tue")+GETPIVOTDATA("Sum of PM FIELD",'Pivot Table'!$A$28,"DAY","Tue")+GETPIVOTDATA("Sum of PM FIELD",'Pivot Table'!$A$40,"DAY","Tue")+GETPIVOTDATA("Sum of PM FIELD",'Pivot Table'!$A$52,"DAY","Tue")+GETPIVOTDATA("Sum of PM FIELD",'Pivot Table'!$A$64,"DAY","Tue")+GETPIVOTDATA("Sum of PM FIELD",'Pivot Table'!$A$76,"DAY","Tue")+GETPIVOTDATA("Sum of PM FIELD",'Pivot Table'!$A$88,"DAY","Tue")+GETPIVOTDATA("Sum of PM FIELD",'Pivot Table'!$A$100,"DAY","Tue")+GETPIVOTDATA("Sum of PM FIELD",'Pivot Table'!$A$112,"DAY","Tue")+GETPIVOTDATA("Sum of PM FIELD",'Pivot Table'!$A$124,"DAY","Tue")+GETPIVOTDATA("Sum of PM FIELD",'Pivot Table'!$A$136,"DAY","Tue") -> 1530 | H7: PM Field | I7: =GETPIVOTDATA("Sum of PM FIELD",'Pivot Table'!$A$4,"DAY","Wed")+GETPIVOTDATA("Sum of PM FIELD",'Pivot Table'!$A$16,"DAY","Wed")+GETPIVOTDATA("Sum of PM FIELD",'Pivot Table'!$A$28,"DAY","Wed")+GETPIVOTDATA("Sum of PM FIELD",'Pivot Table'!$A$40,"DAY","Wed")+GETPIVOTDATA("Sum of PM FIELD",'Pivot Table'!$A$52,"DAY","Wed")+GETPIVOTDATA("Sum of PM FIELD",'Pivot Table'!$A$64,"DAY","Wed")+GETPIVOTDATA("Sum of PM FIELD",'Pivot Table'!$A$76,"DAY","Wed")+GETPIVOTDATA("Sum of PM FIELD",'Pivot Table'!$A$88,"DAY","Wed")+GETPIVOTDATA("Sum of PM FIELD",'Pivot Table'!$A$100,"DAY","Wed")+GETPIVOTDATA("Sum of PM FIELD",'Pivot Table'!$A$112,"DAY","Wed")+GETPIVOTDATA("Sum of PM FIELD",'Pivot Table'!$A$124,"DAY","Wed")+GETPIVOTDATA("Sum of PM FIELD",'Pivot Table'!$A$136,"DAY","Wed") -> 3252 | K7: PM Field | L7: =GETPIVOTDATA("Sum of PM FIELD",'Pivot Table'!$A$4,"DAY","Thu")+GETPIVOTDATA("Sum of PM FIELD",'Pivot Table'!$A$16,"DAY","Thu")+GETPIVOTDATA("Sum of PM FIELD",'Pivot Table'!$A$28,"DAY","Thu")+GETPIVOTDATA("Sum of PM FIELD",'Pivot Table'!$A$40,"DAY","Thu")+GETPIVOTDATA("Sum of PM FIELD",'Pivot Table'!$A$52,"DAY","Thu")+GETPIVOTDATA("Sum of PM FIELD",'Pivot Table'!$A$64,"DAY","Thu")+GETPIVOTDATA("Sum of PM FIELD",'Pivot Table'!$A$76,"DAY","Thu")+GETPIVOTDATA("Sum of PM FIELD",'Pivot Table'!$A$88,"DAY","Thu")+GETPIVOTDATA("Sum of PM FIELD",'Pivot Table'!$A$100,"DAY","Thu")+GETPIVOTDATA("Sum of PM FIELD",'Pivot Table'!$A$112,"DAY","Thu")+GETPIVOTDATA("Sum of PM FIELD",'Pivot Table'!$A$124,"DAY","Thu")+GETPIVOTDATA("Sum of PM FIELD",'Pivot Table'!$A$136,"DAY","Thu") -> 3811 | N7: PM Field | O7: =GETPIVOTDATA("Sum of PM FIELD",'Pivot Table'!$A$4,"DAY","Fri")+GETPIVOTDATA("Sum of PM FIELD",'Pivot Table'!$A$16,"DAY","Fri")+GETPIVOTDATA("Sum of PM FIELD",'Pivot Table'!$A$28,"DAY","Fri")+GETPIVOTDATA("Sum of PM FIELD",'Pivot Table'!$A$40,"DAY","Fri")+GETPIVOTDATA("Sum of PM FIELD",'Pivot Table'!$A$52,"DAY","Fri")+GETPIVOTDATA("Sum of PM FIELD",'Pivot Table'!$A$64,"DAY","Fri")+GETPIVOTDATA("Sum of PM FIELD",'Pivot Table'!$A$76,"DAY","Fri")+GETPIVOTDATA("Sum of PM FIELD",'Pivot Table'!$A$88,"DAY","Fri")+GETPIVOTDATA("Sum of PM FIELD",'Pivot Table'!$A$100,"DAY","Fri")+GETPIVOTDATA("Sum of PM FIELD",'Pivot Table'!$A$112,"DAY","Fri")+GETPIVOTDATA("Sum of PM FIELD",'Pivot Table'!$A$124,"DAY","Fri")+GETPIVOTDATA("Sum of PM FIELD",'Pivot Table'!$A$136,"DAY","Fri") -> 3846 | Q7: PM Field | R7: =GETPIVOTDATA("Sum of PM FIELD",'Pivot Table'!$A$4,"DAY","Sat")+GETPIVOTDATA("Sum of PM FIELD",'Pivot Table'!$A$16,"DAY","Sat")+GETPIVOTDATA("Sum of PM FIELD",'Pivot Table'!$A$28,"DAY","Sat")+GETPIVOTDATA("Sum of PM FIELD",'Pivot Table'!$A$40,"DAY","Sat")+GETPIVOTDATA("Sum of PM FIELD",'Pivot Table'!$A$52,"DAY","Sat")+GETPIVOTDATA("Sum of PM FIELD",'Pivot Table'!$A$64,"DAY","Sat")+GETPIVOTDATA("Sum of PM FIELD",'Pivot Table'!$A$76,"DAY","Sat")+GETPIVOTDATA("Sum of PM FIELD",'Pivot Table'!$A$88,"DAY","Sat")+GETPIVOTDATA("Sum of PM FIELD",'Pivot Table'!$A$100,"DAY","Sat")+GETPIVOTDATA("Sum of PM FIELD",'Pivot Table'!$A$112,"DAY","Sat")+GETPIVOTDATA("Sum of PM FIELD",'Pivot Table'!$A$124,"DAY","Sat")+GETPIVOTDATA("Sum of PM FIELD",'Pivot Table'!$A$136,"DAY","Sat") -> 2800 | T7: PM Field | U7: =GETPIVOTDATA("Sum of PM FIELD",'Pivot Table'!$A$4,"DAY","Sun")+GETPIVOTDATA("Sum of PM FIELD",'Pivot Table'!$A$16,"DAY","Sun")+GETPIVOTDATA("Sum of PM FIELD",'Pivot Table'!$A$28,"DAY","Sun")+GETPIVOTDATA("Sum of PM FIELD",'Pivot Table'!$A$40,"DAY","Sun")+GETPIVOTDATA("Sum of PM FIELD",'Pivot Table'!$A$52,"DAY","Sun")+GETPIVOTDATA("Sum of PM FIELD",'Pivot Table'!$A$64,"DAY","Sun")+GETPIVOTDATA("Sum of PM FIELD",'Pivot Table'!$A$76,"DAY","Sun")+GETPIVOTDATA("Sum of PM FIELD",'Pivot Table'!$A$88,"DAY","Sun")+GETPIVOTDATA("Sum of PM FIELD",'Pivot Table'!$A$100,"DAY","Sun")+GETPIVOTDATA("Sum of PM FIELD",'Pivot Table'!$A$112,"DAY","Sun")+GETPIVOTDATA("Sum of PM FIELD",'Pivot Table'!$A$124,"DAY","Sun")+GETPIVOTDATA("Sum of PM FIELD",'Pivot Table'!$A$136,"DAY","Sun") -> 4186
B8: Total Field | C8: =GETPIVOTDATA("Sum of TOTAL FIELD",'Pivot Table'!$A$4,"DAY","Mon")+GETPIVOTDATA("Sum of TOTAL FIELD",'Pivot Table'!$A$16,"DAY","Mon")+GETPIVOTDATA("Sum of TOTAL FIELD",'Pivot Table'!$A$28,"DAY","Mon")+GETPIVOTDATA("Sum of TOTAL FIELD",'Pivot Table'!$A$40,"DAY","Mon")+GETPIVOTDATA("Sum of TOTAL FIELD",'Pivot Table'!$A$52,"DAY","Mon")+GETPIVOTDATA("Sum of TOTAL FIELD",'Pivot Table'!$A$64,"DAY","Mon")+GETPIVOTDATA("Sum of TOTAL FIELD",'Pivot Table'!$A$76,"DAY","Mon")+GETPIVOTDATA("Sum of TOTAL FIELD",'Pivot Table'!$A$88,"DAY","Mon")+GETPIVOTDATA("Sum of TOTAL FIELD",'Pivot Table'!$A$100,"DAY","Mon")+GETPIVOTDATA("Sum of TOTAL FIELD",'Pivot Table'!$A$112,"DAY","Mon")+GETPIVOTDATA("Sum of TOTAL FIELD",'Pivot Table'!$A$124,"DAY","Mon")+GETPIVOTDATA("Sum of TOTAL FIELD",'Pivot Table'!$A$136,"DAY","Mon") -> 5584 | E8: Total Field | F8: =GETPIVOTDATA("Sum of TOTAL FIELD",'Pivot Table'!$A$4,"DAY","Tue")+GETPIVOTDATA("Sum of TOTAL FIELD",'Pivot Table'!$A$16,"DAY","Tue")+GETPIVOTDATA("Sum of TOTAL FIELD",'Pivot Table'!$A$28,"DAY","Tue")+GETPIVOTDATA("Sum of TOTAL FIELD",'Pivot Table'!$A$40,"DAY","Tue")+GETPIVOTDATA("Sum of TOTAL FIELD",'Pivot Table'!$A$52,"DAY","Tue")+GETPIVOTDATA("Sum of TOTAL FIELD",'Pivot Table'!$A$64,"DAY","Tue")+GETPIVOTDATA("Sum of TOTAL FIELD",'Pivot Table'!$A$76,"DAY","Tue")+GETPIVOTDATA("Sum of TOTAL FIELD",'Pivot Table'!$A$88,"DAY","Tue")+GETPIVOTDATA("Sum of TOTAL FIELD",'Pivot Table'!$A$100,"DAY","Tue")+GETPIVOTDATA("Sum of TOTAL FIELD",'Pivot Table'!$A$112,"DAY","Tue")+GETPIVOTDATA("Sum of TOTAL FIELD",'Pivot Table'!$A$124,"DAY","Tue")+GETPIVOTDATA("Sum of TOTAL FIELD",'Pivot Table'!$A$136,"DAY","Tue") -> 5954 | H8: Total Field | I8: =GETPIVOTDATA("Sum of TOTAL FIELD",'Pivot Table'!$A$4,"DAY","Wed")+GETPIVOTDATA("Sum of TOTAL FIELD",'Pivot Table'!$A$16,"DAY","Wed")+GETPIVOTDATA("Sum of TOTAL FIELD",'Pivot Table'!$A$28,"DAY","Wed")+GETPIVOTDATA("Sum of TOTAL FIELD",'Pivot Table'!$A$40,"DAY","Wed")+GETPIVOTDATA("Sum of TOTAL FIELD",'Pivot Table'!$A$52,"DAY","Wed")+GETPIVOTDATA("Sum of TOTAL FIELD",'Pivot Table'!$A$64,"DAY","Wed")+GETPIVOTDATA("Sum of TOTAL FIELD",'Pivot Table'!$A$76,"DAY","Wed")+GETPIVOTDATA("Sum of TOTAL FIELD",'Pivot Table'!$A$88,"DAY","Wed")+GETPIVOTDATA("Sum of TOTAL FIELD",'Pivot Table'!$A$100,"DAY","Wed")+GETPIVOTDATA("Sum of TOTAL FIELD",'Pivot Table'!$A$112,"DAY","Wed")+GETPIVOTDATA("Sum of TOTAL FIELD",'Pivot Table'!$A$124,"DAY","Wed")+GETPIVOTDATA("Sum of TOTAL FIELD",'Pivot Table'!$A$136,"DAY","Wed") -> 6506 | K8: Total Field | L8: =GETPIVOTDATA("Sum of TOTAL FIELD",'Pivot Table'!$A$4,"DAY","Thu")+GETPIVOTDATA("Sum of TOTAL FIELD",'Pivot Table'!$A$16,"DAY","Thu")+GETPIVOTDATA("Sum of TOTAL FIELD",'Pivot Table'!$A$28,"DAY","Thu")+GETPIVOTDATA("Sum of TOTAL FIELD",'Pivot Table'!$A$40,"DAY","Thu")+GETPIVOTDATA("Sum of TOTAL FIELD",'Pivot Table'!$A$52,"DAY","Thu")+GETPIVOTDATA("Sum of TOTAL FIELD",'Pivot Table'!$A$64,"DAY","Thu")+GETPIVOTDATA("Sum of TOTAL FIELD",'Pivot Table'!$A$76,"DAY","Thu")+GETPIVOTDATA("Sum of TOTAL FIELD",'Pivot Table'!$A$88,"DAY","Thu")+GETPIVOTDATA("Sum of TOTAL FIELD",'Pivot Table'!$A$100,"DAY","Thu")+GETPIVOTDATA("Sum of TOTAL FIELD",'Pivot Table'!$A$112,"DAY","Thu")+GETPIVOTDATA("Sum of TOTAL FIELD",'Pivot Table'!$A$124,"DAY","Thu")+GETPIVOTDATA("Sum of TOTAL FIELD",'Pivot Table'!$A$136,"DAY","Thu") -> 7673 | N8: Total Field | O8: =GETPIVOTDATA("Sum of TOTAL FIELD",'Pivot Table'!$A$4,"DAY","Fri")+GETPIVOTDATA("Sum of TOTAL FIELD",'Pivot Table'!$A$16,"DAY","Fri")+GETPIVOTDATA("Sum of TOTAL FIELD",'Pivot Table'!$A$28,"DAY","Fri")+GETPIVOTDATA("Sum of TOTAL FIELD",'Pivot Table'!$A$40,"DAY","Fri")+GETPIVOTDATA("Sum of TOTAL FIELD",'Pivot Table'!$A$52,"DAY","Fri")+GETPIVOTDATA("Sum of TOTAL FIELD",'Pivot Table'!$A$64,"DAY","Fri")+GETPIVOTDATA("Sum of TOTAL FIELD",'Pivot Table'!$A$76,"DAY","Fri")+GETPIVOTDATA("Sum of TOTAL FIELD",'Pivot Table'!$A$88,"DAY","Fri")+GETPIVOTDATA("Sum of TOTAL FIELD",'Pivot Table'!$A$100,"DAY","Fri")+GETPIVOTDATA("Sum of TOTAL FIELD",'Pivot Table'!$A$112,"DAY","Fri")+GETPIVOTDATA("Sum of TOTAL FIELD",'Pivot Table'!$A$124,"DAY","Fri")+GETPIVOTDATA("Sum of TOTAL FIELD",'Pivot Table'!$A$136,"DAY","Fri") -> 8332 | Q8: Total Field | R8: =GETPIVOTDATA("Sum of TOTAL FIELD",'Pivot Table'!$A$4,"DAY","Sat")+GETPIVOTDATA("Sum of TOTAL FIELD",'Pivot Table'!$A$16,"DAY","Sat")+GETPIVOTDATA("Sum of TOTAL FIELD",'Pivot Table'!$A$28,"DAY","Sat")+GETPIVOTDATA("Sum of TOTAL FIELD",'Pivot Table'!$A$40,"DAY","Sat")+GETPIVOTDATA("Sum of TOTAL FIELD",'Pivot Table'!$A$52,"DAY","Sat")+GETPIVOTDATA("Sum of TOTAL FIELD",'Pivot Table'!$A$64,"DAY","Sat")+GETPIVOTDATA("Sum of TOTAL FIELD",'Pivot Table'!$A$76,"DAY","Sat")+GETPIVOTDATA("Sum of TOTAL FIELD",'Pivot Table'!$A$88,"DAY","Sat")+GETPIVOTDATA("Sum of TOTAL FIELD",'Pivot Table'!$A$100,"DAY","Sat")+GETPIVOTDATA("Sum of TOTAL FIELD",'Pivot Table'!$A$112,"DAY","Sat")+GETPIVOTDATA("Sum of TOTAL FIELD",'Pivot Table'!$A$124,"DAY","Sat")+GETPIVOTDATA("Sum of TOTAL FIELD",'Pivot Table'!$A$136,"DAY","Sat") -> 7031 | T8: Total Field | U8: =GETPIVOTDATA("Sum of TOTAL FIELD",'Pivot Table'!$A$4,"DAY","Sun")+GETPIVOTDATA("Sum of TOTAL FIELD",'Pivot Table'!$A$16,"DAY","Sun")+GETPIVOTDATA("Sum of TOTAL FIELD",'Pivot Table'!$A$28,"DAY","Sun")+GETPIVOTDATA("Sum of TOTAL FIELD",'Pivot Table'!$A$40,"DAY","Sun")+GETPIVOTDATA("Sum of TOTAL FIELD",'Pivot Table'!$A$52,"DAY","Sun")+GETPIVOTDATA("Sum of TOTAL FIELD",'Pivot Table'!$A$64,"DAY","Sun")+GETPIVOTDATA("Sum of TOTAL FIELD",'Pivot Table'!$A$76,"DAY","Sun")+GETPIVOTDATA("Sum of TOTAL FIELD",'Pivot Table'!$A$88,"DAY","Sun")+GETPIVOTDATA("Sum of TOTAL FIELD",'Pivot Table'!$A$100,"DAY","Sun")+GETPIVOTDATA("Sum of TOTAL FIELD",'Pivot Table'!$A$112,"DAY","Sun")+GETPIVOTDATA("Sum of TOTAL FIELD",'Pivot Table'!$A$124,"DAY","Sun")+GETPIVOTDATA("Sum of TOTAL FIELD",'Pivot Table'!$A$136,"DAY","Sun") -> 8671
B9: Guests | C9: =GETPIVOTDATA("Sum of No. GUESTS",'Pivot Table'!$A$4,"DAY","Mon")+GETPIVOTDATA("Sum of No. GUESTS",'Pivot Table'!$A$16,"DAY","Mon")+GETPIVOTDATA("Sum of No. GUESTS",'Pivot Table'!$A$28,"DAY","Mon")+GETPIVOTDATA("Sum of No. GUESTS",'Pivot Table'!$A$40,"DAY","Mon")+GETPIVOTDATA("Sum of No. GUESTS",'Pivot Table'!$A$52,"DAY","Mon")+GETPIVOTDATA("Sum of No. GUESTS",'Pivot Table'!$A$64,"DAY","Mon")+GETPIVOTDATA("Sum of No. GUESTS",'Pivot Table'!$A$76,"DAY","Mon")+GETPIVOTDATA("Sum of No. GUESTS",'Pivot Table'!$A$88,"DAY","Mon")+GETPIVOTDATA("Sum of No. GUESTS",'Pivot Table'!$A$100,"DAY","Mon")+GETPIVOTDATA("Sum of No. GUESTS",'Pivot Table'!$A$112,"DAY","Mon")+GETPIVOTDATA("Sum of No. GUESTS",'Pivot Table'!$A$124,"DAY","Mon")+GETPIVOTDATA("Sum of No. GUESTS",'Pivot Table'!$A$136,"DAY","Mon") -> 1320 | E9: Guests | F9: =GETPIVOTDATA("Sum of No. GUESTS",'Pivot Table'!$A$4,"DAY","Tue")+GETPIVOTDATA("Sum of No. GUESTS",'Pivot Table'!$A$16,"DAY","Tue")+GETPIVOTDATA("Sum of No. GUESTS",'Pivot Table'!$A$28,"DAY","Tue")+GETPIVOTDATA("Sum of No. GUESTS",'Pivot Table'!$A$40,"DAY","Tue")+GETPIVOTDATA("Sum of No. GUESTS",'Pivot Table'!$A$52,"DAY","Tue")+GETPIVOTDATA("Sum of No. GUESTS",'Pivot Table'!$A$64,"DAY","Tue")+GETPIVOTDATA("Sum of No. GUESTS",'Pivot Table'!$A$76,"DAY","Tue")+GETPIVOTDATA("Sum of No. GUESTS",'Pivot Table'!$A$88,"DAY","Tue")+GETPIVOTDATA("Sum of No. GUESTS",'Pivot Table'!$A$100,"DAY","Tue")+GETPIVOTDATA("Sum of No. GUESTS",'Pivot Table'!$A$112,"DAY","Tue")+GETPIVOTDATA("Sum of No. GUESTS",'Pivot Table'!$A$124,"DAY","Tue")+GETPIVOTDATA("Sum of No. GUESTS",'Pivot Table'!$A$136,"DAY","Tue") -> 242 | H9: Guests | I9: =GETPIVOTDATA("Sum of No. GUESTS",'Pivot Table'!$A$4,"DAY","Wed")+GETPIVOTDATA("Sum of No. GUESTS",'Pivot Table'!$A$16,"DAY","Wed")+GETPIVOTDATA("Sum of No. GUESTS",'Pivot Table'!$A$28,"DAY","Wed")+GETPIVOTDATA("Sum of No. GUESTS",'Pivot Table'!$A$40,"DAY","Wed")+GETPIVOTDATA("Sum of No. GUESTS",'Pivot Table'!$A$52,"DAY","Wed")+GETPIVOTDATA("Sum of No. GUESTS",'Pivot Table'!$A$64,"DAY","Wed")+GETPIVOTDATA("Sum of No. GUESTS",'Pivot Table'!$A$76,"DAY","Wed")+GETPIVOTDATA("Sum of No. GUESTS",'Pivot Table'!$A$88,"DAY","Wed")+GETPIVOTDATA("Sum of No. GUESTS",'Pivot Table'!$A$100,"DAY","Wed")+GETPIVOTDATA("Sum of No. GUESTS",'Pivot Table'!$A$112,"DAY","Wed")+GETPIVOTDATA("Sum of No. GUESTS",'Pivot Table'!$A$124,"DAY","Wed")+GETPIVOTDATA("Sum of No. GUESTS",'Pivot Table'!$A$136,"DAY","Wed") -> 3133 | K9: Guests | L9: =GETPIVOTDATA("Sum of No. GUESTS",'Pivot Table'!$A$4,"DAY","Thu")+GETPIVOTDATA("Sum of No. GUESTS",'Pivot Table'!$A$16,"DAY","Thu")+GETPIVOTDATA("Sum of No. GUESTS",'Pivot Table'!$A$28,"DAY","Thu")+GETPIVOTDATA("Sum of No. GUESTS",'Pivot Table'!$A$40,"DAY","Thu")+GETPIVOTDATA("Sum of No. GUESTS",'Pivot Table'!$A$52,"DAY","Thu")+GETPIVOTDATA("Sum of No. GUESTS",'Pivot Table'!$A$64,"DAY","Thu")+GETPIVOTDATA("Sum of No. GUESTS",'Pivot Table'!$A$76,"DAY","Thu")+GETPIVOTDATA("Sum of No. GUESTS",'Pivot Table'!$A$88,"DAY","Thu")+GETPIVOTDATA("Sum of No. GUESTS",'Pivot Table'!$A$100,"DAY","Thu")+GETPIVOTDATA("Sum of No. GUESTS",'Pivot Table'!$A$112,"DAY","Thu")+GETPIVOTDATA("Sum of No. GUESTS",'Pivot Table'!$A$124,"DAY","Thu")+GETPIVOTDATA("Sum of No. GUESTS",'Pivot Table'!$A$136,"DAY","Thu") -> 77 | N9: Guests | O9: =GETPIVOTDATA("Sum of No. GUESTS",'Pivot Table'!$A$4,"DAY","Fri")+GETPIVOTDATA("Sum of No. GUESTS",'Pivot Table'!$A$16,"DAY","Fri")+GETPIVOTDATA("Sum of No. GUESTS",'Pivot Table'!$A$28,"DAY","Fri")+GETPIVOTDATA("Sum of No. GUESTS",'Pivot Table'!$A$40,"DAY","Fri")+GETPIVOTDATA("Sum of No. GUESTS",'Pivot Table'!$A$52,"DAY","Fri")+GETPIVOTDATA("Sum of No. GUESTS",'Pivot Table'!$A$64,"DAY","Fri")+GETPIVOTDATA("Sum of No. GUESTS",'Pivot Table'!$A$76,"DAY","Fri")+GETPIVOTDATA("Sum of No. GUESTS",'Pivot Table'!$A$88,"DAY","Fri")+GETPIVOTDATA("Sum of No. GUESTS",'Pivot Table'!$A$100,"DAY","Fri")+GETPIVOTDATA("Sum of No. GUESTS",'Pivot Table'!$A$112,"DAY","Fri")+GETPIVOTDATA("Sum of No. GUESTS",'Pivot Table'!$A$124,"DAY","Fri")+GETPIVOTDATA("Sum of No. GUESTS",'Pivot Table'!$A$136,"DAY","Fri") -> 2441 | Q9: Guests | R9: =GETPIVOTDATA("Sum of No. GUESTS",'Pivot Table'!$A$4,"DAY","Sat")+GETPIVOTDATA("Sum of No. GUESTS",'Pivot Table'!$A$16,"DAY","Sat")+GETPIVOTDATA("Sum of No. GUESTS",'Pivot Table'!$A$28,"DAY","Sat")+GETPIVOTDATA("Sum of No. GUESTS",'Pivot Table'!$A$40,"DAY","Sat")+GETPIVOTDATA("Sum of No. GUESTS",'Pivot Table'!$A$52,"DAY","Sat")+GETPIVOTDATA("Sum of No. GUESTS",'Pivot Table'!$A$64,"DAY","Sat")+GETPIVOTDATA("Sum of No. GUESTS",'Pivot Table'!$A$76,"DAY","Sat")+GETPIVOTDATA("Sum of No. GUESTS",'Pivot Table'!$A$88,"DAY","Sat")+GETPIVOTDATA("Sum of No. GUESTS",'Pivot Table'!$A$100,"DAY","Sat")+GETPIVOTDATA("Sum of No. GUESTS",'Pivot Table'!$A$112,"DAY","Sat")+GETPIVOTDATA("Sum of No. GUESTS",'Pivot Table'!$A$124,"DAY","Sat")+GETPIVOTDATA("Sum of No. GUESTS",'Pivot Table'!$A$136,"DAY","Sat") -> 183 | T9: Guests | U9: =GETPIVOTDATA("Sum of No. GUESTS",'Pivot Table'!$A$4,"DAY","Sun")+GETPIVOTDATA("Sum of No. GUESTS",'Pivot Table'!$A$16,"DAY","Sun")+GETPIVOTDATA("Sum of No. GUESTS",'Pivot Table'!$A$28,"DAY","Sun")+GETPIVOTDATA("Sum of No. GUESTS",'Pivot Table'!$A$40,"DAY","Sun")+GETPIVOTDATA("Sum of No. GUESTS",'Pivot Table'!$A$52,"DAY","Sun")+GETPIVOTDATA("Sum of No. GUESTS",'Pivot Table'!$A$64,"DAY","Sun")+GETPIVOTDATA("Sum of No. GUESTS",'Pivot Table'!$A$76,"DAY","Sun")+GETPIVOTDATA("Sum of No. GUESTS",'Pivot Table'!$A$88,"DAY","Sun")+GETPIVOTDATA("Sum of No. GUESTS",'Pivot Table'!$A$100,"DAY","Sun")+GETPIVOTDATA("Sum of No. GUESTS",'Pivot Table'!$A$112,"DAY","Sun")+GETPIVOTDATA("Sum of No. GUESTS",'Pivot Table'!$A$124,"DAY","Sun")+GETPIVOTDATA("Sum of No. GUESTS",'Pivot Table'!$A$136,"DAY","Sun") -> 1192
B10: Member / Guest Ratio | C10: =SUM(C9/C8) -> 0.23638968 | E10: Member / Guest Ratio | F10: =SUM(F9/F8) -> 0.040644945 | H10: Member / Guest Ratio | I10: =SUM(I9/I8) -> 0.48155549 | K10: Member / Guest Ratio | L10: =SUM(L9/L8) -> 0.010035188 | N10: Member / Guest Ratio | O10: =SUM(O9/O8) -> 0.29296687 | Q10: Member / Guest Ratio | R10: =SUM(R9/R8) -> 0.026027592 | T10: Member / Guest Ratio | U10: =SUM(U9/U8) -> 0.13746973
B11: Member Play | C11: =GETPIVOTDATA("Sum of MEMBER",'Pivot Table'!$A$4,"DAY","Mon")+GETPIVOTDATA("Sum of MEMBER",'Pivot Table'!$A$16,"DAY","Mon")+GETPIVOTDATA("Sum of MEMBER",'Pivot Table'!$A$28,"DAY","Mon")+GETPIVOTDATA("Sum of MEMBER",'Pivot Table'!$A$40,"DAY","Mon")+GETPIVOTDATA("Sum of MEMBER",'Pivot Table'!$A$52,"DAY","Mon")+GETPIVOTDATA("Sum of MEMBER",'Pivot Table'!$A$64,"DAY","Mon")+GETPIVOTDATA("Sum of MEMBER",'Pivot Table'!$A$76,"DAY","Mon")+GETPIVOTDATA("Sum of MEMBER",'Pivot Table'!$A$88,"DAY","Mon")+GETPIVOTDATA("Sum of MEMBER",'Pivot Table'!$A$100,"DAY","Mon")+GETPIVOTDATA("Sum of MEMBER",'Pivot Table'!$A$112,"DAY","Mon")+GETPIVOTDATA("Sum of MEMBER",'Pivot Table'!$A$124,"DAY","Mon")+GETPIVOTDATA("Sum of MEMBER",'Pivot Table'!$A$136,"DAY","Mon") -> 4176 | E11: Member Play | F11: =GETPIVOTDATA("Sum of MEMBER",'Pivot Table'!$A$4,"DAY","Tue")+GETPIVOTDATA("Sum of MEMBER",'Pivot Table'!$A$16,"DAY","Tue")+GETPIVOTDATA("Sum of MEMBER",'Pivot Table'!$A$28,"DAY","Tue")+GETPIVOTDATA("Sum of MEMBER",'Pivot Table'!$A$40,"DAY","Tue")+GETPIVOTDATA("Sum of MEMBER",'Pivot Table'!$A$52,"DAY","Tue")+GETPIVOTDATA("Sum of MEMBER",'Pivot Table'!$A$64,"DAY","Tue")+GETPIVOTDATA("Sum of MEMBER",'Pivot Table'!$A$76,"DAY","Tue")+GETPIVOTDATA("Sum of MEMBER",'Pivot Table'!$A$88,"DAY","Tue")+GETPIVOTDATA("Sum of MEMBER",'Pivot Table'!$A$100,"DAY","Tue")+GETPIVOTDATA("Sum of MEMBER",'Pivot Table'!$A$112,"DAY","Tue")+GETPIVOTDATA("Sum of MEMBER",'Pivot Table'!$A$124,"DAY","Tue")+GETPIVOTDATA("Sum of MEMBER",'Pivot Table'!$A$136,"DAY","Tue") -> 5667 | H11: Member Play | I11: =GETPIVOTDATA("Sum of MEMBER",'Pivot Table'!$A$4,"DAY","Wed")+GETPIVOTDATA("Sum of MEMBER",'Pivot Table'!$A$16,"DAY","Wed")+GETPIVOTDATA("Sum of MEMBER",'Pivot Table'!$A$28,"DAY","Wed")+GETPIVOTDATA("Sum of MEMBER",'Pivot Table'!$A$40,"DAY","Wed")+GETPIVOTDATA("Sum of MEMBER",'Pivot Table'!$A$52,"DAY","Wed")+GETPIVOTDATA("Sum of MEMBER",'Pivot Table'!$A$64,"DAY","Wed")+GETPIVOTDATA("Sum of MEMBER",'Pivot Table'!$A$76,"DAY","Wed")+GETPIVOTDATA("Sum of MEMBER",'Pivot Table'!$A$88,"DAY","Wed")+GETPIVOTDATA("Sum of MEMBER",'Pivot Table'!$A$100,"DAY","Wed")+GETPIVOTDATA("Sum of MEMBER",'Pivot Table'!$A$112,"DAY","Wed")+GETPIVOTDATA("Sum of MEMBER",'Pivot Table'!$A$124,"DAY","Wed")+GETPIVOTDATA("Sum of MEMBER",'Pivot Table'!$A$136,"DAY","Wed") -> 3349 | K11: Member Play | L11: =GETPIVOTDATA("Sum of MEMBER",'Pivot Table'!$A$4,"DAY","Thu")+GETPIVOTDATA("Sum of MEMBER",'Pivot Table'!$A$16,"DAY","Thu")++GETPIVOTDATA("Sum of MEMBER",'Pivot Table'!$A$28,"DAY","Thu")+GETPIVOTDATA("Sum of MEMBER",'Pivot Table'!$A$40,"DAY","Thu")+GETPIVOTDATA("Sum of MEMBER",'Pivot Table'!$A$52,"DAY","Thu")+GETPIVOTDATA("Sum of MEMBER",'Pivot Table'!$A$64,"DAY","Thu")+GETPIVOTDATA("Sum of MEMBER",'Pivot Table'!$A$76,"DAY","Thu")+GETPIVOTDATA("Sum of MEMBER",'Pivot Table'!$A$88,"DAY","Thu")+GETPIVOTDATA("Sum of MEMBER",'Pivot Table'!$A$100,"DAY","Thu")+GETPIVOTDATA("Sum of MEMBER",'Pivot Table'!$A$112,"DAY","Thu")+GETPIVOTDATA("Sum of MEMBER",'Pivot Table'!$A$124,"DAY","Thu")+GETPIVOTDATA("Sum of MEMBER",'Pivot Table'!$A$136,"DAY","Thu") -> 7527 | N11: Member Play | O11: =GETPIVOTDATA("Sum of MEMBER",'Pivot Table'!$A$4,"DAY","Fri")+GETPIVOTDATA("Sum of MEMBER",'Pivot Table'!$A$16,"DAY","Fri")+GETPIVOTDATA("Sum of MEMBER",'Pivot Table'!$A$28,"DAY","Fri")+GETPIVOTDATA("Sum of MEMBER",'Pivot Table'!$A$40,"DAY","Fri")+GETPIVOTDATA("Sum of MEMBER",'Pivot Table'!$A$52,"DAY","Fri")+GETPIVOTDATA("Sum of MEMBER",'Pivot Table'!$A$64,"DAY","Fri")+GETPIVOTDATA("Sum of MEMBER",'Pivot Table'!$A$76,"DAY","Fri")+GETPIVOTDATA("Sum of MEMBER",'Pivot Table'!$A$88,"DAY","Fri")+GETPIVOTDATA("Sum of MEMBER",'Pivot Table'!$A$100,"DAY","Fri")+GETPIVOTDATA("Sum of MEMBER",'Pivot Table'!$A$112,"DAY","Fri")+GETPIVOTDATA("Sum of MEMBER",'Pivot Table'!$A$124,"DAY","Fri")+GETPIVOTDATA("Sum of MEMBER",'Pivot Table'!$A$136,"DAY","Fri") -> 5697 | Q11: Member Play | R11: =GETPIVOTDATA("Sum of MEMBER",'Pivot Table'!$A$4,"DAY","Sat")+GETPIVOTDATA("Sum of MEMBER",'Pivot Table'!$A$16,"DAY","Sat")+GETPIVOTDATA("Sum of MEMBER",'Pivot Table'!$A$28,"DAY","Sat")+GETPIVOTDATA("Sum of MEMBER",'Pivot Table'!$A$40,"DAY","Sat")+GETPIVOTDATA("Sum of MEMBER",'Pivot Table'!$A$52,"DAY","Sat")+GETPIVOTDATA("Sum of MEMBER",'Pivot Table'!$A$64,"DAY","Sat")+GETPIVOTDATA("Sum of MEMBER",'Pivot Table'!$A$76,"DAY","Sat")+GETPIVOTDATA("Sum of MEMBER",'Pivot Table'!$A$88,"DAY","Sat")+GETPIVOTDATA("Sum of MEMBER",'Pivot Table'!$A$100,"DAY","Sat")+GETPIVOTDATA("Sum of MEMBER",'Pivot Table'!$A$112,"DAY","Sat")+GETPIVOTDATA("Sum of MEMBER",'Pivot Table'!$A$124,"DAY","Sat")+GETPIVOTDATA("Sum of MEMBER",'Pivot Table'!$A$136,"DAY","Sat") -> 6818 | T11: Member Play | U11: =GETPIVOTDATA("Sum of MEMBER",'Pivot Table'!$A$4,"DAY","Sun")+GETPIVOTDATA("Sum of MEMBER",'Pivot Table'!$A$16,"DAY","Sun")+GETPIVOTDATA("Sum of MEMBER",'Pivot Table'!$A$28,"DAY","Sun")+GETPIVOTDATA("Sum of MEMBER",'Pivot Table'!$A$40,"DAY","Sun")+GETPIVOTDATA("Sum of MEMBER",'Pivot Table'!$A$52,"DAY","Sun")+GETPIVOTDATA("Sum of MEMBER",'Pivot Table'!$A$64,"DAY","Sun")+GETPIVOTDATA("Sum of MEMBER",'Pivot Table'!$A$76,"DAY","Sun")+GETPIVOTDATA("Sum of MEMBER",'Pivot Table'!$A$88,"DAY","Sun")+GETPIVOTDATA("Sum of MEMBER",'Pivot Table'!$A$100,"DAY","Sun")+GETPIVOTDATA("Sum of MEMBER",'Pivot Table'!$A$112,"DAY","Sun")+GETPIVOTDATA("Sum of MEMBER",'Pivot Table'!$A$124,"DAY","Sun")+GETPIVOTDATA("Sum of MEMBER",'Pivot Table'!$A$136,"DAY","Sun") -> 7245
B12: Manger Intro | C12: =GETPIVOTDATA("Sum of MANAGER INTRO",'Pivot Table'!$A$4,"DAY","Mon")+GETPIVOTDATA("Sum of MANAGER INTRO",'Pivot Table'!$A$16,"DAY","Mon")+GETPIVOTDATA("Sum of MANAGER INTRO",'Pivot Table'!$A$28,"DAY","Mon")+GETPIVOTDATA("Sum of MANAGER INTRO",'Pivot Table'!$A$40,"DAY","Mon")+GETPIVOTDATA("Sum of MANAGER INTRO",'Pivot Table'!$A$52,"DAY","Mon")+GETPIVOTDATA("Sum of MANAGER INTRO",'Pivot Table'!$A$64,"DAY","Mon")+GETPIVOTDATA("Sum of MANAGER INTRO",'Pivot Table'!$A$76,"DAY","Mon")+GETPIVOTDATA("Sum of MANAGER INTRO",'Pivot Table'!$A$88,"DAY","Mon")+GETPIVOTDATA("Sum of MANAGER INTRO",'Pivot Table'!$A$100,"DAY","Mon")+GETPIVOTDATA("Sum of MANAGER INTRO",'Pivot Table'!$A$112,"DAY","Mon")+GETPIVOTDATA("Sum of MANAGER INTRO",'Pivot Table'!$A$124,"DAY","Mon")+GETPIVOTDATA("Sum of MANAGER INTRO",'Pivot Table'!$A$136,"DAY","Mon") -> 2 | E12: Manger Intro | F12: =GETPIVOTDATA("Sum of MANAGER INTRO",'Pivot Table'!$A$4,"DAY","Tue")+GETPIVOTDATA("Sum of MANAGER INTRO",'Pivot Table'!$A$16,"DAY","Tue")+GETPIVOTDATA("Sum of MANAGER INTRO",'Pivot Table'!$A$28,"DAY","Tue")+GETPIVOTDATA("Sum of MANAGER INTRO",'Pivot Table'!$A$40,"DAY","Tue")+GETPIVOTDATA("Sum of MANAGER INTRO",'Pivot Table'!$A$52,"DAY","Tue")+GETPIVOTDATA("Sum of MANAGER INTRO",'Pivot Table'!$A$64,"DAY","Tue")+GETPIVOTDATA("Sum of MANAGER INTRO",'Pivot Table'!$A$76,"DAY","Tue")+GETPIVOTDATA("Sum of MANAGER INTRO",'Pivot Table'!$A$88,"DAY","Tue")+GETPIVOTDATA("Sum of MANAGER INTRO",'Pivot Table'!$A$100,"DAY","Tue")+GETPIVOTDATA("Sum of MANAGER INTRO",'Pivot Table'!$A$112,"DAY","Tue")+GETPIVOTDATA("Sum of MANAGER INTRO",'Pivot Table'!$A$124,"DAY","Tue")+GETPIVOTDATA("Sum of MANAGER INTRO",'Pivot Table'!$A$136,"DAY","Tue") -> 2 | H12: Manger Intro | I12: =GETPIVOTDATA("Sum of MANAGER INTRO",'Pivot Table'!$A$4,"DAY","Wed")+GETPIVOTDATA("Sum of MANAGER INTRO",'Pivot Table'!$A$16,"DAY","Wed")+GETPIVOTDATA("Sum of MANAGER INTRO",'Pivot Table'!$A$28,"DAY","Wed")+GETPIVOTDATA("Sum of MANAGER INTRO",'Pivot Table'!$A$40,"DAY","Wed")+GETPIVOTDATA("Sum of MANAGER INTRO",'Pivot Table'!$A$52,"DAY","Wed")+GETPIVOTDATA("Sum of MANAGER INTRO",'Pivot Table'!$A$64,"DAY","Wed")+GETPIVOTDATA("Sum of MANAGER INTRO",'Pivot Table'!$A$76,"DAY","Wed")+GETPIVOTDATA("Sum of MANAGER INTRO",'Pivot Table'!$A$88,"DAY","Wed")+GETPIVOTDATA("Sum of MANAGER INTRO",'Pivot Table'!$A$100,"DAY","Wed")+GETPIVOTDATA("Sum of MANAGER INTRO",'Pivot Table'!$A$112,"DAY","Wed")+GETPIVOTDATA("Sum of MANAGER INTRO",'Pivot Table'!$A$124,"DAY","Wed")+GETPIVOTDATA("Sum of MANAGER INTRO",'Pivot Table'!$A$136,"DAY","Wed") -> 13 | K12: Manger Intro | L12: =GETPIVOTDATA("Sum of MANAGER INTRO",'Pivot Table'!$A$4,"DAY","Thu")+GETPIVOTDATA("Sum of MANAGER INTRO",'Pivot Table'!$A$16,"DAY","Thu")+GETPIVOTDATA("Sum of MANAGER INTRO",'Pivot Table'!$A$28,"DAY","Thu")+GETPIVOTDATA("Sum of MANAGER INTRO",'Pivot Table'!$A$40,"DAY","Thu")+GETPIVOTDATA("Sum of MANAGER INTRO",'Pivot Table'!$A$52,"DAY","Thu")+GETPIVOTDATA("Sum of MANAGER INTRO",'Pivot Table'!$A$64,"DAY","Thu")+GETPIVOTDATA("Sum of MANAGER INTRO",'Pivot Table'!$A$76,"DAY","Thu")+GETPIVOTDATA("Sum of MANAGER INTRO",'Pivot Table'!$A$88,"DAY","Thu")+GETPIVOTDATA("Sum of MANAGER INTRO",'Pivot Table'!$A$100,"DAY","Thu")+GETPIVOTDATA("Sum of MANAGER INTRO",'Pivot Table'!$A$112,"DAY","Thu")+GETPIVOTDATA("Sum of MANAGER INTRO",'Pivot Table'!$A$124,"DAY","Thu")+GETPIVOTDATA("Sum of MANAGER INTRO",'Pivot Table'!$A$136,"DAY","Thu") -> 11 | N12: Manger Intro | O12: =GETPIVOTDATA("Sum of MANAGER INTRO",'Pivot Table'!$A$4,"DAY","Fri")+GETPIVOTDATA("Sum of MANAGER INTRO",'Pivot Table'!$A$16,"DAY","Fri")+GETPIVOTDATA("Sum of MANAGER INTRO",'Pivot Table'!$A$28,"DAY","Fri")+GETPIVOTDATA("Sum of MANAGER INTRO",'Pivot Table'!$A$40,"DAY","Fri")+GETPIVOTDATA("Sum of MANAGER INTRO",'Pivot Table'!$A$52,"DAY","Fri")+GETPIVOTDATA("Sum of MANAGER INTRO",'Pivot Table'!$A$64,"DAY","Fri")+GETPIVOTDATA("Sum of MANAGER INTRO",'Pivot Table'!$A$76,"DAY","Fri")+GETPIVOTDATA("Sum of MANAGER INTRO",'Pivot Table'!$A$88,"DAY","Fri")+GETPIVOTDATA("Sum of MANAGER INTRO",'Pivot Table'!$A$100,"DAY","Fri")+GETPIVOTDATA("Sum of MANAGER INTRO",'Pivot Table'!$A$112,"DAY","Fri")+GETPIVOTDATA("Sum of MANAGER INTRO",'Pivot Table'!$A$124,"DAY","Fri")+GETPIVOTDATA("Sum of MANAGER INTRO",'Pivot Table'!$A$136,"DAY","Fri") -> 12 | Q12: Manger Intro | R12: =GETPIVOTDATA("Sum of MANAGER INTRO",'Pivot Table'!$A$4,"DAY","Sat")+GETPIVOTDATA("Sum of MANAGER INTRO",'Pivot Table'!$A$16,"DAY","Sat")+GETPIVOTDATA("Sum of MANAGER INTRO",'Pivot Table'!$A$28,"DAY","Sat")+GETPIVOTDATA("Sum of MANAGER INTRO",'Pivot Table'!$A$40,"DAY","Sat")+GETPIVOTDATA("Sum of MANAGER INTRO",'Pivot Table'!$A$52,"DAY","Sat")+GETPIVOTDATA("Sum of MANAGER INTRO",'Pivot Table'!$A$64,"DAY","Sat")++GETPIVOTDATA("Sum of MANAGER INTRO",'Pivot Table'!$A$76,"DAY","Sat")+GETPIVOTDATA("Sum of MANAGER INTRO",'Pivot Table'!$A$88,"DAY","Sat")+GETPIVOTDATA("Sum of MANAGER INTRO",'Pivot Table'!$A$100,"DAY","Sat")+GETPIVOTDATA("Sum of MANAGER INTRO",'Pivot Table'!$A$112,"DAY","Sat")+GETPIVOTDATA("Sum of MANAGER INTRO",'Pivot Table'!$A$124,"DAY","Sat")+GETPIVOTDATA("Sum of MANAGER INTRO",'Pivot Table'!$A$136,"DAY","Sat") -> 0 | T12: Manger Intro | U12: =GETPIVOTDATA("Sum of MANAGER INTRO",'Pivot Table'!$A$4,"DAY","Sun")+GETPIVOTDATA("Sum of MANAGER INTRO",'Pivot Table'!$A$16,"DAY","Sun")+GETPIVOTDATA("Sum of MANAGER INTRO",'Pivot Table'!$A$28,"DAY","Sun")+GETPIVOTDATA("Sum of MANAGER INTRO",'Pivot Table'!$A$40,"DAY","Sun")+GETPIVOTDATA("Sum of MANAGER INTRO",'Pivot Table'!$A$52,"DAY","Sun")+GETPIVOTDATA("Sum of MANAGER INTRO",'Pivot Table'!$A$64,"DAY","Sun")+GETPIVOTDATA("Sum of MANAGER INTRO",'Pivot Table'!$A$76,"DAY","Sun")+GETPIVOTDATA("Sum of MANAGER INTRO",'Pivot Table'!$A$88,"DAY","Sun")+GETPIVOTDATA("Sum of MANAGER INTRO",'Pivot Table'!$A$100,"DAY","Sun")+GETPIVOTDATA("Sum of MANAGER INTRO",'Pivot Table'!$A$112,"DAY","Sun")+GETPIVOTDATA("Sum of MANAGER INTRO",'Pivot Table'!$A$124,"DAY","Sun")+GETPIVOTDATA("Sum of MANAGER INTRO",'Pivot Table'!$A$136,"DAY","Sun") -> 3
B13: Interstate | C13: =GETPIVOTDATA("Sum of INTERSTATE",'Pivot Table'!$A$4,"DAY","Mon")+GETPIVOTDATA("Sum of INTERSTATE",'Pivot Table'!$A$16,"DAY","Mon")+GETPIVOTDATA("Sum of INTERSTATE",'Pivot Table'!$A$28,"DAY","Mon")+GETPIVOTDATA("Sum of INTERSTATE",'Pivot Table'!$A$40,"DAY","Mon")+GETPIVOTDATA("Sum of INTERSTATE",'Pivot Table'!$A$52,"DAY","Mon")+GETPIVOTDATA("Sum of INTERSTATE",'Pivot Table'!$A$64,"DAY","Mon")+GETPIVOTDATA("Sum of INTERSTATE",'Pivot Table'!$A$76,"DAY","Mon")+GETPIVOTDATA("Sum of INTERSTATE",'Pivot Table'!$A$88,"DAY","Mon")+GETPIVOTDATA("Sum of INTERSTATE",'Pivot Table'!$A$100,"DAY","Mon")+GETPIVOTDATA("Sum of INTERSTATE",'Pivot Table'!$A$112,"DAY","Mon")+GETPIVOTDATA("Sum of INTERSTATE",'Pivot Table'!$A$124,"DAY","Mon")+GETPIVOTDATA("Sum of INTERSTATE",'Pivot Table'!$A$136,"DAY","Mon") -> 54 | E13: Interstate | F13: =GETPIVOTDATA("Sum of INTERSTATE",'Pivot Table'!$A$4,"DAY","Tue")+GETPIVOTDATA("Sum of INTERSTATE",'Pivot Table'!$A$16,"DAY","Tue")+GETPIVOTDATA("Sum of INTERSTATE",'Pivot Table'!$A$28,"DAY","Tue")+GETPIVOTDATA("Sum of INTERSTATE",'Pivot Table'!$A$40,"DAY","Tue")+GETPIVOTDATA("Sum of INTERSTATE",'Pivot Table'!$A$52,"DAY","Tue")+GETPIVOTDATA("Sum of INTERSTATE",'Pivot Table'!$A$64,"DAY","Tue")+GETPIVOTDATA("Sum of INTERSTATE",'Pivot Table'!$A$76,"DAY","Tue")+GETPIVOTDATA("Sum of INTERSTATE",'Pivot Table'!$A$88,"DAY","Tue")+GETPIVOTDATA("Sum of INTERSTATE",'Pivot Table'!$A$100,"DAY","Tue")+GETPIVOTDATA("Sum of INTERSTATE",'Pivot Table'!$A$112,"DAY","Tue")+GETPIVOTDATA("Sum of INTERSTATE",'Pivot Table'!$A$124,"DAY","Tue")+GETPIVOTDATA("Sum of INTERSTATE",'Pivot Table'!$A$136,"DAY","Tue") -> 2 | H13: Interstate | I13: =GETPIVOTDATA("Sum of INTERSTATE",'Pivot Table'!$A$4,"DAY","Wed")+GETPIVOTDATA("Sum of INTERSTATE",'Pivot Table'!$A$16,"DAY","Wed")+GETPIVOTDATA("Sum of INTERSTATE",'Pivot Table'!$A$28,"DAY","Wed")+GETPIVOTDATA("Sum of INTERSTATE",'Pivot Table'!$A$40,"DAY","Wed")+GETPIVOTDATA("Sum of INTERSTATE",'Pivot Table'!$A$52,"DAY","Wed")+GETPIVOTDATA("Sum of INTERSTATE",'Pivot Table'!$A$64,"DAY","Wed")+GETPIVOTDATA("Sum of INTERSTATE",'Pivot Table'!$A$76,"DAY","Wed")+GETPIVOTDATA("Sum of INTERSTATE",'Pivot Table'!$A$88,"DAY","Wed")+GETPIVOTDATA("Sum of INTERSTATE",'Pivot Table'!$A$100,"DAY","Wed")+GETPIVOTDATA("Sum of INTERSTATE",'Pivot Table'!$A$112,"DAY","Wed")+GETPIVOTDATA("Sum of INTERSTATE",'Pivot Table'!$A$124,"DAY","Wed")+GETPIVOTDATA("Sum of INTERSTATE",'Pivot Table'!$A$136,"DAY","Wed") -> 43 | K13: Interstate | L13: =GETPIVOTDATA("Sum of INTERSTATE",'Pivot Table'!$A$4,"DAY","Thu")+GETPIVOTDATA("Sum of INTERSTATE",'Pivot Table'!$A$16,"DAY","Thu")+GETPIVOTDATA("Sum of INTERSTATE",'Pivot Table'!$A$28,"DAY","Thu")+GETPIVOTDATA("Sum of INTERSTATE",'Pivot Table'!$A$40,"DAY","Thu")+GETPIVOTDATA("Sum of INTERSTATE",'Pivot Table'!$A$52,"DAY","Thu")+GETPIVOTDATA("Sum of INTERSTATE",'Pivot Table'!$A$64,"DAY","Thu")+GETPIVOTDATA("Sum of INTERSTATE",'Pivot Table'!$A$76,"DAY","Thu")+GETPIVOTDATA("Sum of INTERSTATE",'Pivot Table'!$A$88,"DAY","Thu")+GETPIVOTDATA("Sum of INTERSTATE",'Pivot Table'!$A$100,"DAY","Thu")+GETPIVOTDATA("Sum of INTERSTATE",'Pivot Table'!$A$112,"DAY","Thu")+GETPIVOTDATA("Sum of INTERSTATE",'Pivot Table'!$A$124,"DAY","Thu")+GETPIVOTDATA("Sum of INTERSTATE",'Pivot Table'!$A$136,"DAY","Thu") -> 0 | N13: Interstate | O13: =GETPIVOTDATA("Sum of INTERSTATE",'Pivot Table'!$A$4,"DAY","Fri")+GETPIVOTDATA("Sum of INTERSTATE",'Pivot Table'!$A$16,"DAY","Fri")+GETPIVOTDATA("Sum of INTERSTATE",'Pivot Table'!$A$28,"DAY","Fri")+GETPIVOTDATA("Sum of INTERSTATE",'Pivot Table'!$A$40,"DAY","Fri")+GETPIVOTDATA("Sum of INTERSTATE",'Pivot Table'!$A$52,"DAY","Fri")+GETPIVOTDATA("Sum of INTERSTATE",'Pivot Table'!$A$64,"DAY","Fri")+GETPIVOTDATA("Sum of INTERSTATE",'Pivot Table'!$A$76,"DAY","Fri")+GETPIVOTDATA("Sum of INTERSTATE",'Pivot Table'!$A$88,"DAY","Fri")+GETPIVOTDATA("Sum of INTERSTATE",'Pivot Table'!$A$100,"DAY","Fri")+GETPIVOTDATA("Sum of INTERSTATE",'Pivot Table'!$A$112,"DAY","Fri")+GETPIVOTDATA("Sum of INTERSTATE",'Pivot Table'!$A$124,"DAY","Fri")+GETPIVOTDATA("Sum of INTERSTATE",'Pivot Table'!$A$136,"DAY","Fri") -> 75 | Q13: Interstate | R13: =GETPIVOTDATA("Sum of INTERSTATE",'Pivot Table'!$A$4,"DAY","Sat")+GETPIVOTDATA("Sum of INTERSTATE",'Pivot Table'!$A$16,"DAY","Sat")+GETPIVOTDATA("Sum of INTERSTATE",'Pivot Table'!$A$28,"DAY","Sat")+GETPIVOTDATA("Sum of INTERSTATE",'Pivot Table'!$A$40,"DAY","Sat")+GETPIVOTDATA("Sum of INTERSTATE",'Pivot Table'!$A$52,"DAY","Sat")+GETPIVOTDATA("Sum of INTERSTATE",'Pivot Table'!$A$64,"DAY","Sat")+GETPIVOTDATA("Sum of INTERSTATE",'Pivot Table'!$A$76,"DAY","Sat")+GETPIVOTDATA("Sum of INTERSTATE",'Pivot Table'!$A$88,"DAY","Sat")+GETPIVOTDATA("Sum of INTERSTATE",'Pivot Table'!$A$100,"DAY","Sat")+GETPIVOTDATA("Sum of INTERSTATE",'Pivot Table'!$A$112,"DAY","Sat")+GETPIVOTDATA("Sum of INTERSTATE",'Pivot Table'!$A$124,"DAY","Sat")+GETPIVOTDATA("Sum of INTERSTATE",'Pivot Table'!$A$136,"DAY","Sat") -> 0 | T13: Interstate | U13: =GETPIVOTDATA("Sum of INTERSTATE",'Pivot Table'!$A$4,"DAY","Sun")+GETPIVOTDATA("Sum of INTERSTATE",'Pivot Table'!$A$16,"DAY","Sun")+GETPIVOTDATA("Sum of INTERSTATE",'Pivot Table'!$A$28,"DAY","Sun")+GETPIVOTDATA("Sum of INTERSTATE",'Pivot Table'!$A$40,"DAY","Sun")+GETPIVOTDATA("Sum of INTERSTATE",'Pivot Table'!$A$52,"DAY","Sun")+GETPIVOTDATA("Sum of INTERSTATE",'Pivot Table'!$A$64,"DAY","Sun")+GETPIVOTDATA("Sum of INTERSTATE",'Pivot Table'!$A$76,"DAY","Sun")+GETPIVOTDATA("Sum of INTERSTATE",'Pivot Table'!$A$88,"DAY","Sun")+GETPIVOTDATA("Sum of INTERSTATE",'Pivot Table'!$A$100,"DAY","Sun")+GETPIVOTDATA("Sum of INTERSTATE",'Pivot Table'!$A$112,"DAY","Sun")+GETPIVOTDATA("Sum of INTERSTATE",'Pivot Table'!$A$124,"DAY","Sun")+GETPIVOTDATA("Sum of INTERSTATE",'Pivot Table'!$A$136,"DAY","Sun") -> 0
B14: International | C14: =GETPIVOTDATA("Sum of INTERNATIONAL",'Pivot Table'!$A$4,"DAY","Mon")+GETPIVOTDATA("Sum of INTERNATIONAL",'Pivot Table'!$A$16,"DAY","Mon")+GETPIVOTDATA("Sum of INTERNATIONAL",'Pivot Table'!$A$28,"DAY","Mon")+GETPIVOTDATA("Sum of INTERNATIONAL",'Pivot Table'!$A$40,"DAY","Mon")+GETPIVOTDATA("Sum of INTERNATIONAL",'Pivot Table'!$A$52,"DAY","Mon")+GETPIVOTDATA("Sum of INTERNATIONAL",'Pivot Table'!$A$64,"DAY","Mon")+GETPIVOTDATA("Sum of INTERNATIONAL",'Pivot Table'!$A$76,"DAY","Mon")+GETPIVOTDATA("Sum of INTERNATIONAL",'Pivot Table'!$A$88,"DAY","Mon")+GETPIVOTDATA("Sum of INTERNATIONAL",'Pivot Table'!$A$100,"DAY","Mon")+GETPIVOTDATA("Sum of INTERNATIONAL",'Pivot Table'!$A$112,"DAY","Mon")+GETPIVOTDATA("Sum of INTERNATIONAL",'Pivot Table'!$A$124,"DAY","Mon")+GETPIVOTDATA("Sum of INTERNATIONAL",'Pivot Table'!$A$136,"DAY","Mon") -> 158 | E14: International | F14: =GETPIVOTDATA("Sum of INTERNATIONAL",'Pivot Table'!$A$4,"DAY","Tue")+GETPIVOTDATA("Sum of INTERNATIONAL",'Pivot Table'!$A$16,"DAY","Tue")+GETPIVOTDATA("Sum of INTERNATIONAL",'Pivot Table'!$A$28,"DAY","Tue")+GETPIVOTDATA("Sum of INTERNATIONAL",'Pivot Table'!$A$40,"DAY","Tue")+GETPIVOTDATA("Sum of INTERNATIONAL",'Pivot Table'!$A$52,"DAY","Tue")+GETPIVOTDATA("Sum of INTERNATIONAL",'Pivot Table'!$A$64,"DAY","Tue")+GETPIVOTDATA("Sum of INTERNATIONAL",'Pivot Table'!$A$76,"DAY","Tue")+GETPIVOTDATA("Sum of INTERNATIONAL",'Pivot Table'!$A$88,"DAY","Tue")+GETPIVOTDATA("Sum of INTERNATIONAL",'Pivot Table'!$A$100,"DAY","Tue")+GETPIVOTDATA("Sum of INTERNATIONAL",'Pivot Table'!$A$112,"DAY","Tue")+GETPIVOTDATA("Sum of INTERNATIONAL",'Pivot Table'!$A$124,"DAY","Tue")+GETPIVOTDATA("Sum of INTERNATIONAL",'Pivot Table'!$A$136,"DAY","Tue") -> 9 | H14: International | I14: =GETPIVOTDATA("Sum of INTERNATIONAL",'Pivot Table'!$A$4,"DAY","Wed")+GETPIVOTDATA("Sum of INTERNATIONAL",'Pivot Table'!$A$16,"DAY","Wed")+GETPIVOTDATA("Sum of INTERNATIONAL",'Pivot Table'!$A$28,"DAY","Wed")+GETPIVOTDATA("Sum of INTERNATIONAL",'Pivot Table'!$A$40,"DAY","Wed")+GETPIVOTDATA("Sum of INTERNATIONAL",'Pivot Table'!$A$52,"DAY","Wed")+GETPIVOTDATA("Sum of INTERNATIONAL",'Pivot Table'!$A$64,"DAY","Wed")+GETPIVOTDATA("Sum of INTERNATIONAL",'Pivot Table'!$A$76,"DAY","Wed")+GETPIVOTDATA("Sum of INTERNATIONAL",'Pivot Table'!$A$88,"DAY","Wed")+GETPIVOTDATA("Sum of INTERNATIONAL",'Pivot Table'!$A$100,"DAY","Wed")+GETPIVOTDATA("Sum of INTERNATIONAL",'Pivot Table'!$A$112,"DAY","Wed")+GETPIVOTDATA("Sum of INTERNATIONAL",'Pivot Table'!$A$124,"DAY","Wed")+GETPIVOTDATA("Sum of INTERNATIONAL",'Pivot Table'!$A$136,"DAY","Wed") -> 181 | K14: International | L14: =GETPIVOTDATA("Sum of INTERNATIONAL",'Pivot Table'!$A$4,"DAY","Thu")+GETPIVOTDATA("Sum of INTERNATIONAL",'Pivot Table'!$A$16,"DAY","Thu")+GETPIVOTDATA("Sum of INTERNATIONAL",'Pivot Table'!$A$28,"DAY","Thu")+GETPIVOTDATA("Sum of INTERNATIONAL",'Pivot Table'!$A$40,"DAY","Thu")+GETPIVOTDATA("Sum of INTERNATIONAL",'Pivot Table'!$A$52,"DAY","Thu")+GETPIVOTDATA("Sum of INTERNATIONAL",'Pivot Table'!$A$64,"DAY","Thu")+GETPIVOTDATA("Sum of INTERNATIONAL",'Pivot Table'!$A$76,"DAY","Thu")+GETPIVOTDATA("Sum of INTERNATIONAL",'Pivot Table'!$A$88,"DAY","Thu")+GETPIVOTDATA("Sum of INTERNATIONAL",'Pivot Table'!$A$100,"DAY","Thu")+GETPIVOTDATA("Sum of INTERNATIONAL",'Pivot Table'!$A$112,"DAY","Thu")+GETPIVOTDATA("Sum of INTERNATIONAL",'Pivot Table'!$A$124,"DAY","Thu")+GETPIVOTDATA("Sum of INTERNATIONAL",'Pivot Table'!$A$136,"DAY","Thu") -> 2 | N14: International | O14: =GETPIVOTDATA("Sum of INTERNATIONAL",'Pivot Table'!$A$4,"DAY","Fri")+GETPIVOTDATA("Sum of INTERNATIONAL",'Pivot Table'!$A$16,"DAY","Fri")+GETPIVOTDATA("Sum of INTERNATIONAL",'Pivot Table'!$A$28,"DAY","Fri")+GETPIVOTDATA("Sum of INTERNATIONAL",'Pivot Table'!$A$40,"DAY","Fri")+GETPIVOTDATA("Sum of INTERNATIONAL",'Pivot Table'!$A$52,"DAY","Fri")+GETPIVOTDATA("Sum of INTERNATIONAL",'Pivot Table'!$A$64,"DAY","Fri")+GETPIVOTDATA("Sum of INTERNATIONAL",'Pivot Table'!$A$76,"DAY","Fri")+GETPIVOTDATA("Sum of INTERNATIONAL",'Pivot Table'!$A$88,"DAY","Fri")+GETPIVOTDATA("Sum of INTERNATIONAL",'Pivot Table'!$A$100,"DAY","Fri")+GETPIVOTDATA("Sum of INTERNATIONAL",'Pivot Table'!$A$112,"DAY","Fri")+GETPIVOTDATA("Sum of INTERNATIONAL",'Pivot Table'!$A$124,"DAY","Fri")+GETPIVOTDATA("Sum of INTERNATIONAL",'Pivot Table'!$A$136,"DAY","Fri") -> 128 | Q14: International | R14: =GETPIVOTDATA("Sum of INTERNATIONAL",'Pivot Table'!$A$4,"DAY","Sat")+GETPIVOTDATA("Sum of INTERNATIONAL",'Pivot Table'!$A$16,"DAY","Sat")+GETPIVOTDATA("Sum of INTERNATIONAL",'Pivot Table'!$A$28,"DAY","Sat")+GETPIVOTDATA("Sum of INTERNATIONAL",'Pivot Table'!$A$40,"DAY","Sat")+GETPIVOTDATA("Sum of INTERNATIONAL",'Pivot Table'!$A$52,"DAY","Sat")+GETPIVOTDATA("Sum of INTERNATIONAL",'Pivot Table'!$A$64,"DAY","Sat")+GETPIVOTDATA("Sum of INTERNATIONAL",'Pivot Table'!$A$76,"DAY","Sat")+GETPIVOTDATA("Sum of INTERNATIONAL",'Pivot Table'!$A$88,"DAY","Sat")+GETPIVOTDATA("Sum of INTERNATIONAL",'Pivot Table'!$A$100,"DAY","Sat")+GETPIVOTDATA("Sum of INTERNATIONAL",'Pivot Table'!$A$112,"DAY","Sat")+GETPIVOTDATA("Sum of INTERNATIONAL",'Pivot Table'!$A$124,"DAY","Sat")+GETPIVOTDATA("Sum of INTERNATIONAL",'Pivot Table'!$A$136,"DAY","Sat") -> 3 | T14: International | U14: =GETPIVOTDATA("Sum of INTERNATIONAL",'Pivot Table'!$A$4,"DAY","Sun")+GETPIVOTDATA("Sum of INTERNATIONAL",'Pivot Table'!$A$16,"DAY","Sun")+GETPIVOTDATA("Sum of INTERNATIONAL",'Pivot Table'!$A$28,"DAY","Sun")+GETPIVOTDATA("Sum of INTERNATIONAL",'Pivot Table'!$A$40,"DAY","Sun")+GETPIVOTDATA("Sum of INTERNATIONAL",'Pivot Table'!$A$52,"DAY","Sun")+GETPIVOTDATA("Sum of INTERNATIONAL",'Pivot Table'!$A$64,"DAY","Sun")+GETPIVOTDATA("Sum of INTERNATIONAL",'Pivot Table'!$A$76,"DAY","Sun")+GETPIVOTDATA("Sum of INTERNATIONAL",'Pivot Table'!$A$88,"DAY","Sun")+GETPIVOTDATA("Sum of INTERNATIONAL",'Pivot Table'!$A$100,"DAY","Sun")+GETPIVOTDATA("Sum of INTERNATIONAL",'Pivot Table'!$A$112,"DAY","Sun")+GETPIVOTDATA("Sum of INTERNATIONAL",'Pivot Table'!$A$124,"DAY","Sun")+GETPIVOTDATA("Sum of INTERNATIONAL",'Pivot Table'!$A$136,"DAY","Sun") -> 27
B15: Industry Guest | C15: =GETPIVOTDATA("Sum of INDUSTRY GUEST",'Pivot Table'!$A$4,"DAY","Mon")+GETPIVOTDATA("Sum of INDUSTRY GUEST",'Pivot Table'!$A$16,"DAY","Mon")+GETPIVOTDATA("Sum of INDUSTRY GUEST",'Pivot Table'!$A$28,"DAY","Mon")+GETPIVOTDATA("Sum of INDUSTRY GUEST",'Pivot Table'!$A$40,"DAY","Mon")+GETPIVOTDATA("Sum of INDUSTRY GUEST",'Pivot Table'!$A$52,"DAY","Mon")+GETPIVOTDATA("Sum of INDUSTRY GUEST",'Pivot Table'!$A$64,"DAY","Mon")+GETPIVOTDATA("Sum of INDUSTRY GUEST",'Pivot Table'!$A$76,"DAY","Mon")+GETPIVOTDATA("Sum of INDUSTRY GUEST",'Pivot Table'!$A$88,"DAY","Mon")+GETPIVOTDATA("Sum of INDUSTRY GUEST",'Pivot Table'!$A$100,"DAY","Mon")+GETPIVOTDATA("Sum of INDUSTRY GUEST",'Pivot Table'!$A$112,"DAY","Mon")+GETPIVOTDATA("Sum of INDUSTRY GUEST",'Pivot Table'!$A$124,"DAY","Mon")+GETPIVOTDATA("Sum of INDUSTRY GUEST",'Pivot Table'!$A$136,"DAY","Mon") -> 7 | E15: Industry Guest | F15: =GETPIVOTDATA("Sum of INDUSTRY GUEST",'Pivot Table'!$A$4,"DAY","Tue")+GETPIVOTDATA("Sum of INDUSTRY GUEST",'Pivot Table'!$A$16,"DAY","Tue")+GETPIVOTDATA("Sum of INDUSTRY GUEST",'Pivot Table'!$A$28,"DAY","Tue")+GETPIVOTDATA("Sum of INDUSTRY GUEST",'Pivot Table'!$A$40,"DAY","Tue")+GETPIVOTDATA("Sum of INDUSTRY GUEST",'Pivot Table'!$A$52,"DAY","Tue")+GETPIVOTDATA("Sum of INDUSTRY GUEST",'Pivot Table'!$A$64,"DAY","Tue")+GETPIVOTDATA("Sum of INDUSTRY GUEST",'Pivot Table'!$A$76,"DAY","Tue")+GETPIVOTDATA("Sum of INDUSTRY GUEST",'Pivot Table'!$A$88,"DAY","Tue")+GETPIVOTDATA("Sum of INDUSTRY GUEST",'Pivot Table'!$A$100,"DAY","Tue")+GETPIVOTDATA("Sum of INDUSTRY GUEST",'Pivot Table'!$A$112,"DAY","Tue")+GETPIVOTDATA("Sum of INDUSTRY GUEST",'Pivot Table'!$A$124,"DAY","Tue")+GETPIVOTDATA("Sum of INDUSTRY GUEST",'Pivot Table'!$A$136,"DAY","Tue") -> 0 | H15: Industry Guest | I15: =GETPIVOTDATA("Sum of INDUSTRY GUEST",'Pivot Table'!$A$4,"DAY","Wed")+GETPIVOTDATA("Sum of INDUSTRY GUEST",'Pivot Table'!$A$16,"DAY","Wed")+GETPIVOTDATA("Sum of INDUSTRY GUEST",'Pivot Table'!$A$28,"DAY","Wed")+GETPIVOTDATA("Sum of INDUSTRY GUEST",'Pivot Table'!$A$40,"DAY","Wed")+GETPIVOTDATA("Sum of INDUSTRY GUEST",'Pivot Table'!$A$52,"DAY","Wed")+GETPIVOTDATA("Sum of INDUSTRY GUEST",'Pivot Table'!$A$64,"DAY","Wed")+GETPIVOTDATA("Sum of INDUSTRY GUEST",'Pivot Table'!$A$76,"DAY","Wed")+GETPIVOTDATA("Sum of INDUSTRY GUEST",'Pivot Table'!$A$88,"DAY","Wed")+GETPIVOTDATA("Sum of INDUSTRY GUEST",'Pivot Table'!$A$100,"DAY","Wed")+GETPIVOTDATA("Sum of INDUSTRY GUEST",'Pivot Table'!$A$112,"DAY","Wed")+GETPIVOTDATA("Sum of INDUSTRY GUEST",'Pivot Table'!$A$124,"DAY","Wed")+GETPIVOTDATA("Sum of INDUSTRY GUEST",'Pivot Table'!$A$136,"DAY","Wed") -> 22 | K15: Industry Guest | L15: =GETPIVOTDATA("Sum of INDUSTRY GUEST",'Pivot Table'!$A$4,"DAY","Thu")+GETPIVOTDATA("Sum of INDUSTRY GUEST",'Pivot Table'!$A$16,"DAY","Thu")+GETPIVOTDATA("Sum of INDUSTRY GUEST",'Pivot Table'!$A$28,"DAY","Thu")+GETPIVOTDATA("Sum of INDUSTRY GUEST",'Pivot Table'!$A$40,"DAY","Thu")+GETPIVOTDATA("Sum of INDUSTRY GUEST",'Pivot Table'!$A$52,"DAY","Thu")+GETPIVOTDATA("Sum of INDUSTRY GUEST",'Pivot Table'!$A$64,"DAY","Thu")+GETPIVOTDATA("Sum of INDUSTRY GUEST",'Pivot Table'!$A$76,"DAY","Thu")+GETPIVOTDATA("Sum of INDUSTRY GUEST",'Pivot Table'!$A$88,"DAY","Thu")+GETPIVOTDATA("Sum of INDUSTRY GUEST",'Pivot Table'!$A$100,"DAY","Thu")+GETPIVOTDATA("Sum of INDUSTRY GUEST",'Pivot Table'!$A$112,"DAY","Thu")+GETPIVOTDATA("Sum of INDUSTRY GUEST",'Pivot Table'!$A$124,"DAY","Thu")+GETPIVOTDATA("Sum of INDUSTRY GUEST",'Pivot Table'!$A$136,"DAY","Thu") -> 2 | N15: Industry Guest | O15: =GETPIVOTDATA("Sum of INDUSTRY GUEST",'Pivot Table'!$A$4,"DAY","Fri")+GETPIVOTDATA("Sum of INDUSTRY GUEST",'Pivot Table'!$A$16,"DAY","Fri")+GETPIVOTDATA("Sum of INDUSTRY GUEST",'Pivot Table'!$A$28,"DAY","Fri")+GETPIVOTDATA("Sum of INDUSTRY GUEST",'Pivot Table'!$A$40,"DAY","Fri")+GETPIVOTDATA("Sum of INDUSTRY GUEST",'Pivot Table'!$A$52,"DAY","Fri")+GETPIVOTDATA("Sum of INDUSTRY GUEST",'Pivot Table'!$A$64,"DAY","Fri")+GETPIVOTDATA("Sum of INDUSTRY GUEST",'Pivot Table'!$A$76,"DAY","Fri")+GETPIVOTDATA("Sum of INDUSTRY GUEST",'Pivot Table'!$A$88,"DAY","Fri")+GETPIVOTDATA("Sum of INDUSTRY GUEST",'Pivot Table'!$A$100,"DAY","Fri")+GETPIVOTDATA("Sum of INDUSTRY GUEST",'Pivot Table'!$A$112,"DAY","Fri")+GETPIVOTDATA("Sum of INDUSTRY GUEST",'Pivot Table'!$A$124,"DAY","Fri")+GETPIVOTDATA("Sum of INDUSTRY GUEST",'Pivot Table'!$A$136,"DAY","Fri") -> 7 | Q15: Industry Guest | R15: =GETPIVOTDATA("Sum of INDUSTRY GUEST",'Pivot Table'!$A$4,"DAY","Sat")+GETPIVOTDATA("Sum of INDUSTRY GUEST",'Pivot Table'!$A$16,"DAY","Sat")+GETPIVOTDATA("Sum of INDUSTRY GUEST",'Pivot Table'!$A$28,"DAY","Sat")+GETPIVOTDATA("Sum of INDUSTRY GUEST",'Pivot Table'!$A$40,"DAY","Sat")+GETPIVOTDATA("Sum of INDUSTRY GUEST",'Pivot Table'!$A$52,"DAY","Sat")+GETPIVOTDATA("Sum of INDUSTRY GUEST",'Pivot Table'!$A$64,"DAY","Sat")+GETPIVOTDATA("Sum of INDUSTRY GUEST",'Pivot Table'!$A$76,"DAY","Sat")+GETPIVOTDATA("Sum of INDUSTRY GUEST",'Pivot Table'!$A$88,"DAY","Sat")+GETPIVOTDATA("Sum of INDUSTRY GUEST",'Pivot Table'!$A$100,"DAY","Sat")+GETPIVOTDATA("Sum of INDUSTRY GUEST",'Pivot Table'!$A$112,"DAY","Sat")+GETPIVOTDATA("Sum of INDUSTRY GUEST",'Pivot Table'!$A$124,"DAY","Sat")+GETPIVOTDATA("Sum of INDUSTRY GUEST",'Pivot Table'!$A$136,"DAY","Sat") -> 0 | T15: Industry Guest | U15: =GETPIVOTDATA("Sum of INDUSTRY GUEST",'Pivot Table'!$A$4,"DAY","Sun")+GETPIVOTDATA("Sum of INDUSTRY GUEST",'Pivot Table'!$A$16,"DAY","Sun")+GETPIVOTDATA("Sum of INDUSTRY GUEST",'Pivot Table'!$A$28,"DAY","Sun")+GETPIVOTDATA("Sum of INDUSTRY GUEST",'Pivot Table'!$A$40,"DAY","Sun")+GETPIVOTDATA("Sum of INDUSTRY GUEST",'Pivot Table'!$A$52,"DAY","Sun")+GETPIVOTDATA("Sum of INDUSTRY GUEST",'Pivot Table'!$A$64,"DAY","Sun")+GETPIVOTDATA("Sum of INDUSTRY GUEST",'Pivot Table'!$A$76,"DAY","Sun")+GETPIVOTDATA("Sum of INDUSTRY GUEST",'Pivot Table'!$A$88,"DAY","Sun")+GETPIVOTDATA("Sum of INDUSTRY GUEST",'Pivot Table'!$A$100,"DAY","Sun")+GETPIVOTDATA("Sum of INDUSTRY GUEST",'Pivot Table'!$A$112,"DAY","Sun")+GETPIVOTDATA("Sum of INDUSTRY GUEST",'Pivot Table'!$A$124,"DAY","Sun")+GETPIVOTDATA("Sum of INDUSTRY GUEST",'Pivot Table'!$A$136,"DAY","Sun") -> 1
B16: Member Intro | C16: =GETPIVOTDATA("Sum of MEMB GUEST MICLUB",'Pivot Table'!$A$4,"DAY","Mon")+GETPIVOTDATA("Sum of MEMB GUEST MICLUB",'Pivot Table'!$A$16,"DAY","Mon")+GETPIVOTDATA("Sum of MEMB GUEST MICLUB",'Pivot Table'!$A$28,"DAY","Mon")+GETPIVOTDATA("Sum of MEMB GUEST MICLUB",'Pivot Table'!$A$40,"DAY","Mon")+GETPIVOTDATA("Sum of MEMB GUEST MICLUB",'Pivot Table'!$A$52,"DAY","Mon")+GETPIVOTDATA("Sum of MEMB GUEST MICLUB",'Pivot Table'!$A$64,"DAY","Mon")+GETPIVOTDATA("Sum of MEMB GUEST MICLUB",'Pivot Table'!$A$76,"DAY","Mon")+GETPIVOTDATA("Sum of MEMB GUEST MICLUB",'Pivot Table'!$A$88,"DAY","Mon")+GETPIVOTDATA("Sum of MEMB GUEST MICLUB",'Pivot Table'!$A$100,"DAY","Mon")+GETPIVOTDATA("Sum of MEMB GUEST MICLUB",'Pivot Table'!$A$112,"DAY","Mon")+GETPIVOTDATA("Sum of MEMB GUEST MICLUB",'Pivot Table'!$A$124,"DAY","Mon")+GETPIVOTDATA("Sum of MEMB GUEST MICLUB",'Pivot Table'!$A$136,"DAY","Mon") -> 425 | E16: Member Intro | F16: =GETPIVOTDATA("Sum of MEMB GUEST MICLUB",'Pivot Table'!$A$4,"DAY","Tue")+GETPIVOTDATA("Sum of MEMB GUEST MICLUB",'Pivot Table'!$A$16,"DAY","Tue")+GETPIVOTDATA("Sum of MEMB GUEST MICLUB",'Pivot Table'!$A$28,"DAY","Tue")+GETPIVOTDATA("Sum of MEMB GUEST MICLUB",'Pivot Table'!$A$40,"DAY","Tue")+GETPIVOTDATA("Sum of MEMB GUEST MICLUB",'Pivot Table'!$A$52,"DAY","Tue")+GETPIVOTDATA("Sum of MEMB GUEST MICLUB",'Pivot Table'!$A$64,"DAY","Tue")+GETPIVOTDATA("Sum of MEMB GUEST MICLUB",'Pivot Table'!$A$76,"DAY","Tue")+GETPIVOTDATA("Sum of MEMB GUEST MICLUB",'Pivot Table'!$A$88,"DAY","Tue")+GETPIVOTDATA("Sum of MEMB GUEST MICLUB",'Pivot Table'!$A$100,"DAY","Tue")+GETPIVOTDATA("Sum of MEMB GUEST MICLUB",'Pivot Table'!$A$112,"DAY","Tue")+GETPIVOTDATA("Sum of MEMB GUEST MICLUB",'Pivot Table'!$A$124,"DAY","Tue")+GETPIVOTDATA("Sum of MEMB GUEST MICLUB",'Pivot Table'!$A$136,"DAY","Tue") -> 212 | H16: Member Intro | I16: =GETPIVOTDATA("Sum of MEMB GUEST MICLUB",'Pivot Table'!$A$4,"DAY","Wed")+GETPIVOTDATA("Sum of MEMB GUEST MICLUB",'Pivot Table'!$A$16,"DAY","Wed")+GETPIVOTDATA("Sum of MEMB GUEST MICLUB",'Pivot Table'!$A$28,"DAY","Wed")+GETPIVOTDATA("Sum of MEMB GUEST MICLUB",'Pivot Table'!$A$40,"DAY","Wed")+GETPIVOTDATA("Sum of MEMB GUEST MICLUB",'Pivot Table'!$A$52,"DAY","Wed")+GETPIVOTDATA("Sum of MEMB GUEST MICLUB",'Pivot Table'!$A$64,"DAY","Wed")+GETPIVOTDATA("Sum of MEMB GUEST MICLUB",'Pivot Table'!$A$76,"DAY","Wed")+GETPIVOTDATA("Sum of MEMB GUEST MICLUB",'Pivot Table'!$A$88,"DAY","Wed")+GETPIVOTDATA("Sum of MEMB GUEST MICLUB",'Pivot Table'!$A$100,"DAY","Wed")+GETPIVOTDATA("Sum of MEMB GUEST MICLUB",'Pivot Table'!$A$112,"DAY","Wed")+GETPIVOTDATA("Sum of MEMB GUEST MICLUB",'Pivot Table'!$A$124,"DAY","Wed")+GETPIVOTDATA("Sum of MEMB GUEST MICLUB",'Pivot Table'!$A$136,"DAY","Wed") -> 587 | K16: Member Intro | L16: =GETPIVOTDATA("Sum of MEMB GUEST MICLUB",'Pivot Table'!$A$4,"DAY","Thu")+GETPIVOTDATA("Sum of MEMB GUEST MICLUB",'Pivot Table'!$A$16,"DAY","Thu")+GETPIVOTDATA("Sum of MEMB GUEST MICLUB",'Pivot Table'!$A$28,"DAY","Thu")+GETPIVOTDATA("Sum of MEMB GUEST MICLUB",'Pivot Table'!$A$40,"DAY","Thu")+GETPIVOTDATA("Sum of MEMB GUEST MICLUB",'Pivot Table'!$A$52,"DAY","Thu")+GETPIVOTDATA("Sum of MEMB GUEST MICLUB",'Pivot Table'!$A$64,"DAY","Thu")+GETPIVOTDATA("Sum of MEMB GUEST MICLUB",'Pivot Table'!$A$76,"DAY","Thu")+GETPIVOTDATA("Sum of MEMB GUEST MICLUB",'Pivot Table'!$A$88,"DAY","Thu")+GETPIVOTDATA("Sum of MEMB GUEST MICLUB",'Pivot Table'!$A$100,"DAY","Thu")+GETPIVOTDATA("Sum of MEMB GUEST MICLUB",'Pivot Table'!$A$112,"DAY","Thu")+GETPIVOTDATA("Sum of MEMB GUEST MICLUB",'Pivot Table'!$A$124,"DAY","Thu")+GETPIVOTDATA("Sum of MEMB GUEST MICLUB",'Pivot Table'!$A$136,"DAY","Thu") -> 13 | N16: Member Intro | O16: =GETPIVOTDATA("Sum of MEMB GUEST MICLUB",'Pivot Table'!$A$4,"DAY","Fri")+GETPIVOTDATA("Sum of MEMB GUEST MICLUB",'Pivot Table'!$A$16,"DAY","Fri")+GETPIVOTDATA("Sum of MEMB GUEST MICLUB",'Pivot Table'!$A$28,"DAY","Fri")+GETPIVOTDATA("Sum of MEMB GUEST MICLUB",'Pivot Table'!$A$40,"DAY","Fri")+GETPIVOTDATA("Sum of MEMB GUEST MICLUB",'Pivot Table'!$A$52,"DAY","Fri")+GETPIVOTDATA("Sum of MEMB GUEST MICLUB",'Pivot Table'!$A$64,"DAY","Fri")+GETPIVOTDATA("Sum of MEMB GUEST MICLUB",'Pivot Table'!$A$76,"DAY","Fri")+GETPIVOTDATA("Sum of MEMB GUEST MICLUB",'Pivot Table'!$A$88,"DAY","Fri")+GETPIVOTDATA("Sum of MEMB GUEST MICLUB",'Pivot Table'!$A$100,"DAY","Fri")+GETPIVOTDATA("Sum of MEMB GUEST MICLUB",'Pivot Table'!$A$112,"DAY","Fri")+GETPIVOTDATA("Sum of MEMB GUEST MICLUB",'Pivot Table'!$A$124,"DAY","Fri")+GETPIVOTDATA("Sum of MEMB GUEST MICLUB",'Pivot Table'!$A$136,"DAY","Fri") -> 1195 | Q16: Member Intro | R16: =GETPIVOTDATA("Sum of MEMB GUEST MICLUB",'Pivot Table'!$A$4,"DAY","Sat")+GETPIVOTDATA("Sum of MEMB GUEST MICLUB",'Pivot Table'!$A$16,"DAY","Sat")+GETPIVOTDATA("Sum of MEMB GUEST MICLUB",'Pivot Table'!$A$28,"DAY","Sat")+GETPIVOTDATA("Sum of MEMB GUEST MICLUB",'Pivot Table'!$A$40,"DAY","Sat")+GETPIVOTDATA("Sum of MEMB GUEST MICLUB",'Pivot Table'!$A$52,"DAY","Sat")+GETPIVOTDATA("Sum of MEMB GUEST MICLUB",'Pivot Table'!$A$64,"DAY","Sat")+GETPIVOTDATA("Sum of MEMB GUEST MICLUB",'Pivot Table'!$A$76,"DAY","Sat")+GETPIVOTDATA("Sum of MEMB GUEST MICLUB",'Pivot Table'!$A$88,"DAY","Sat")+GETPIVOTDATA("Sum of MEMB GUEST MICLUB",'Pivot Table'!$A$100,"DAY","Sat")+GETPIVOTDATA("Sum of MEMB GUEST MICLUB",'Pivot Table'!$A$112,"DAY","Sat")+GETPIVOTDATA("Sum of MEMB GUEST MICLUB",'Pivot Table'!$A$124,"DAY","Sat")+GETPIVOTDATA("Sum of MEMB GUEST MICLUB",'Pivot Table'!$A$136,"DAY","Sat") -> 100 | T16: Member Intro | U16: =GETPIVOTDATA("Sum of MEMB GUEST MICLUB",'Pivot Table'!$A$4,"DAY","Sun")+GETPIVOTDATA("Sum of MEMB GUEST MICLUB",'Pivot Table'!$A$16,"DAY","Sun")+GETPIVOTDATA("Sum of MEMB GUEST MICLUB",'Pivot Table'!$A$28,"DAY","Sun")+GETPIVOTDATA("Sum of MEMB GUEST MICLUB",'Pivot Table'!$A$40,"DAY","Sun")+GETPIVOTDATA("Sum of MEMB GUEST MICLUB",'Pivot Table'!$A$52,"DAY","Sun")+GETPIVOTDATA("Sum of MEMB GUEST MICLUB",'Pivot Table'!$A$64,"DAY","Sun")+GETPIVOTDATA("Sum of MEMB GUEST MICLUB",'Pivot Table'!$A$76,"DAY","Sun")+GETPIVOTDATA("Sum of MEMB GUEST MICLUB",'Pivot Table'!$A$88,"DAY","Sun")+GETPIVOTDATA("Sum of MEMB GUEST MICLUB",'Pivot Table'!$A$100,"DAY","Sun")+GETPIVOTDATA("Sum of MEMB GUEST MICLUB",'Pivot Table'!$A$112,"DAY","Sun")+GETPIVOTDATA("Sum of MEMB GUEST MICLUB",'Pivot Table'!$A$124,"DAY","Sun")+GETPIVOTDATA("Sum of MEMB GUEST MICLUB",'Pivot Table'!$A$136,"DAY","Sun") -> 775
B17: Member Guest Unaccompanied | C17: =GETPIVOTDATA("Sum of MEMB GUEST UNACCOMPANIED",'Pivot Table'!$A$4,"DAY","Mon")+GETPIVOTDATA("Sum of MEMB GUEST UNACCOMPANIED",'Pivot Table'!$A$16,"DAY","Mon")+GETPIVOTDATA("Sum of MEMB GUEST UNACCOMPANIED",'Pivot Table'!$A$28,"DAY","Mon")+GETPIVOTDATA("Sum of MEMB GUEST UNACCOMPANIED",'Pivot Table'!$A$40,"DAY","Mon")+GETPIVOTDATA("Sum of MEMB GUEST UNACCOMPANIED",'Pivot Table'!$A$52,"DAY","Mon")+GETPIVOTDATA("Sum of MEMB GUEST UNACCOMPANIED",'Pivot Table'!$A$64,"DAY","Mon")+GETPIVOTDATA("Sum of MEMB GUEST UNACCOMPANIED",'Pivot Table'!$A$76,"DAY","Mon")+GETPIVOTDATA("Sum of MEMB GUEST UNACCOMPANIED",'Pivot Table'!$A$88,"DAY","Mon")+GETPIVOTDATA("Sum of MEMB GUEST UNACCOMPANIED",'Pivot Table'!$A$100,"DAY","Mon")+GETPIVOTDATA("Sum of MEMB GUEST UNACCOMPANIED",'Pivot Table'!$A$112,"DAY","Mon")+GETPIVOTDATA("Sum of MEMB GUEST UNACCOMPANIED",'Pivot Table'!$A$124,"DAY","Mon")+GETPIVOTDATA("Sum of MEMB GUEST UNACCOMPANIED",'Pivot Table'!$A$136,"DAY","Mon") -> 21 | E17: Member Guest Unaccompanied | F17: =GETPIVOTDATA("Sum of MEMB GUEST UNACCOMPANIED",'Pivot Table'!$A$4,"DAY","Tue")+GETPIVOTDATA("Sum of MEMB GUEST UNACCOMPANIED",'Pivot Table'!$A$16,"DAY","Tue")+GETPIVOTDATA("Sum of MEMB GUEST UNACCOMPANIED",'Pivot Table'!$A$28,"DAY","Tue")+GETPIVOTDATA("Sum of MEMB GUEST UNACCOMPANIED",'Pivot Table'!$A$40,"DAY","Tue")+GETPIVOTDATA("Sum of MEMB GUEST UNACCOMPANIED",'Pivot Table'!$A$52,"DAY","Tue")+GETPIVOTDATA("Sum of MEMB GUEST UNACCOMPANIED",'Pivot Table'!$A$64,"DAY","Tue")+GETPIVOTDATA("Sum of MEMB GUEST UNACCOMPANIED",'Pivot Table'!$A$76,"DAY","Tue")+GETPIVOTDATA("Sum of MEMB GUEST UNACCOMPANIED",'Pivot Table'!$A$88,"DAY","Tue")+GETPIVOTDATA("Sum of MEMB GUEST UNACCOMPANIED",'Pivot Table'!$A$100,"DAY","Tue")+GETPIVOTDATA("Sum of MEMB GUEST UNACCOMPANIED",'Pivot Table'!$A$112,"DAY","Tue")+GETPIVOTDATA("Sum of MEMB GUEST UNACCOMPANIED",'Pivot Table'!$A$124,"DAY","Tue")+GETPIVOTDATA("Sum of MEMB GUEST UNACCOMPANIED",'Pivot Table'!$A$136,"DAY","Tue") -> 0 | H17: Member Guest Unaccompanied | I17: =GETPIVOTDATA("Sum of MEMB GUEST UNACCOMPANIED",'Pivot Table'!$A$4,"DAY","Wed")+GETPIVOTDATA("Sum of MEMB GUEST UNACCOMPANIED",'Pivot Table'!$A$16,"DAY","Wed")+GETPIVOTDATA("Sum of MEMB GUEST UNACCOMPANIED",'Pivot Table'!$A$28,"DAY","Wed")+GETPIVOTDATA("Sum of MEMB GUEST UNACCOMPANIED",'Pivot Table'!$A$40,"DAY","Wed")+GETPIVOTDATA("Sum of MEMB GUEST UNACCOMPANIED",'Pivot Table'!$A$52,"DAY","Wed")+GETPIVOTDATA("Sum of MEMB GUEST UNACCOMPANIED",'Pivot Table'!$A$64,"DAY","Wed")+GETPIVOTDATA("Sum of MEMB GUEST UNACCOMPANIED",'Pivot Table'!$A$76,"DAY","Wed")+GETPIVOTDATA("Sum of MEMB GUEST UNACCOMPANIED",'Pivot Table'!$A$88,"DAY","Wed")+GETPIVOTDATA("Sum of MEMB GUEST UNACCOMPANIED",'Pivot Table'!$A$100,"DAY","Wed")+GETPIVOTDATA("Sum of MEMB GUEST UNACCOMPANIED",'Pivot Table'!$A$112,"DAY","Wed")+GETPIVOTDATA("Sum of MEMB GUEST UNACCOMPANIED",'Pivot Table'!$A$124,"DAY","Wed")+GETPIVOTDATA("Sum of MEMB GUEST UNACCOMPANIED",'Pivot Table'!$A$136,"DAY","Wed") -> 7 | K17: Member Guest Unaccompanied | L17: =GETPIVOTDATA("Sum of MEMB GUEST UNACCOMPANIED",'Pivot Table'!$A$4,"DAY","Thu")+GETPIVOTDATA("Sum of MEMB GUEST UNACCOMPANIED",'Pivot Table'!$A$16,"DAY","Thu")+GETPIVOTDATA("Sum of MEMB GUEST UNACCOMPANIED",'Pivot Table'!$A$28,"DAY","Thu")+GETPIVOTDATA("Sum of MEMB GUEST UNACCOMPANIED",'Pivot Table'!$A$40,"DAY","Thu")+GETPIVOTDATA("Sum of MEMB GUEST UNACCOMPANIED",'Pivot Table'!$A$52,"DAY","Thu")+GETPIVOTDATA("Sum of MEMB GUEST UNACCOMPANIED",'Pivot Table'!$A$64,"DAY","Thu")+GETPIVOTDATA("Sum of MEMB GUEST UNACCOMPANIED",'Pivot Table'!$A$76,"DAY","Thu")+GETPIVOTDATA("Sum of MEMB GUEST UNACCOMPANIED",'Pivot Table'!$A$88,"DAY","Thu")+GETPIVOTDATA("Sum of MEMB GUEST UNACCOMPANIED",'Pivot Table'!$A$100,"DAY","Thu")+GETPIVOTDATA("Sum of MEMB GUEST UNACCOMPANIED",'Pivot Table'!$A$112,"DAY","Thu")+GETPIVOTDATA("Sum of MEMB GUEST UNACCOMPANIED",'Pivot Table'!$A$124,"DAY","Thu")+GETPIVOTDATA("Sum of MEMB GUEST UNACCOMPANIED",'Pivot Table'!$A$136,"DAY","Thu") -> 0 | N17: Member Guest Unaccompanied | O17: =GETPIVOTDATA("Sum of MEMB GUEST UNACCOMPANIED",'Pivot Table'!$A$4,"DAY","Fri")+GETPIVOTDATA("Sum of MEMB GUEST UNACCOMPANIED",'Pivot Table'!$A$16,"DAY","Fri")+GETPIVOTDATA("Sum of MEMB GUEST UNACCOMPANIED",'Pivot Table'!$A$28,"DAY","Fri")+GETPIVOTDATA("Sum of MEMB GUEST UNACCOMPANIED",'Pivot Table'!$A$40,"DAY","Fri")+GETPIVOTDATA("Sum of MEMB GUEST UNACCOMPANIED",'Pivot Table'!$A$52,"DAY","Fri")+GETPIVOTDATA("Sum of MEMB GUEST UNACCOMPANIED",'Pivot Table'!$A$64,"DAY","Fri")+GETPIVOTDATA("Sum of MEMB GUEST UNACCOMPANIED",'Pivot Table'!$A$76,"DAY","Fri")+GETPIVOTDATA("Sum of MEMB GUEST UNACCOMPANIED",'Pivot Table'!$A$88,"DAY","Fri")+GETPIVOTDATA("Sum of MEMB GUEST UNACCOMPANIED",'Pivot Table'!$A$100,"DAY","Fri")+GETPIVOTDATA("Sum of MEMB GUEST UNACCOMPANIED",'Pivot Table'!$A$112,"DAY","Fri")+GETPIVOTDATA("Sum of MEMB GUEST UNACCOMPANIED",'Pivot Table'!$A$124,"DAY","Fri")+GETPIVOTDATA("Sum of MEMB GUEST UNACCOMPANIED",'Pivot Table'!$A$136,"DAY","Fri") -> 8 | Q17: Member Guest Unaccompanied | R17: =GETPIVOTDATA("Sum of MEMB GUEST UNACCOMPANIED",'Pivot Table'!$A$4,"DAY","Sat")+GETPIVOTDATA("Sum of MEMB GUEST UNACCOMPANIED",'Pivot Table'!$A$16,"DAY","Sat")+GETPIVOTDATA("Sum of MEMB GUEST UNACCOMPANIED",'Pivot Table'!$A$28,"DAY","Sat")+GETPIVOTDATA("Sum of MEMB GUEST UNACCOMPANIED",'Pivot Table'!$A$40,"DAY","Sat")+GETPIVOTDATA("Sum of MEMB GUEST UNACCOMPANIED",'Pivot Table'!$A$52,"DAY","Sat")+GETPIVOTDATA("Sum of MEMB GUEST UNACCOMPANIED",'Pivot Table'!$A$64,"DAY","Sat")+GETPIVOTDATA("Sum of MEMB GUEST UNACCOMPANIED",'Pivot Table'!$A$76,"DAY","Sat")+GETPIVOTDATA("Sum of MEMB GUEST UNACCOMPANIED",'Pivot Table'!$A$88,"DAY","Sat")+GETPIVOTDATA("Sum of MEMB GUEST UNACCOMPANIED",'Pivot Table'!$A$100,"DAY","Sat")+GETPIVOTDATA("Sum of MEMB GUEST UNACCOMPANIED",'Pivot Table'!$A$112,"DAY","Sat")+GETPIVOTDATA("Sum of MEMB GUEST UNACCOMPANIED",'Pivot Table'!$A$124,"DAY","Sat")+GETPIVOTDATA("Sum of MEMB GUEST UNACCOMPANIED",'Pivot Table'!$A$136,"DAY","Sat") -> 0 | T17: Member Guest Unaccompanied | U17: =GETPIVOTDATA("Sum of MEMB GUEST UNACCOMPANIED",'Pivot Table'!$A$4,"DAY","Sun")+GETPIVOTDATA("Sum of MEMB GUEST UNACCOMPANIED",'Pivot Table'!$A$16,"DAY","Sun")+GETPIVOTDATA("Sum of MEMB GUEST UNACCOMPANIED",'Pivot Table'!$A$28,"DAY","Sun")+GETPIVOTDATA("Sum of MEMB GUEST UNACCOMPANIED",'Pivot Table'!$A$40,"DAY","Sun")+GETPIVOTDATA("Sum of MEMB GUEST UNACCOMPANIED",'Pivot Table'!$A$52,"DAY","Sun")+GETPIVOTDATA("Sum of MEMB GUEST UNACCOMPANIED",'Pivot Table'!$A$64,"DAY","Sun")+GETPIVOTDATA("Sum of MEMB GUEST UNACCOMPANIED",'Pivot Table'!$A$76,"DAY","Sun")+GETPIVOTDATA("Sum of MEMB GUEST UNACCOMPANIED",'Pivot Table'!$A$88,"DAY","Sun")+GETPIVOTDATA("Sum of MEMB GUEST UNACCOMPANIED",'Pivot Table'!$A$100,"DAY","Sun")+GETPIVOTDATA("Sum of MEMB GUEST UNACCOMPANIED",'Pivot Table'!$A$112,"DAY","Sun")+GETPIVOTDATA("Sum of MEMB GUEST UNACCOMPANIED",'Pivot Table'!$A$124,"DAY","Sun")+GETPIVOTDATA("Sum of MEMB GUEST UNACCOMPANIED",'Pivot Table'!$A$136,"DAY","Sun") -> 0
B18: Corporate | C18: =GETPIVOTDATA("Sum of CORPORATE",'Pivot Table'!$A$4,"DAY","Mon")+GETPIVOTDATA("Sum of CORPORATE",'Pivot Table'!$A$16,"DAY","Mon")+GETPIVOTDATA("Sum of CORPORATE",'Pivot Table'!$A$28,"DAY","Mon")+GETPIVOTDATA("Sum of CORPORATE",'Pivot Table'!$A$40,"DAY","Mon")+GETPIVOTDATA("Sum of CORPORATE",'Pivot Table'!$A$52,"DAY","Mon")+GETPIVOTDATA("Sum of CORPORATE",'Pivot Table'!$A$64,"DAY","Mon")+GETPIVOTDATA("Sum of CORPORATE",'Pivot Table'!$A$76,"DAY","Mon")+GETPIVOTDATA("Sum of CORPORATE",'Pivot Table'!$A$88,"DAY","Mon")+GETPIVOTDATA("Sum of CORPORATE",'Pivot Table'!$A$100,"DAY","Mon")+GETPIVOTDATA("Sum of CORPORATE",'Pivot Table'!$A$112,"DAY","Mon")+GETPIVOTDATA("Sum of CORPORATE",'Pivot Table'!$A$124,"DAY","Mon")+GETPIVOTDATA("Sum of CORPORATE",'Pivot Table'!$A$136,"DAY","Mon") -> 100 | E18: Corporate | F18: =GETPIVOTDATA("Sum of CORPORATE",'Pivot Table'!$A$4,"DAY","Tue")+GETPIVOTDATA("Sum of CORPORATE",'Pivot Table'!$A$16,"DAY","Tue")+GETPIVOTDATA("Sum of CORPORATE",'Pivot Table'!$A$28,"DAY","Tue")+GETPIVOTDATA("Sum of CORPORATE",'Pivot Table'!$A$40,"DAY","Tue")+GETPIVOTDATA("Sum of CORPORATE",'Pivot Table'!$A$52,"DAY","Tue")+GETPIVOTDATA("Sum of CORPORATE",'Pivot Table'!$A$64,"DAY","Tue")+GETPIVOTDATA("Sum of CORPORATE",'Pivot Table'!$A$76,"DAY","Tue")+GETPIVOTDATA("Sum of CORPORATE",'Pivot Table'!$A$88,"DAY","Tue")+GETPIVOTDATA("Sum of CORPORATE",'Pivot Table'!$A$100,"DAY","Tue")+GETPIVOTDATA("Sum of CORPORATE",'Pivot Table'!$A$112,"DAY","Tue")+GETPIVOTDATA("Sum of CORPORATE",'Pivot Table'!$A$124,"DAY","Tue")+GETPIVOTDATA("Sum of CORPORATE",'Pivot Table'!$A$136,"DAY","Tue") -> 0 | H18: Corporate | I18: =GETPIVOTDATA("Sum of CORPORATE",'Pivot Table'!$A$4,"DAY","Wed")+GETPIVOTDATA("Sum of CORPORATE",'Pivot Table'!$A$16,"DAY","Wed")+GETPIVOTDATA("Sum of CORPORATE",'Pivot Table'!$A$28,"DAY","Wed")+GETPIVOTDATA("Sum of CORPORATE",'Pivot Table'!$A$40,"DAY","Wed")+GETPIVOTDATA("Sum of CORPORATE",'Pivot Table'!$A$52,"DAY","Wed")+GETPIVOTDATA("Sum of CORPORATE",'Pivot Table'!$A$64,"DAY","Wed")+GETPIVOTDATA("Sum of CORPORATE",'Pivot Table'!$A$76,"DAY","Wed")+GETPIVOTDATA("Sum of CORPORATE",'Pivot Table'!$A$88,"DAY","Wed")+GETPIVOTDATA("Sum of CORPORATE",'Pivot Table'!$A$100,"DAY","Wed")+GETPIVOTDATA("Sum of CORPORATE",'Pivot Table'!$A$112,"DAY","Wed")+GETPIVOTDATA("Sum of CORPORATE",'Pivot Table'!$A$124,"DAY","Wed")+GETPIVOTDATA("Sum of CORPORATE",'Pivot Table'!$A$136,"DAY","Wed") -> 2001 | K18: Corporate | L18: =GETPIVOTDATA("Sum of CORPORATE",'Pivot Table'!$A$4,"DAY","Thu")+GETPIVOTDATA("Sum of CORPORATE",'Pivot Table'!$A$16,"DAY","Thu")++GETPIVOTDATA("Sum of CORPORATE",'Pivot Table'!$A$28,"DAY","Thu")+GETPIVOTDATA("Sum of CORPORATE",'Pivot Table'!$A$40,"DAY","Thu")+GETPIVOTDATA("Sum of CORPORATE",'Pivot Table'!$A$52,"DAY","Thu")+GETPIVOTDATA("Sum of CORPORATE",'Pivot Table'!$A$64,"DAY","Thu")+GETPIVOTDATA("Sum of CORPORATE",'Pivot Table'!$A$76,"DAY","Thu")+GETPIVOTDATA("Sum of CORPORATE",'Pivot Table'!$A$88,"DAY","Thu")+GETPIVOTDATA("Sum of CORPORATE",'Pivot Table'!$A$100,"DAY","Thu")+GETPIVOTDATA("Sum of CORPORATE",'Pivot Table'!$A$112,"DAY","Thu")+GETPIVOTDATA("Sum of CORPORATE",'Pivot Table'!$A$124,"DAY","Thu")+GETPIVOTDATA("Sum of CORPORATE",'Pivot Table'!$A$136,"DAY","Thu") -> 0 | N18: Corporate | O18: =GETPIVOTDATA("Sum of CORPORATE",'Pivot Table'!$A$4,"DAY","Fri")+GETPIVOTDATA("Sum of CORPORATE",'Pivot Table'!$A$16,"DAY","Fri")+GETPIVOTDATA("Sum of CORPORATE",'Pivot Table'!$A$28,"DAY","Fri")+GETPIVOTDATA("Sum of CORPORATE",'Pivot Table'!$A$40,"DAY","Fri")+GETPIVOTDATA("Sum of CORPORATE",'Pivot Table'!$A$52,"DAY","Fri")+GETPIVOTDATA("Sum of CORPORATE",'Pivot Table'!$A$64,"DAY","Fri")+GETPIVOTDATA("Sum of CORPORATE",'Pivot Table'!$A$76,"DAY","Sat")+GETPIVOTDATA("Sum of CORPORATE",'Pivot Table'!$A$88,"DAY","Fri")+GETPIVOTDATA("Sum of CORPORATE",'Pivot Table'!$A$100,"DAY","Fri")+GETPIVOTDATA("Sum of CORPORATE",'Pivot Table'!$A$112,"DAY","Fri")+GETPIVOTDATA("Sum of CORPORATE",'Pivot Table'!$A$124,"DAY","Fri")+GETPIVOTDATA("Sum of CORPORATE",'Pivot Table'!$A$136,"DAY","Fri") -> 493 | Q18: Corporate | R18: =GETPIVOTDATA("Sum of CORPORATE",'Pivot Table'!$A$4,"DAY","Sat")+GETPIVOTDATA("Sum of CORPORATE",'Pivot Table'!$A$16,"DAY","Sat")+GETPIVOTDATA("Sum of CORPORATE",'Pivot Table'!$A$28,"DAY","Sat")+GETPIVOTDATA("Sum of CORPORATE",'Pivot Table'!$A$40,"DAY","Sat")+GETPIVOTDATA("Sum of CORPORATE",'Pivot Table'!$A$52,"DAY","Sat")+GETPIVOTDATA("Sum of CORPORATE",'Pivot Table'!$A$64,"DAY","Sat")+GETPIVOTDATA("Sum of CORPORATE",'Pivot Table'!$A$76,"DAY","Sat")+GETPIVOTDATA("Sum of CORPORATE",'Pivot Table'!$A$88,"DAY","Sat")+GETPIVOTDATA("Sum of CORPORATE",'Pivot Table'!$A$100,"DAY","Sat")+GETPIVOTDATA("Sum of CORPORATE",'Pivot Table'!$A$112,"DAY","Sat")+GETPIVOTDATA("Sum of CORPORATE",'Pivot Table'!$A$124,"DAY","Sat")+GETPIVOTDATA("Sum of CORPORATE",'Pivot Table'!$A$136,"DAY","Sat") -> 12 | T18: Corporate | U18: =GETPIVOTDATA("Sum of CORPORATE",'Pivot Table'!$A$4,"DAY","Sun")+GETPIVOTDATA("Sum of CORPORATE",'Pivot Table'!$A$16,"DAY","Sun")+GETPIVOTDATA("Sum of CORPORATE",'Pivot Table'!$A$28,"DAY","Sun")+GETPIVOTDATA("Sum of CORPORATE",'Pivot Table'!$A$40,"DAY","Sun")+GETPIVOTDATA("Sum of CORPORATE",'Pivot Table'!$A$52,"DAY","Sun")+GETPIVOTDATA("Sum of CORPORATE",'Pivot Table'!$A$64,"DAY","Sun")+GETPIVOTDATA("Sum of CORPORATE",'Pivot Table'!$A$76,"DAY","Sun")+GETPIVOTDATA("Sum of CORPORATE",'Pivot Table'!$A$88,"DAY","Sun")+GETPIVOTDATA("Sum of CORPORATE",'Pivot Table'!$A$100,"DAY","Sun")+GETPIVOTDATA("Sum of CORPORATE",'Pivot Table'!$A$112,"DAY","Sun")+GETPIVOTDATA("Sum of CORPORATE",'Pivot Table'!$A$124,"DAY","Sun")+GETPIVOTDATA("Sum of CORPORATE",'Pivot Table'!$A$136,"DAY","Sun") -> 0
B19: Non Playing | C19: =GETPIVOTDATA("Sum of NON-PLAYING",'Pivot Table'!$A$4,"DAY","Mon")+GETPIVOTDATA("Sum of NON-PLAYING",'Pivot Table'!$A$16,"DAY","Mon")+GETPIVOTDATA("Sum of NON-PLAYING",'Pivot Table'!$A$28,"DAY","Mon")+GETPIVOTDATA("Sum of NON-PLAYING",'Pivot Table'!$A$40,"DAY","Mon")+GETPIVOTDATA("Sum of NON-PLAYING",'Pivot Table'!$A$52,"DAY","Mon")+GETPIVOTDATA("Sum of NON-PLAYING",'Pivot Table'!$A$64,"DAY","Mon")+GETPIVOTDATA("Sum of NON-PLAYING",'Pivot Table'!$A$76,"DAY","Mon")+GETPIVOTDATA("Sum of NON-PLAYING",'Pivot Table'!$A$88,"DAY","Mon")+GETPIVOTDATA("Sum of NON-PLAYING",'Pivot Table'!$A$100,"DAY","Mon")+GETPIVOTDATA("Sum of NON-PLAYING",'Pivot Table'!$A$112,"DAY","Mon")+GETPIVOTDATA("Sum of NON-PLAYING",'Pivot Table'!$A$124,"DAY","Mon")+GETPIVOTDATA("Sum of NON-PLAYING",'Pivot Table'!$A$136,"DAY","Mon") -> 72 | E19: Non Playing | F19: =GETPIVOTDATA("Sum of NON-PLAYING",'Pivot Table'!$A$4,"DAY","Tue")+GETPIVOTDATA("Sum of NON-PLAYING",'Pivot Table'!$A$16,"DAY","Tue")+GETPIVOTDATA("Sum of NON-PLAYING",'Pivot Table'!$A$28,"DAY","Tue")+GETPIVOTDATA("Sum of NON-PLAYING",'Pivot Table'!$A$40,"DAY","Tue")+GETPIVOTDATA("Sum of NON-PLAYING",'Pivot Table'!$A$52,"DAY","Tue")+GETPIVOTDATA("Sum of NON-PLAYING",'Pivot Table'!$A$64,"DAY","Tue")+GETPIVOTDATA("Sum of NON-PLAYING",'Pivot Table'!$A$76,"DAY","Tue")+GETPIVOTDATA("Sum of NON-PLAYING",'Pivot Table'!$A$88,"DAY","Tue")+GETPIVOTDATA("Sum of NON-PLAYING",'Pivot Table'!$A$100,"DAY","Tue")+GETPIVOTDATA("Sum of NON-PLAYING",'Pivot Table'!$A$112,"DAY","Tue")+GETPIVOTDATA("Sum of NON-PLAYING",'Pivot Table'!$A$124,"DAY","Tue")+GETPIVOTDATA("Sum of NON-PLAYING",'Pivot Table'!$A$136,"DAY","Tue") -> 45 | H19: Non Playing | I19: =GETPIVOTDATA("Sum of NON-PLAYING",'Pivot Table'!$A$4,"DAY","Wed")+GETPIVOTDATA("Sum of NON-PLAYING",'Pivot Table'!$A$16,"DAY","Wed")+GETPIVOTDATA("Sum of NON-PLAYING",'Pivot Table'!$A$28,"DAY","Wed")+GETPIVOTDATA("Sum of NON-PLAYING",'Pivot Table'!$A$40,"DAY","Wed")+GETPIVOTDATA("Sum of NON-PLAYING",'Pivot Table'!$A$52,"DAY","Wed")+GETPIVOTDATA("Sum of NON-PLAYING",'Pivot Table'!$A$64,"DAY","Wed")+GETPIVOTDATA("Sum of NON-PLAYING",'Pivot Table'!$A$76,"DAY","Wed")+GETPIVOTDATA("Sum of NON-PLAYING",'Pivot Table'!$A$88,"DAY","Wed")+GETPIVOTDATA("Sum of NON-PLAYING",'Pivot Table'!$A$100,"DAY","Wed")+GETPIVOTDATA("Sum of NON-PLAYING",'Pivot Table'!$A$112,"DAY","Wed")+GETPIVOTDATA("Sum of NON-PLAYING",'Pivot Table'!$A$124,"DAY","Wed")+GETPIVOTDATA("Sum of NON-PLAYING",'Pivot Table'!$A$136,"DAY","Wed") -> 24 | K19: Non Playing | L19: =GETPIVOTDATA("Sum of NON-PLAYING",'Pivot Table'!$A$4,"DAY","Thu")+GETPIVOTDATA("Sum of NON-PLAYING",'Pivot Table'!$A$16,"DAY","Thu")+GETPIVOTDATA("Sum of NON-PLAYING",'Pivot Table'!$A$28,"DAY","Thu")+GETPIVOTDATA("Sum of NON-PLAYING",'Pivot Table'!$A$40,"DAY","Thu")+GETPIVOTDATA("Sum of NON-PLAYING",'Pivot Table'!$A$52,"DAY","Thu")+GETPIVOTDATA("Sum of NON-PLAYING",'Pivot Table'!$A$64,"DAY","Thu")+GETPIVOTDATA("Sum of NON-PLAYING",'Pivot Table'!$A$76,"DAY","Thu")+GETPIVOTDATA("Sum of NON-PLAYING",'Pivot Table'!$A$88,"DAY","Thu")+GETPIVOTDATA("Sum of NON-PLAYING",'Pivot Table'!$A$100,"DAY","Thu")+GETPIVOTDATA("Sum of NON-PLAYING",'Pivot Table'!$A$112,"DAY","Thu")+GETPIVOTDATA("Sum of NON-PLAYING",'Pivot Table'!$A$124,"DAY","Thu")+GETPIVOTDATA("Sum of NON-PLAYING",'Pivot Table'!$A$136,"DAY","Thu") -> 69 | N19: Non Playing | O19: =GETPIVOTDATA("Sum of NON-PLAYING",'Pivot Table'!$A$4,"DAY","Fri")+GETPIVOTDATA("Sum of NON-PLAYING",'Pivot Table'!$A$16,"DAY","Fri")+GETPIVOTDATA("Sum of NON-PLAYING",'Pivot Table'!$A$28,"DAY","Fri")+GETPIVOTDATA("Sum of NON-PLAYING",'Pivot Table'!$A$40,"DAY","Fri")+GETPIVOTDATA("Sum of NON-PLAYING",'Pivot Table'!$A$52,"DAY","Fri")+GETPIVOTDATA("Sum of NON-PLAYING",'Pivot Table'!$A$64,"DAY","Fri")+GETPIVOTDATA("Sum of NON-PLAYING",'Pivot Table'!$A$76,"DAY","Fri")+GETPIVOTDATA("Sum of NON-PLAYING",'Pivot Table'!$A$88,"DAY","Fri")+GETPIVOTDATA("Sum of NON-PLAYING",'Pivot Table'!$A$100,"DAY","Fri")+GETPIVOTDATA("Sum of NON-PLAYING",'Pivot Table'!$A$112,"DAY","Fri")+GETPIVOTDATA("Sum of NON-PLAYING",'Pivot Table'!$A$124,"DAY","Fri")+GETPIVOTDATA("Sum of NON-PLAYING",'Pivot Table'!$A$136,"DAY","Fri") -> 82 | Q19: Non Playing | R19: =GETPIVOTDATA("Sum of NON-PLAYING",'Pivot Table'!$A$4,"DAY","Sat")+GETPIVOTDATA("Sum of NON-PLAYING",'Pivot Table'!$A$16,"DAY","Sat")+GETPIVOTDATA("Sum of NON-PLAYING",'Pivot Table'!$A$28,"DAY","Sat")+GETPIVOTDATA("Sum of NON-PLAYING",'Pivot Table'!$A$40,"DAY","Sat")+GETPIVOTDATA("Sum of NON-PLAYING",'Pivot Table'!$A$52,"DAY","Sat")+GETPIVOTDATA("Sum of NON-PLAYING",'Pivot Table'!$A$64,"DAY","Sat")+GETPIVOTDATA("Sum of NON-PLAYING",'Pivot Table'!$A$76,"DAY","Sat")+GETPIVOTDATA("Sum of NON-PLAYING",'Pivot Table'!$A$88,"DAY","Sat")+GETPIVOTDATA("Sum of NON-PLAYING",'Pivot Table'!$A$100,"DAY","Sat")+GETPIVOTDATA("Sum of NON-PLAYING",'Pivot Table'!$A$112,"DAY","Sat")+GETPIVOTDATA("Sum of NON-PLAYING",'Pivot Table'!$A$124,"DAY","Sat")+GETPIVOTDATA("Sum of NON-PLAYING",'Pivot Table'!$A$136,"DAY","Sat") -> 30 | T19: Non Playing | U19: =GETPIVOTDATA("Sum of NON-PLAYING",'Pivot Table'!$A$4,"DAY","Sun")+GETPIVOTDATA("Sum of NON-PLAYING",'Pivot Table'!$A$16,"DAY","Sun")+GETPIVOTDATA("Sum of NON-PLAYING",'Pivot Table'!$A$28,"DAY","Sun")+GETPIVOTDATA("Sum of NON-PLAYING",'Pivot Table'!$A$40,"DAY","Sun")+GETPIVOTDATA("Sum of NON-PLAYING",'Pivot Table'!$A$52,"DAY","Sun")+GETPIVOTDATA("Sum of NON-PLAYING",'Pivot Table'!$A$64,"DAY","Sun")+GETPIVOTDATA("Sum of NON-PLAYING",'Pivot Table'!$A$76,"DAY","Sun")+GETPIVOTDATA("Sum of NON-PLAYING",'Pivot Table'!$A$88,"DAY","Sun")+GETPIVOTDATA("Sum of NON-PLAYING",'Pivot Table'!$A$100,"DAY","Sun")+GETPIVOTDATA("Sum of NON-PLAYING",'Pivot Table'!$A$112,"DAY","Sun")+GETPIVOTDATA("Sum of NON-PLAYING",'Pivot Table'!$A$124,"DAY","Sun")+GETPIVOTDATA("Sum of NON-PLAYING",'Pivot Table'!$A$136,"DAY","Sun") -> 82
B20: Voucher | C20: =GETPIVOTDATA("Sum of VOUCHER",'Pivot Table'!$A$4,"DAY","Mon")+GETPIVOTDATA("Sum of VOUCHER",'Pivot Table'!$A$16,"DAY","Mon")+GETPIVOTDATA("Sum of VOUCHER",'Pivot Table'!$A$28,"DAY","Mon")+GETPIVOTDATA("Sum of VOUCHER",'Pivot Table'!$A$40,"DAY","Mon")+GETPIVOTDATA("Sum of VOUCHER",'Pivot Table'!$A$52,"DAY","Mon")+GETPIVOTDATA("Sum of VOUCHER",'Pivot Table'!$A$64,"DAY","Mon")+GETPIVOTDATA("Sum of VOUCHER",'Pivot Table'!$A$76,"DAY","Mon")+GETPIVOTDATA("Sum of VOUCHER",'Pivot Table'!$A$88,"DAY","Mon")+GETPIVOTDATA("Sum of VOUCHER",'Pivot Table'!$A$100,"DAY","Mon")+GETPIVOTDATA("Sum of VOUCHER",'Pivot Table'!$A$112,"DAY","Mon")+GETPIVOTDATA("Sum of VOUCHER",'Pivot Table'!$A$124,"DAY","Mon")+GETPIVOTDATA("Sum of VOUCHER",'Pivot Table'!$A$136,"DAY","Mon") -> 53 | E20: Voucher | F20: =GETPIVOTDATA("Sum of VOUCHER",'Pivot Table'!$A$4,"DAY","Tue")+GETPIVOTDATA("Sum of VOUCHER",'Pivot Table'!$A$16,"DAY","Tue")+GETPIVOTDATA("Sum of VOUCHER",'Pivot Table'!$A$28,"DAY","Tue")+GETPIVOTDATA("Sum of VOUCHER",'Pivot Table'!$A$40,"DAY","Tue")+GETPIVOTDATA("Sum of VOUCHER",'Pivot Table'!$A$52,"DAY","Tue")+GETPIVOTDATA("Sum of VOUCHER",'Pivot Table'!$A$64,"DAY","Tue")+GETPIVOTDATA("Sum of VOUCHER",'Pivot Table'!$A$76,"DAY","Tue")+GETPIVOTDATA("Sum of VOUCHER",'Pivot Table'!$A$88,"DAY","Tue")+GETPIVOTDATA("Sum of VOUCHER",'Pivot Table'!$A$100,"DAY","Tue")+GETPIVOTDATA("Sum of VOUCHER",'Pivot Table'!$A$112,"DAY","Tue")+GETPIVOTDATA("Sum of VOUCHER",'Pivot Table'!$A$124,"DAY","Tue")+GETPIVOTDATA("Sum of VOUCHER",'Pivot Table'!$A$136,"DAY","Tue") -> 0 | H20: Voucher | I20: =GETPIVOTDATA("Sum of VOUCHER",'Pivot Table'!$A$4,"DAY","Wed")+GETPIVOTDATA("Sum of VOUCHER",'Pivot Table'!$A$16,"DAY","Wed")+GETPIVOTDATA("Sum of VOUCHER",'Pivot Table'!$A$28,"DAY","Wed")+GETPIVOTDATA("Sum of VOUCHER",'Pivot Table'!$A$40,"DAY","Wed")+GETPIVOTDATA("Sum of VOUCHER",'Pivot Table'!$A$52,"DAY","Wed")+GETPIVOTDATA("Sum of VOUCHER",'Pivot Table'!$A$64,"DAY","Wed")+GETPIVOTDATA("Sum of VOUCHER",'Pivot Table'!$A$76,"DAY","Wed")+GETPIVOTDATA("Sum of VOUCHER",'Pivot Table'!$A$88,"DAY","Wed")+GETPIVOTDATA("Sum of VOUCHER",'Pivot Table'!$A$100,"DAY","Wed")+GETPIVOTDATA("Sum of VOUCHER",'Pivot Table'!$A$112,"DAY","Wed")+GETPIVOTDATA("Sum of VOUCHER",'Pivot Table'!$A$124,"DAY","Wed")+GETPIVOTDATA("Sum of VOUCHER",'Pivot Table'!$A$136,"DAY","Wed") -> 72 | K20: Voucher | L20: =GETPIVOTDATA("Sum of VOUCHER",'Pivot Table'!$A$4,"DAY","Thu")+GETPIVOTDATA("Sum of VOUCHER",'Pivot Table'!$A$16,"DAY","Thu")+GETPIVOTDATA("Sum of VOUCHER",'Pivot Table'!$A$28,"DAY","Thu")+GETPIVOTDATA("Sum of VOUCHER",'Pivot Table'!$A$40,"DAY","Thu")+GETPIVOTDATA("Sum of VOUCHER",'Pivot Table'!$A$52,"DAY","Thu")+GETPIVOTDATA("Sum of VOUCHER",'Pivot Table'!$A$64,"DAY","Thu")+GETPIVOTDATA("Sum of VOUCHER",'Pivot Table'!$A$76,"DAY","Thu")+GETPIVOTDATA("Sum of VOUCHER",'Pivot Table'!$A$88,"DAY","Thu")+GETPIVOTDATA("Sum of VOUCHER",'Pivot Table'!$A$100,"DAY","Thu")+GETPIVOTDATA("Sum of VOUCHER",'Pivot Table'!$A$112,"DAY","Thu")+GETPIVOTDATA("Sum of VOUCHER",'Pivot Table'!$A$124,"DAY","Thu")+GETPIVOTDATA("Sum of VOUCHER",'Pivot Table'!$A$136,"DAY","Thu") -> 0 | N20: Voucher | O20: =GETPIVOTDATA("Sum of VOUCHER",'Pivot Table'!$A$4,"DAY","Fri")+GETPIVOTDATA("Sum of VOUCHER",'Pivot Table'!$A$16,"DAY","Fri")+GETPIVOTDATA("Sum of VOUCHER",'Pivot Table'!$A$28,"DAY","Fri")+GETPIVOTDATA("Sum of VOUCHER",'Pivot Table'!$A$40,"DAY","Fri")+GETPIVOTDATA("Sum of VOUCHER",'Pivot Table'!$A$52,"DAY","Fri")+GETPIVOTDATA("Sum of VOUCHER",'Pivot Table'!$A$64,"DAY","Fri")+GETPIVOTDATA("Sum of VOUCHER",'Pivot Table'!$A$76,"DAY","Fri")+GETPIVOTDATA("Sum of VOUCHER",'Pivot Table'!$A$88,"DAY","Fri")+GETPIVOTDATA("Sum of VOUCHER",'Pivot Table'!$A$100,"DAY","Fri")+GETPIVOTDATA("Sum of VOUCHER",'Pivot Table'!$A$112,"DAY","Fri")+GETPIVOTDATA("Sum of VOUCHER",'Pivot Table'!$A$124,"DAY","Fri")+GETPIVOTDATA("Sum of VOUCHER",'Pivot Table'!$A$136,"DAY","Fri") -> 252 | Q20: Voucher | R20: =GETPIVOTDATA("Sum of VOUCHER",'Pivot Table'!$A$4,"DAY","Sat")+GETPIVOTDATA("Sum of VOUCHER",'Pivot Table'!$A$16,"DAY","Sat")+GETPIVOTDATA("Sum of VOUCHER",'Pivot Table'!$A$28,"DAY","Sat")+GETPIVOTDATA("Sum of VOUCHER",'Pivot Table'!$A$40,"DAY","Sat")+GETPIVOTDATA("Sum of VOUCHER",'Pivot Table'!$A$52,"DAY","Sat")+GETPIVOTDATA("Sum of VOUCHER",'Pivot Table'!$A$64,"DAY","Sat")+GETPIVOTDATA("Sum of VOUCHER",'Pivot Table'!$A$76,"DAY","Sat")+GETPIVOTDATA("Sum of VOUCHER",'Pivot Table'!$A$88,"DAY","Sat")+GETPIVOTDATA("Sum of VOUCHER",'Pivot Table'!$A$100,"DAY","Sat")+GETPIVOTDATA("Sum of VOUCHER",'Pivot Table'!$A$112,"DAY","Sat")+GETPIVOTDATA("Sum of VOUCHER",'Pivot Table'!$A$124,"DAY","Sat")+GETPIVOTDATA("Sum of VOUCHER",'Pivot Table'!$A$136,"DAY","Sat") -> 0 | T20: Voucher | U20: =GETPIVOTDATA("Sum of VOUCHER",'Pivot Table'!$A$4,"DAY","Sun")+GETPIVOTDATA("Sum of VOUCHER",'Pivot Table'!$A$16,"DAY","Sun")+GETPIVOTDATA("Sum of VOUCHER",'Pivot Table'!$A$28,"DAY","Sun")+GETPIVOTDATA("Sum of VOUCHER",'Pivot Table'!$A$40,"DAY","Sun")+GETPIVOTDATA("Sum of VOUCHER",'Pivot Table'!$A$52,"DAY","Sun")+GETPIVOTDATA("Sum of VOUCHER",'Pivot Table'!$A$64,"DAY","Sun")+GETPIVOTDATA("Sum of VOUCHER",'Pivot Table'!$A$76,"DAY","Sun")+GETPIVOTDATA("Sum of VOUCHER",'Pivot Table'!$A$88,"DAY","Sun")+GETPIVOTDATA("Sum of VOUCHER",'Pivot Table'!$A$100,"DAY","Sun")+GETPIVOTDATA("Sum of VOUCHER",'Pivot Table'!$A$112,"DAY","Sun")+GETPIVOTDATA("Sum of VOUCHER",'Pivot Table'!$A$124,"DAY","Sun")+GETPIVOTDATA("Sum of VOUCHER",'Pivot Table'!$A$136,"DAY","Sun") -> 145
B21: Reciprocal | C21: =GETPIVOTDATA("Sum of RECIP",'Pivot Table'!$A$4,"DAY","Mon")+GETPIVOTDATA("Sum of RECIP",'Pivot Table'!$A$16,"DAY","Mon")+GETPIVOTDATA("Sum of RECIP",'Pivot Table'!$A$28,"DAY","Mon")+GETPIVOTDATA("Sum of RECIP",'Pivot Table'!$A$40,"DAY","Mon")+GETPIVOTDATA("Sum of RECIP",'Pivot Table'!$A$52,"DAY","Mon")+GETPIVOTDATA("Sum of RECIP",'Pivot Table'!$A$64,"DAY","Mon")+GETPIVOTDATA("Sum of RECIP",'Pivot Table'!$A$76,"DAY","Mon")+GETPIVOTDATA("Sum of RECIP",'Pivot Table'!$A$88,"DAY","Mon")+GETPIVOTDATA("Sum of RECIP",'Pivot Table'!$A$100,"DAY","Mon")+GETPIVOTDATA("Sum of RECIP",'Pivot Table'!$A$112,"DAY","Mon")+GETPIVOTDATA("Sum of RECIP",'Pivot Table'!$A$124,"DAY","Mon")+GETPIVOTDATA("Sum of RECIP",'Pivot Table'!$A$136,"DAY","Mon") -> 182 | E21: Reciprocal | F21: =GETPIVOTDATA("Sum of RECIP",'Pivot Table'!$A$4,"DAY","Tue")+GETPIVOTDATA("Sum of RECIP",'Pivot Table'!$A$16,"DAY","Tue")+GETPIVOTDATA("Sum of RECIP",'Pivot Table'!$A$28,"DAY","Tue")+GETPIVOTDATA("Sum of RECIP",'Pivot Table'!$A$40,"DAY","Tue")+GETPIVOTDATA("Sum of RECIP",'Pivot Table'!$A$52,"DAY","Tue")+GETPIVOTDATA("Sum of RECIP",'Pivot Table'!$A$64,"DAY","Tue")+GETPIVOTDATA("Sum of RECIP",'Pivot Table'!$A$76,"DAY","Tue")+GETPIVOTDATA("Sum of RECIP",'Pivot Table'!$A$88,"DAY","Tue")+GETPIVOTDATA("Sum of RECIP",'Pivot Table'!$A$100,"DAY","Tue")+GETPIVOTDATA("Sum of RECIP",'Pivot Table'!$A$112,"DAY","Tue")+GETPIVOTDATA("Sum of RECIP",'Pivot Table'!$A$124,"DAY","Tue")+GETPIVOTDATA("Sum of RECIP",'Pivot Table'!$A$136,"DAY","Tue") -> 17 | H21: Reciprocal | I21: =GETPIVOTDATA("Sum of RECIP",'Pivot Table'!$A$4,"DAY","Wed")+GETPIVOTDATA("Sum of RECIP",'Pivot Table'!$A$16,"DAY","Wed")+GETPIVOTDATA("Sum of RECIP",'Pivot Table'!$A$28,"DAY","Wed")+GETPIVOTDATA("Sum of RECIP",'Pivot Table'!$A$40,"DAY","Wed")+GETPIVOTDATA("Sum of RECIP",'Pivot Table'!$A$52,"DAY","Wed")+GETPIVOTDATA("Sum of RECIP",'Pivot Table'!$A$64,"DAY","Wed")+GETPIVOTDATA("Sum of RECIP",'Pivot Table'!$A$76,"DAY","Wed")+GETPIVOTDATA("Sum of RECIP",'Pivot Table'!$A$88,"DAY","Wed")+GETPIVOTDATA("Sum of RECIP",'Pivot Table'!$A$100,"DAY","Wed")+GETPIVOTDATA("Sum of RECIP",'Pivot Table'!$A$112,"DAY","Wed")+GETPIVOTDATA("Sum of RECIP",'Pivot Table'!$A$124,"DAY","Wed")+GETPIVOTDATA("Sum of RECIP",'Pivot Table'!$A$136,"DAY","Wed") -> 183 | K21: Reciprocal | L21: =GETPIVOTDATA("Sum of RECIP",'Pivot Table'!$A$4,"DAY","Thu")+GETPIVOTDATA("Sum of RECIP",'Pivot Table'!$A$16,"DAY","Thu")+GETPIVOTDATA("Sum of RECIP",'Pivot Table'!$A$28,"DAY","Thu")+GETPIVOTDATA("Sum of RECIP",'Pivot Table'!$A$40,"DAY","Thu")+GETPIVOTDATA("Sum of RECIP",'Pivot Table'!$A$52,"DAY","Thu")+GETPIVOTDATA("Sum of RECIP",'Pivot Table'!$A$64,"DAY","Thu")+GETPIVOTDATA("Sum of RECIP",'Pivot Table'!$A$76,"DAY","Thu")+GETPIVOTDATA("Sum of RECIP",'Pivot Table'!$A$88,"DAY","Thu")+GETPIVOTDATA("Sum of RECIP",'Pivot Table'!$A$100,"DAY","Thu")+GETPIVOTDATA("Sum of RECIP",'Pivot Table'!$A$112,"DAY","Thu")+GETPIVOTDATA("Sum of RECIP",'Pivot Table'!$A$124,"DAY","Thu")+GETPIVOTDATA("Sum of RECIP",'Pivot Table'!$A$136,"DAY","Thu") -> 49 | N21: Reciprocal | O21: =GETPIVOTDATA("Sum of RECIP",'Pivot Table'!$A$4,"DAY","Fri")+GETPIVOTDATA("Sum of RECIP",'Pivot Table'!$A$16,"DAY","Fri")+GETPIVOTDATA("Sum of RECIP",'Pivot Table'!$A$28,"DAY","Fri")+GETPIVOTDATA("Sum of RECIP",'Pivot Table'!$A$40,"DAY","Fri")+GETPIVOTDATA("Sum of RECIP",'Pivot Table'!$A$52,"DAY","Fri")+GETPIVOTDATA("Sum of RECIP",'Pivot Table'!$A$64,"DAY","Fri")+GETPIVOTDATA("Sum of RECIP",'Pivot Table'!$A$76,"DAY","Fri")+GETPIVOTDATA("Sum of RECIP",'Pivot Table'!$A$88,"DAY","Fri")+GETPIVOTDATA("Sum of RECIP",'Pivot Table'!$A$100,"DAY","Fri")+GETPIVOTDATA("Sum of RECIP",'Pivot Table'!$A$112,"DAY","Fri")+GETPIVOTDATA("Sum of RECIP",'Pivot Table'!$A$124,"DAY","Fri")+GETPIVOTDATA("Sum of RECIP",'Pivot Table'!$A$136,"DAY","Fri") -> 227 | Q21: Reciprocal | R21: =GETPIVOTDATA("Sum of RECIP",'Pivot Table'!$A$4,"DAY","Sat")+GETPIVOTDATA("Sum of RECIP",'Pivot Table'!$A$16,"DAY","Sat")+GETPIVOTDATA("Sum of RECIP",'Pivot Table'!$A$28,"DAY","Sat")+GETPIVOTDATA("Sum of RECIP",'Pivot Table'!$A$40,"DAY","Sat")+GETPIVOTDATA("Sum of RECIP",'Pivot Table'!$A$52,"DAY","Sat")+GETPIVOTDATA("Sum of RECIP",'Pivot Table'!$A$64,"DAY","Sat")+GETPIVOTDATA("Sum of RECIP",'Pivot Table'!$A$76,"DAY","Sat")+GETPIVOTDATA("Sum of RECIP",'Pivot Table'!$A$88,"DAY","Sat")+GETPIVOTDATA("Sum of RECIP",'Pivot Table'!$A$100,"DAY","Sat")+GETPIVOTDATA("Sum of RECIP",'Pivot Table'!$A$112,"DAY","Sat")+GETPIVOTDATA("Sum of RECIP",'Pivot Table'!$A$124,"DAY","Sat")+GETPIVOTDATA("Sum of RECIP",'Pivot Table'!$A$136,"DAY","Sat") -> 68 | T21: Reciprocal | U21: =GETPIVOTDATA("Sum of RECIP",'Pivot Table'!$A$4,"DAY","Sun")+GETPIVOTDATA("Sum of RECIP",'Pivot Table'!$A$16,"DAY","Sun")+GETPIVOTDATA("Sum of RECIP",'Pivot Table'!$A$28,"DAY","Sun")+GETPIVOTDATA("Sum of RECIP",'Pivot Table'!$A$40,"DAY","Sun")+GETPIVOTDATA("Sum of RECIP",'Pivot Table'!$A$52,"DAY","Sun")+GETPIVOTDATA("Sum of RECIP",'Pivot Table'!$A$64,"DAY","Sun")+GETPIVOTDATA("Sum of RECIP",'Pivot Table'!$A$76,"DAY","Sun")+GETPIVOTDATA("Sum of RECIP",'Pivot Table'!$A$88,"DAY","Sun")+GETPIVOTDATA("Sum of RECIP",'Pivot Table'!$A$100,"DAY","Sun")+GETPIVOTDATA("Sum of RECIP",'Pivot Table'!$A$112,"DAY","Sun")+GETPIVOTDATA("Sum of RECIP",'Pivot Table'!$A$124,"DAY","Sun")+GETPIVOTDATA("Sum of RECIP",'Pivot Table'!$A$136,"DAY","Sun") -> 153
B22: Competition | C22: =GETPIVOTDATA("Sum of COMP",'Pivot Table'!$A$4,"DAY","Mon")+GETPIVOTDATA("Sum of COMP",'Pivot Table'!$A$16,"DAY","Mon")+GETPIVOTDATA("Sum of COMP",'Pivot Table'!$A$28,"DAY","Mon")+GETPIVOTDATA("Sum of COMP",'Pivot Table'!$A$40,"DAY","Mon")+GETPIVOTDATA("Sum of COMP",'Pivot Table'!$A$52,"DAY","Mon")+GETPIVOTDATA("Sum of COMP",'Pivot Table'!$A$64,"DAY","Mon")+GETPIVOTDATA("Sum of COMP",'Pivot Table'!$A$76,"DAY","Mon")+GETPIVOTDATA("Sum of COMP",'Pivot Table'!$A$88,"DAY","Mon")+GETPIVOTDATA("Sum of COMP",'Pivot Table'!$A$100,"DAY","Mon")+GETPIVOTDATA("Sum of COMP",'Pivot Table'!$A$112,"DAY","Mon")+GETPIVOTDATA("Sum of COMP",'Pivot Table'!$A$124,"DAY","Mon")+GETPIVOTDATA("Sum of COMP",'Pivot Table'!$A$136,"DAY","Mon") -> 2848 | E22: Competition | F22: =GETPIVOTDATA("Sum of COMP",'Pivot Table'!$A$4,"DAY","Tue")+GETPIVOTDATA("Sum of COMP",'Pivot Table'!$A$16,"DAY","Tue")+GETPIVOTDATA("Sum of COMP",'Pivot Table'!$A$28,"DAY","Tue")+GETPIVOTDATA("Sum of COMP",'Pivot Table'!$A$40,"DAY","Tue")+GETPIVOTDATA("Sum of COMP",'Pivot Table'!$A$52,"DAY","Tue")+GETPIVOTDATA("Sum of COMP",'Pivot Table'!$A$64,"DAY","Tue")+GETPIVOTDATA("Sum of COMP",'Pivot Table'!$A$76,"DAY","Tue")+GETPIVOTDATA("Sum of COMP",'Pivot Table'!$A$88,"DAY","Tue")+GETPIVOTDATA("Sum of COMP",'Pivot Table'!$A$100,"DAY","Tue")+GETPIVOTDATA("Sum of COMP",'Pivot Table'!$A$112,"DAY","Tue")+GETPIVOTDATA("Sum of COMP",'Pivot Table'!$A$124,"DAY","Tue")+GETPIVOTDATA("Sum of COMP",'Pivot Table'!$A$136,"DAY","Tue") -> 319 | H22: Competition | I22: =GETPIVOTDATA("Sum of COMP",'Pivot Table'!$A$4,"DAY","Wed")+GETPIVOTDATA("Sum of COMP",'Pivot Table'!$A$16,"DAY","Wed")+GETPIVOTDATA("Sum of COMP",'Pivot Table'!$A$28,"DAY","Wed")+GETPIVOTDATA("Sum of COMP",'Pivot Table'!$A$40,"DAY","Wed")+GETPIVOTDATA("Sum of COMP",'Pivot Table'!$A$52,"DAY","Wed")+GETPIVOTDATA("Sum of COMP",'Pivot Table'!$A$64,"DAY","Wed")+GETPIVOTDATA("Sum of COMP",'Pivot Table'!$A$76,"DAY","Wed")+GETPIVOTDATA("Sum of COMP",'Pivot Table'!$A$88,"DAY","Wed")+GETPIVOTDATA("Sum of COMP",'Pivot Table'!$A$100,"DAY","Wed")+GETPIVOTDATA("Sum of COMP",'Pivot Table'!$A$112,"DAY","Wed")+GETPIVOTDATA("Sum of COMP",'Pivot Table'!$A$124,"DAY","Wed")+GETPIVOTDATA("Sum of COMP",'Pivot Table'!$A$136,"DAY","Wed") -> 1024 | K22: Competition | L22: =GETPIVOTDATA("Sum of COMP",'Pivot Table'!$A$4,"DAY","Thu")+GETPIVOTDATA("Sum of COMP",'Pivot Table'!$A$16,"DAY","Thu")+GETPIVOTDATA("Sum of COMP",'Pivot Table'!$A$28,"DAY","Thu")+GETPIVOTDATA("Sum of COMP",'Pivot Table'!$A$40,"DAY","Thu")+GETPIVOTDATA("Sum of COMP",'Pivot Table'!$A$52,"DAY","Thu")+GETPIVOTDATA("Sum of COMP",'Pivot Table'!$A$64,"DAY","Thu")+GETPIVOTDATA("Sum of COMP",'Pivot Table'!$A$76,"DAY","Thu")+GETPIVOTDATA("Sum of COMP",'Pivot Table'!$A$88,"DAY","Thu")+GETPIVOTDATA("Sum of COMP",'Pivot Table'!$A$100,"DAY","Thu")+GETPIVOTDATA("Sum of COMP",'Pivot Table'!$A$112,"DAY","Thu")+GETPIVOTDATA("Sum of COMP",'Pivot Table'!$A$124,"DAY","Thu")+GETPIVOTDATA("Sum of COMP",'Pivot Table'!$A$136,"DAY","Thu") -> 7306 | N22: Competition | O22: =GETPIVOTDATA("Sum of COMP",'Pivot Table'!$A$4,"DAY","Fri")+GETPIVOTDATA("Sum of COMP",'Pivot Table'!$A$16,"DAY","Fri")+GETPIVOTDATA("Sum of COMP",'Pivot Table'!$A$28,"DAY","Fri")+GETPIVOTDATA("Sum of COMP",'Pivot Table'!$A$40,"DAY","Fri")+GETPIVOTDATA("Sum of COMP",'Pivot Table'!$A$52,"DAY","Fri")+GETPIVOTDATA("Sum of COMP",'Pivot Table'!$A$64,"DAY","Fri")+GETPIVOTDATA("Sum of COMP",'Pivot Table'!$A$76,"DAY","Fri")+GETPIVOTDATA("Sum of COMP",'Pivot Table'!$A$88,"DAY","Fri")+GETPIVOTDATA("Sum of COMP",'Pivot Table'!$A$100,"DAY","Fri")+GETPIVOTDATA("Sum of COMP",'Pivot Table'!$A$112,"DAY","Fri")+GETPIVOTDATA("Sum of COMP",'Pivot Table'!$A$124,"DAY","Fri")+GETPIVOTDATA("Sum of COMP",'Pivot Table'!$A$136,"DAY","Fri") -> 3221 | Q22: Competition | R22: =GETPIVOTDATA("Sum of COMP",'Pivot Table'!$A$4,"DAY","Sat")+GETPIVOTDATA("Sum of COMP",'Pivot Table'!$A$16,"DAY","Sat")+GETPIVOTDATA("Sum of COMP",'Pivot Table'!$A$28,"DAY","Sat")+GETPIVOTDATA("Sum of COMP",'Pivot Table'!$A$40,"DAY","Sat")+GETPIVOTDATA("Sum of COMP",'Pivot Table'!$A$52,"DAY","Sat")+GETPIVOTDATA("Sum of COMP",'Pivot Table'!$A$64,"DAY","Sat")+GETPIVOTDATA("Sum of COMP",'Pivot Table'!$A$76,"DAY","Sat")+GETPIVOTDATA("Sum of COMP",'Pivot Table'!$A$88,"DAY","Sat")+GETPIVOTDATA("Sum of COMP",'Pivot Table'!$A$100,"DAY","Sat")+GETPIVOTDATA("Sum of COMP",'Pivot Table'!$A$112,"DAY","Sat")+GETPIVOTDATA("Sum of COMP",'Pivot Table'!$A$124,"DAY","Sat")+GETPIVOTDATA("Sum of COMP",'Pivot Table'!$A$136,"DAY","Sat") -> 5739 | T22: Competition | U22: =GETPIVOTDATA("Sum of COMP",'Pivot Table'!$A$4,"DAY","Sun")+GETPIVOTDATA("Sum of COMP",'Pivot Table'!$A$16,"DAY","Sun")+GETPIVOTDATA("Sum of COMP",'Pivot Table'!$A$28,"DAY","Sun")+GETPIVOTDATA("Sum of COMP",'Pivot Table'!$A$40,"DAY","Sun")+GETPIVOTDATA("Sum of COMP",'Pivot Table'!$A$52,"DAY","Sun")+GETPIVOTDATA("Sum of COMP",'Pivot Table'!$A$64,"DAY","Sun")+GETPIVOTDATA("Sum of COMP",'Pivot Table'!$A$76,"DAY","Sun")+GETPIVOTDATA("Sum of COMP",'Pivot Table'!$A$88,"DAY","Sun")+GETPIVOTDATA("Sum of COMP",'Pivot Table'!$A$100,"DAY","Sun")+GETPIVOTDATA("Sum of COMP",'Pivot Table'!$A$112,"DAY","Sun")+GETPIVOTDATA("Sum of COMP",'Pivot Table'!$A$124,"DAY","Sun")+GETPIVOTDATA("Sum of COMP",'Pivot Table'!$A$136,"DAY","Sun") -> 6370
B25: Averages (Day)
B27: Monday | E27: Tuesday | H27: Wednesday | K27: Thursday | N27: Friday | Q27: Saturday | T27: Sunday
B29: AM Field | C29: =C6 /52 -> 45.057692 | E29: AM Field | F29: =F6 /52 -> 85.076923 | H29: AM Field | I29: =I6 /52 -> 62.576923 | K29: AM Field | L29: =L6 /52 -> 74.269231 | N29: AM Field | O29: =O6 /52 -> 86.269231 | Q29: AM Field | R29: =R6 /52 -> 81.365385 | T29: AM Field | U29: =U6 /53 -> 84.622642
B30: PM Field | C30: =C7 /52 -> 62.326923 | E30: PM Field | F30: =F7 /52 -> 29.423077 | H30: PM Field | I30: =I7 /52 -> 62.538462 | K30: PM Field | L30: =L7 /52 -> 73.288462 | N30: PM Field | O30: =O7 /52 -> 73.961538 | Q30: PM Field | R30: =R7 /52 -> 53.846154 | T30: PM Field | U30: =U7 /53 -> 78.981132
B31: Total Field | C31: =C8 /52 -> 107.38462 | E31: Total Field | F31: =F8 /52 -> 114.5 | H31: Total Field | I31: =I8 /52 -> 125.11538 | K31: Total Field | L31: =L8 /52 -> 147.55769 | N31: Total Field | O31: =O8 /52 -> 160.23077 | Q31: Total Field | R31: =R8 /52 -> 135.21154 | T31: Total Field | U31: =U8 /53 -> 163.60377
B32: Guests | C32: =C9 /52 -> 25.384615 | E32: Guests | F32: =F9 /52 -> 4.6538462 | H32: Guests | I32: =I9 /52 -> 60.25 | K32: Guests | L32: =L9 /52 -> 1.4807692 | N32: Guests | O32: =O9 /52 -> 46.942308 | Q32: Guests | R32: =R9 /52 -> 3.5192308 | T32: Guests | U32: =U9 /53 -> 22.490566
B33: Member / Guest Ratio | C33: =SUM(C32/C31) -> 0.23638968 | E33: Member / Guest Ratio | F33: =SUM(F32/F31) -> 0.040644945 | H33: Member / Guest Ratio | I33: =SUM(I32/I31) -> 0.48155549 | K33: Member / Guest Ratio | L33: =SUM(L32/L31) -> 0.010035188 | N33: Member / Guest Ratio | O33: =SUM(O32/O31) -> 0.29296687 | Q33: Member / Guest Ratio | R33: =SUM(R32/R31) -> 0.026027592 | T33: Member / Guest Ratio | U33: =SUM(U32/U31) -> 0.13746973
B34: Member Play | C34: =C11 /52 -> 80.307692 | E34: Member Play | F34: =F11 /52 -> 108.98077 | H34: Member Play | I34: =I11 /52 -> 64.403846 | K34: Member Play | L34: =L11 /52 -> 144.75 | N34: Member Play | O34: =O11 /52 -> 109.55769 | Q34: Member Play | R34: =R11 /52 -> 131.11538 | T34: Member Play | U34: =U11 /53 -> 136.69811
B35: Manger Intro | C35: =C12 /52 -> 0.038461538 | E35: Manger Intro | F35: =F12 /52 -> 0.038461538 | H35: Manger Intro | I35: =I12 /52 -> 0.25 | K35: Manger Intro | L35: =L12 /52 -> 0.21153846 | N35: Manger Intro | O35: =O12 /52 -> 0.23076923 | Q35: Manger Intro | R35: =R12 /52 -> 0 | T35: Manger Intro | U35: =U12 /53 -> 0.056603774
B36: Interstate | C36: =C13 /52 -> 1.0384615 | E36: Interstate | F36: =F13 /52 -> 0.038461538 | H36: Interstate | I36: =I13 /52 -> 0.82692308 | K36: Interstate | L36: =L13 /52 -> 0 | N36: Interstate | O36: =O13 /52 -> 1.4423077 | Q36: Interstate | R36: =R13 /52 -> 0 | T36: Interstate | U36: =U13 /53 -> 0
B37: International | C37: =C14 /52 -> 3.0384615 | E37: International | F37: =F14 /52 -> 0.17307692 | H37: International | I37: =I14 /52 -> 3.4807692 | K37: International | L37: =L14 /52 -> 0.038461538 | N37: International | O37: =O14 /52 -> 2.4615385 | Q37: International | R37: =R14 /52 -> 0.057692308 | T37: International | U37: =U14 /53 -> 0.50943396
B38: Industry Guest | C38: =C15 /52 -> 0.13461538 | E38: Industry Guest | F38: =F15 /52 -> 0 | H38: Industry Guest | I38: =I15 /52 -> 0.42307692 | K38: Industry Guest | L38: =L15 /52 -> 0.038461538 | N38: Industry Guest | O38: =O15 /52 -> 0.13461538 | Q38: Industry Guest | R38: =R15 /52 -> 0 | T38: Industry Guest | U38: =U15 /53 -> 0.018867925
B39: Member Intro | C39: =C16 /52 -> 8.1730769 | E39: Member Intro | F39: =F16 /52 -> 4.0769231 | H39: Member Intro | I39: =I16 /52 -> 11.288462 | K39: Member Intro | L39: =L16 /52 -> 0.25 | N39: Member Intro | O39: =O16 /52 -> 22.980769 | Q39: Member Intro | R39: =R16 /52 -> 1.9230769 | T39: Member Intro | U39: =U16 /53 -> 14.622642
B40: Member Guest Unaccompanied | C40: =C17 /52 -> 0.40384615 | E40: Member Guest Unaccompanied | F40: =F17 /52 -> 0 | H40: Member Guest Unaccompanied | I40: =I17 /52 -> 0.13461538 | K40: Member Guest Unaccompanied | L40: =L17 /52 -> 0 | N40: Member Guest Unaccompanied | O40: =O17 /52 -> 0.15384615 | Q40: Member Guest Unaccompanied | R40: =R17 /52 -> 0 | T40: Member Guest Unaccompanied | U40: =U17 /53 -> 0
B41: Corporate | C41: =C18 /52 -> 1.9230769 | E41: Corporate | F41: =F18 /52 -> 0 | H41: Corporate | I41: =I18 /52 -> 38.480769 | K41: Corporate | L41: =L18 /52 -> 0 | N41: Corporate | O41: =O18 /52 -> 9.4807692 | Q41: Corporate | R41: =R18 /52 -> 0.23076923 | T41: Corporate | U41: =U18 /53 -> 0
B42: Non Playing | C42: =C19 /52 -> 1.3846154 | E42: Non Playing | F42: =F19 /52 -> 0.86538462 | H42: Non Playing | I42: =I19 /52 -> 0.46153846 | K42: Non Playing | L42: =L19 /52 -> 1.3269231 | N42: Non Playing | O42: =O19 /52 -> 1.5769231 | Q42: Non Playing | R42: =R19 /52 -> 0.57692308 | T42: Non Playing | U42: =U19 /53 -> 1.5471698
B43: Voucher | C43: =C20 /52 -> 1.0192308 | E43: Voucher | F43: =F20 /52 -> 0 | H43: Voucher | I43: =I20 /52 -> 1.3846154 | K43: Voucher | L43: =L20 /52 -> 0 | N43: Voucher | O43: =O20 /52 -> 4.8461538 | Q43: Voucher | R43: =R20 /52 -> 0 | T43: Voucher | U43: =U20 /53 -> 2.7358491
B44: Reciprocal | C44: =C21 /52 -> 3.5 | E44: Reciprocal | F44: =F21 /52 -> 0.32692308 | H44: Reciprocal | I44: =I21 /52 -> 3.5192308 | K44: Reciprocal | L44: =L21 /52 -> 0.94230769 | N44: Reciprocal | O44: =O21 /52 -> 4.3653846 | Q44: Reciprocal | R44: =R21 /52 -> 1.3076923 | T44: Reciprocal | U44: =U21 /53 -> 2.8867925
B45: Competition | C45: =C22 /52 -> 54.769231 | E45: Competition | F45: =F22 /52 -> 6.1346154 | H45: Competition | I45: =I22 /52 -> 19.692308 | K45: Competition | L45: =L22 /52 -> 140.5 | N45: Competition | O45: =O22 /52 -> 61.942308 | Q45: Competition | R45: =R22 /52 -> 110.36538 | T45: Competition | U45: =U22 /53 -> 120.18868

Sheet Monthly Averages
B3: January | D3: Weekly | E3: Daily | G3: February | I3: Weekly | J3: Daily | L3: March | N3: Weekly | O3: Daily | Q3: April | S3: Weekly | T3: Daily
B5: AM Field | C5: =GETPIVOTDATA("Sum of AM FIELD",'Pivot Table'!$A$4) -> 2614 | D5: =SUM(C5/4.4286) -> 590.25426 | E5: =SUM(C5/31) -> 84.322581 | G5: AM Field | H5: =GETPIVOTDATA("Sum of AM FIELD",'Pivot Table'!$A$16) -> 2290 | I5: =SUM(H5/4.1429) -> 552.7529 | J5: =SUM(H5/29) -> 78.965517 | L5: AM Field | M5: =GETPIVOTDATA("Sum of AM FIELD",'Pivot Table'!$A$28) -> 2333 | N5: =SUM(M5/4.4286) -> 526.80305 | O5: =SUM(M5/31) -> 75.258065 | Q5: AM Field | R5: =GETPIVOTDATA("Sum of AM FIELD",'Pivot Table'!$A$40) -> 2263 | S5: =SUM(R5/4.2857) -> 528.03509 | T5: =SUM(R5/30) -> 75.433333
B6: PM Field | C6: =GETPIVOTDATA("Sum of PM FIELD",'Pivot Table'!$A$4) -> 1773 | D6: =SUM(C6/4.4286) -> 400.35226 | E6: =SUM(C6/31) -> 57.193548 | G6: PM Field | H6: =GETPIVOTDATA("Sum of PM FIELD",'Pivot Table'!$A$16) -> 1998 | I6: =SUM(H6/4.1429) -> 482.27087 | J6: =SUM(H6/29) -> 68.896552 | L6: PM Field | M6: =GETPIVOTDATA("Sum of PM FIELD",'Pivot Table'!$A$28) -> 2302 | N6: =SUM(M6/4.4286) -> 519.8031 | O6: =SUM(M6/31) -> 74.258065 | Q6: PM Field | R6: =GETPIVOTDATA("Sum of PM FIELD",'Pivot Table'!$A$40) -> 1923 | S6: =SUM(R6/4.2857) -> 448.7015 | T6: =SUM(R6/30) -> 64.1
B7: Total Field | C7: =GETPIVOTDATA("Sum of TOTAL FIELD",'Pivot Table'!$A$4) -> 4387 | D7: =SUM(C7/4.4286) -> 990.60651 | E7: =SUM(C7/31) -> 141.51613 | G7: Total Field | H7: =GETPIVOTDATA("Sum of TOTAL FIELD",'Pivot Table'!$A$16) -> 4288 | I7: =SUM(H7/4.1429) -> 1035.0238 | J7: =SUM(H7/29) -> 147.86207 | L7: Total Field | M7: =GETPIVOTDATA("Sum of TOTAL FIELD",'Pivot Table'!$A$28) -> 4635 | N7: =SUM(M7/4.4286) -> 1046.6062 | O7: =SUM(M7/31) -> 149.51613 | Q7: Total Field | R7: =GETPIVOTDATA("Sum of TOTAL FIELD",'Pivot Table'!$A$40) -> 4186 | S7: =SUM(R7/4.2857) -> 976.73659 | T7: =SUM(R7/30) -> 139.53333
B8: Guests | C8: =GETPIVOTDATA("Sum of No. GUESTS",'Pivot Table'!$A$4) -> 683 | D8: =SUM(C8/4.4286) -> 154.22481 | E8: =SUM(C8/31) -> 22.032258 | G8: Guests | H8: =GETPIVOTDATA("Sum of No. GUESTS",'Pivot Table'!$A$16) -> 737 | I8: =SUM(H8/4.1429) -> 177.89471 | J8: =SUM(H8/29) -> 25.413793 | L8: Guests | M8: =GETPIVOTDATA("Sum of No. GUESTS",'Pivot Table'!$A$28) -> 976 | N8: =SUM(M8/4.4286) -> 220.38567 | O8: =SUM(M8/31) -> 31.483871 | Q8: Guests | R8: =GETPIVOTDATA("Sum of No. GUESTS",'Pivot Table'!$A$40) -> 661 | S8: =SUM(R8/4.2857) -> 154.23385 | T8: =SUM(R8/30) -> 22.033333
B9: Member / Guest Ratio | C9: =SUM(C8/C7) -> 0.15568726 | D9: =SUM(C9/4.4286) -> 0.03515496 | E9: =SUM(C9/31) -> 0.0050221696 | G9: Member / Guest Ratio | H9: =SUM(H8/H7) -> 0.171875 | I9: =SUM(H9/4.1429) -> 0.04148664 | J9: =SUM(H9/29) -> 0.0059267241 | L9: Member / Guest Ratio | M9: =SUM(M8/M7) -> 0.21057174 | N9: =SUM(M9/4.4286) -> 0.04754815 | O9: =SUM(M9/31) -> 0.0067926367 | Q9: Member / Guest Ratio | R9: =SUM(R8/R7) -> 0.15790731 | S9: =SUM(R9/4.2857) -> 0.036845162 | T9: =SUM(R9/30) -> 0.005263577
B10: Member Play | C10: =GETPIVOTDATA("Sum of MEMBER",'Pivot Table'!$A$4) -> 3619 | D10: =SUM(C10/4.4286) -> 817.18828 | E10: =SUM(C10/31) -> 116.74194 | G10: Member Play | H10: =GETPIVOTDATA("Sum of MEMBER",'Pivot Table'!$A$16) -> 3495 | I10: =SUM(H10/4.1429) -> 843.61196 | J10: =SUM(H10/29) -> 120.51724 | L10: Member Play | M10: =GETPIVOTDATA("Sum of MEMBER",'Pivot Table'!$A$28) -> 3553 | N10: =SUM(M10/4.4286) -> 802.28515 | O10: =SUM(M10/31) -> 114.6129 | Q10: Member Play | R10: =GETPIVOTDATA("Sum of MEMBER",'Pivot Table'!$A$40) -> 3258 | S10: =SUM(R10/4.2857) -> 760.20253 | T10: =SUM(R10/30) -> 108.6
B11: Manger Intro | C11: =GETPIVOTDATA("Sum of MANAGER INTRO",'Pivot Table'!$A$4) -> 3 | D11: =SUM(C11/4.4286) -> 0.67741498 | E11: =SUM(C11/31) -> 0.096774194 | G11: Manger Intro | H11: =GETPIVOTDATA("Sum of MANAGER INTRO",'Pivot Table'!$A$16) -> 1 | I11: =SUM(H11/4.1429) -> 0.24137681 | J11: =SUM(H11/29) -> 0.034482759 | L11: Manger Intro | M11: =GETPIVOTDATA("Sum of MANAGER INTRO",'Pivot Table'!$A$28) -> 1 | N11: =SUM(M11/4.4286) -> 0.22580499 | O11: =SUM(M11/31) -> 0.032258065 | Q11: Manger Intro | R11: =GETPIVOTDATA("Sum of MANAGER INTRO",'Pivot Table'!$A$40) -> 1 | S11: =SUM(R11/4.2857) -> 0.23333411 | T11: =SUM(R11/30) -> 0.033333333
B12: Interstate | C12: =GETPIVOTDATA("Sum of INTERSTATE",'Pivot Table'!$A$4) -> 3 | D12: =SUM(C12/4.4286) -> 0.67741498 | E12: =SUM(C12/31) -> 0.096774194 | G12: Interstate | H12: =GETPIVOTDATA("Sum of INTERSTATE",'Pivot Table'!$A$16) -> 14 | I12: =SUM(H12/4.1429) -> 3.3792754 | J12: =SUM(H12/29) -> 0.48275862 | L12: Interstate | M12: =GETPIVOTDATA("Sum of INTERSTATE",'Pivot Table'!$A$28) -> 34 | N12: =SUM(M12/4.4286) -> 7.6773698 | O12: =SUM(M12/31) -> 1.0967742 | Q12: Interstate | R12: =GETPIVOTDATA("Sum of INTERSTATE",'Pivot Table'!$A$40) -> 20 | S12: =SUM(R12/4.2857) -> 4.6666822 | T12: =SUM(R12/30) -> 0.66666667
B13: International | C13: =GETPIVOTDATA("Sum of INTERNATIONAL",'Pivot Table'!$A$4) -> 84 | D13: =SUM(C13/4.4286) -> 18.96762 | E13: =SUM(C13/31) -> 2.7096774 | G13: International | H13: =GETPIVOTDATA("Sum of INTERNATIONAL",'Pivot Table'!$A$16) -> 87 | I13: =SUM(H13/4.1429) -> 20.999783 | J13: =SUM(H13/29) -> 3 | L13: International | M13: =GETPIVOTDATA("Sum of INTERNATIONAL",'Pivot Table'!$A$28) -> 134 | N13: =SUM(M13/4.4286) -> 30.257869 | O13: =SUM(M13/31) -> 4.3225806 | Q13: International | R13: =GETPIVOTDATA("Sum of INTERNATIONAL",'Pivot Table'!$A$40) -> 8 | S13: =SUM(R13/4.2857) -> 1.8666729 | T13: =SUM(R13/30) -> 0.26666667
B14: Industry Guest | C14: =GETPIVOTDATA("Sum of INDUSTRY GUEST",'Pivot Table'!$A$4) -> 14 | D14: =SUM(C14/4.4286) -> 3.1612699 | E14: =SUM(C14/31) -> 0.4516129 | G14: Industry Guest | H14: =GETPIVOTDATA("Sum of INDUSTRY GUEST",'Pivot Table'!$A$16) -> 6 | I14: =SUM(H14/4.1429) -> 1.4482609 | J14: =SUM(H14/29) -> 0.20689655 | L14: Industry Guest | M14: =GETPIVOTDATA("Sum of INDUSTRY GUEST",'Pivot Table'!$A$28) -> 0 | N14: =SUM(M14/4.4286) -> 0 | O14: =SUM(M14/31) -> 0 | Q14: Industry Guest | R14: =GETPIVOTDATA("Sum of INDUSTRY GUEST",'Pivot Table'!$A$40) -> 6 | S14: =SUM(R14/4.2857) -> 1.4000047 | T14: =SUM(R14/30) -> 0.2
B15: Member Intro | C15: =GETPIVOTDATA("Sum of MEMB GUEST MICLUB",'Pivot Table'!$A$4) -> 437 | D15: =SUM(C15/4.4286) -> 98.676783 | E15: =SUM(C15/31) -> 14.096774 | G15: Member Intro | H15: =GETPIVOTDATA("Sum of MEMB GUEST MICLUB",'Pivot Table'!$A$16) -> 265 | I15: =SUM(H15/4.1429) -> 63.964856 | J15: =SUM(H15/29) -> 9.137931 | L15: Member Intro | M15: =GETPIVOTDATA("Sum of MEMB GUEST MICLUB",'Pivot Table'!$A$28) -> 412 | N15: =SUM(M15/4.4286) -> 93.031658 | O15: =SUM(M15/31) -> 13.290323 | Q15: Member Intro | R15: =GETPIVOTDATA("Sum of MEMB GUEST MICLUB",'Pivot Table'!$A$40) -> 261 | S15: =SUM(R15/4.2857) -> 60.900203 | T15: =SUM(R15/30) -> 8.7
B16: Member Guest Unaccompanied | C16: =GETPIVOTDATA("Sum of MEMB GUEST UNACCOMPANIED",'Pivot Table'!$A$4) -> 2 | D16: =SUM(C16/4.4286) -> 0.45160999 | E16: =SUM(C16/31) -> 0.064516129 | G16: Member Guest Unaccompanied | H16: =GETPIVOTDATA("Sum of MEMB GUEST UNACCOMPANIED",'Pivot Table'!$A$16) -> 10 | I16: =SUM(H16/4.1429) -> 2.4137681 | J16: =SUM(H16/29) -> 0.34482759 | L16: Member Guest Unaccompanied | M16: =GETPIVOTDATA("Sum of MEMB GUEST UNACCOMPANIED",'Pivot Table'!$A$28) -> 14 | N16: =SUM(M16/4.4286) -> 3.1612699 | O16: =SUM(M16/31) -> 0.4516129 | Q16: Member Guest Unaccompanied | R16: =GETPIVOTDATA("Sum of MEMB GUEST UNACCOMPANIED",'Pivot Table'!$A$40) -> 0 | S16: =SUM(R16/4.2857) -> 0 | T16: =SUM(R16/30) -> 0
B17: Corporate | C17: =GETPIVOTDATA("Sum of CORPORATE",'Pivot Table'!$A$4) -> 0 | D17: =SUM(C17/4.4286) -> 0 | E17: =SUM(C17/31) -> 0 | G17: Corporate | H17: =GETPIVOTDATA("Sum of CORPORATE",'Pivot Table'!$A$16) -> 193 | I17: =SUM(H17/4.1429) -> 46.585725 | J17: =SUM(H17/29) -> 6.6551724 | L17: Corporate | M17: =GETPIVOTDATA("Sum of CORPORATE",'Pivot Table'!$A$28) -> 266 | N17: =SUM(M17/4.4286) -> 60.064129 | O17: =SUM(M17/31) -> 8.5806452 | Q17: Corporate | R17: =GETPIVOTDATA("Sum of CORPORATE",'Pivot Table'!$A$40) -> 264 | S17: =SUM(R17/4.2857) -> 61.600205 | T17: =SUM(R17/30) -> 8.8
B18: Event | C18: =GETPIVOTDATA("Sum of EVENT",'Pivot Table'!$A$4) -> 0 | D18: =SUM(C18/4.4286) -> 0 | E18: =SUM(C18/31) -> 0 | G18: Event | H18: =GETPIVOTDATA("Sum of EVENT",'Pivot Table'!$A$16) -> 32 | I18: =SUM(H18/4.1429) -> 7.724058 | J18: =SUM(H18/29) -> 1.1034483 | L18: Event | M18: =GETPIVOTDATA("Sum of EVENT",'Pivot Table'!$A$28) -> 72 | N18: =SUM(M18/4.4286) -> 16.25796 | O18: =SUM(M18/31) -> 2.3225806 | Q18: Event | R18: =GETPIVOTDATA("Sum of EVENT",'Pivot Table'!$A$40) -> 208 | S18: =SUM(R18/4.2857) -> 48.533495 | T18: =SUM(R18/30) -> 6.9333333
B19: Non Playing | C19: =GETPIVOTDATA("Sum of NON-PLAYING",'Pivot Table'!$A$4) -> 85 | D19: =SUM(C19/4.4286) -> 19.193425 | E19: =SUM(C19/31) -> 2.7419355 | G19: Non Playing | H19: =GETPIVOTDATA("Sum of NON-PLAYING",'Pivot Table'!$A$16) -> 56 | I19: =SUM(H19/4.1429) -> 13.517102 | J19: =SUM(H19/29) -> 1.9310345 | L19: Non Playing | M19: =GETPIVOTDATA("Sum of NON-PLAYING",'Pivot Table'!$A$28) -> 34 | N19: =SUM(M19/4.4286) -> 7.6773698 | O19: =SUM(M19/31) -> 1.0967742 | Q19: Non Playing | R19: =GETPIVOTDATA("Sum of NON-PLAYING",'Pivot Table'!$A$40) -> 59 | S19: =SUM(R19/4.2857) -> 13.766713 | T19: =SUM(R19/30) -> 1.9666667
B20: Voucher | C20: =GETPIVOTDATA("Sum of VOUCHER",'Pivot Table'!$A$4) -> 40 | D20: =SUM(C20/4.4286) -> 9.0321998 | E20: =SUM(C20/31) -> 1.2903226 | G20: Voucher | H20: =GETPIVOTDATA("Sum of VOUCHER",'Pivot Table'!$A$16) -> 15 | I20: =SUM(H20/4.1429) -> 3.6206522 | J20: =SUM(H20/29) -> 0.51724138 | L20: Voucher | M20: =GETPIVOTDATA("Sum of VOUCHER",'Pivot Table'!$A$28) -> 10 | N20: =SUM(M20/4.4286) -> 2.2580499 | O20: =SUM(M20/31) -> 0.32258065 | Q20: Voucher | R20: =GETPIVOTDATA("Sum of VOUCHER",'Pivot Table'!$A$40) -> 23 | S20: =SUM(R20/4.2857) -> 5.3666846 | T20: =SUM(R20/30) -> 0.76666667
B21: Reciprocal | C21: =GETPIVOTDATA("Sum of RECIP",'Pivot Table'!$A$4) -> 100 | D21: =SUM(C21/4.4286) -> 22.580499 | E21: =SUM(C21/31) -> 3.2258065 | G21: Reciprocal | H21: =GETPIVOTDATA("Sum of RECIP",'Pivot Table'!$A$16) -> 114 | I21: =SUM(H21/4.1429) -> 27.516957 | J21: =SUM(H21/29) -> 3.9310345 | L21: Reciprocal | M21: =GETPIVOTDATA("Sum of RECIP",'Pivot Table'!$A$28) -> 105 | N21: =SUM(M21/4.4286) -> 23.709524 | O21: =SUM(M21/31) -> 3.3870968 | Q21: Reciprocal | R21: =GETPIVOTDATA("Sum of RECIP",'Pivot Table'!$A$40) -> 78 | S21: =SUM(R21/4.2857) -> 18.200061 | T21: =SUM(R21/30) -> 2.6
B22: Competition | C22: =GETPIVOTDATA("Sum of COMP",'Pivot Table'!$A$4) -> 2545 | D22: =SUM(C22/4.4286) -> 574.67371 | E22: =SUM(C22/31) -> 82.096774 | G22: Competition | H22: =GETPIVOTDATA("Sum of COMP",'Pivot Table'!$A$16) -> 2083 | I22: =SUM(H22/4.1429) -> 502.7879 | J22: =SUM(H22/29) -> 71.827586 | L22: Competition | M22: =GETPIVOTDATA("Sum of COMP",'Pivot Table'!$A$28) -> 2087 | N22: =SUM(M22/4.4286) -> 471.25502 | O22: =SUM(M22/31) -> 67.322581 | Q22: Competition | R22: =GETPIVOTDATA("Sum of COMP",'Pivot Table'!$A$40) -> 2265 | S22: =SUM(R22/4.2857) -> 528.50176 | T22: =SUM(R22/30) -> 75.5
B25: May | D25: Weekly | E25: Daily | G25: June | I25: Weekly | J25: Daily | L25: July | N25: Weekly | O25: Daily | Q25: August | S25: Weekly | T25: Daily
B27: AM Field | C27: =GETPIVOTDATA("Sum of AM FIELD",'Pivot Table'!$A$52) -> 2308 | D27: =SUM(C27/4.4286) -> 521.15793 | E27: =SUM(C27/31) -> 74.451613 | G27: AM Field | H27: =GETPIVOTDATA("Sum of AM FIELD",'Pivot Table'!$A$64) -> 1911 | I27: =SUM(H27/4.4286) -> 431.51335 | J27: =SUM(H27/30) -> 63.7 | L27: AM Field | M27: =GETPIVOTDATA("Sum of AM FIELD",'Pivot Table'!$A$76) -> 2160 | N27: =SUM(M27/4.4286) -> 487.73879 | O27: =SUM(M27/31) -> 69.677419 | Q27: AM Field | R27: =GETPIVOTDATA("Sum of AM FIELD",'Pivot Table'!$A$88) -> 2166 | S27: =SUM(R27/4.4286) -> 489.09362 | T27: =SUM(R27/31) -> 69.870968
B28: PM Field | C28: =GETPIVOTDATA("Sum of PM FIELD",'Pivot Table'!$A$52) -> 1748 | D28: =SUM(C28/4.4286) -> 394.70713 | E28: =SUM(C28/31) -> 56.387097 | G28: PM Field | H28: =GETPIVOTDATA("Sum of PM FIELD",'Pivot Table'!$A$64) -> 1890 | I28: =SUM(H28/4.4286) -> 426.77144 | J28: =SUM(H28/30) -> 63 | L28: PM Field | M28: =GETPIVOTDATA("Sum of PM FIELD",'Pivot Table'!$A$76) -> 1824 | N28: =SUM(M28/4.4286) -> 411.86831 | O28: =SUM(M28/31) -> 58.83871 | Q28: PM Field | R28: =GETPIVOTDATA("Sum of PM FIELD",'Pivot Table'!$A$88) -> 1826 | S28: =SUM(R28/4.4286) -> 412.31992 | T28: =SUM(R28/31) -> 58.903226
B29: Total Field | C29: =GETPIVOTDATA("Sum of TOTAL FIELD",'Pivot Table'!$A$52) -> 4056 | D29: =SUM(C29/4.4286) -> 915.86506 | E29: =SUM(C29/31) -> 130.83871 | G29: Total Field | H29: =GETPIVOTDATA("Sum of TOTAL FIELD",'Pivot Table'!$A$64) -> 3801 | I29: =SUM(H29/4.4286) -> 858.28479 | J29: =SUM(H29/30) -> 126.7 | L29: Total Field | M29: =GETPIVOTDATA("Sum of TOTAL FIELD",'Pivot Table'!$A$76) -> 3984 | N29: =SUM(M29/4.4286) -> 899.6071 | O29: =SUM(M29/31) -> 128.51613 | Q29: Total Field | R29: =SUM(R27:R28) -> 3992 | S29: =SUM(R29/4.4286) -> 901.41354 | T29: =SUM(R29/31) -> 128.77419
B30: Guests | C30: =GETPIVOTDATA("Sum of No. GUESTS",'Pivot Table'!$A$52) -> 791 | D30: =SUM(C30/4.4286) -> 178.61175 | E30: =SUM(C30/31) -> 25.516129 | G30: Guests | H30: =GETPIVOTDATA("Sum of No. GUESTS",'Pivot Table'!$A$64) -> 616 | I30: =SUM(H30/4.4286) -> 139.09588 | J30: =SUM(H30/30) -> 20.533333 | L30: Guests | M30: =GETPIVOTDATA("Sum of No. GUESTS",'Pivot Table'!$A$76) -> 554 | N30: =SUM(M30/4.4286) -> 125.09597 | O30: =SUM(M30/31) -> 17.870968 | Q30: Guests | R30: =GETPIVOTDATA("Sum of No. GUESTS",'Pivot Table'!$A$88) -> 767 | S30: =SUM(R30/4.4286) -> 173.19243 | T30: =SUM(R30/31) -> 24.741935
B31: Member / Guest Ratio | C31: =SUM(C30/C29) -> 0.19501972 | D31: =SUM(C31/4.4286) -> 0.044036428 | E31: =SUM(C31/31) -> 0.0062909588 | G31: Member / Guest Ratio | H31: =SUM(H30/H29) -> 0.16206262 | I31: =SUM(H31/4.4286) -> 0.036594548 | J31: =SUM(H31/30) -> 0.0054020872 | L31: Member / Guest Ratio | M31: =SUM(M30/M29) -> 0.13905622 | N31: =SUM(M31/4.4286) -> 0.03139959 | O31: =SUM(M31/31) -> 0.0044856847 | Q31: Member / Guest Ratio | R31: =SUM(R30/R29) -> 0.19213427 | S31: =SUM(R31/4.4286) -> 0.043384878 | T31: =SUM(R31/31) -> 0.0061978796
B32: Member Play | C32: =GETPIVOTDATA("Sum of MEMBER",'Pivot Table'!$A$52) -> 3244 | D32: =SUM(C32/4.4286) -> 732.5114 | E32: =SUM(C32/31) -> 104.64516 | G32: Member Play | H32: =GETPIVOTDATA("Sum of MEMBER",'Pivot Table'!$A$64) -> 3139 | I32: =SUM(H32/4.4286) -> 708.80188 | J32: =SUM(H32/30) -> 104.63333 | L32: Member Play | M32: =GETPIVOTDATA("Sum of MEMBER",'Pivot Table'!$A$76) -> 3396 | N32: =SUM(M32/4.4286) -> 766.83376 | O32: =SUM(M32/31) -> 109.54839 | Q32: Member Play | R32: =GETPIVOTDATA("Sum of MEMBER",'Pivot Table'!$A$88) -> 3198 | S32: =SUM(R32/4.4286) -> 722.12437 | T32: =SUM(R32/31) -> 103.16129
B33: Manger Intro | C33: =GETPIVOTDATA("Sum of MANAGER INTRO",'Pivot Table'!$A$52) -> 2 | D33: =SUM(C33/4.4286) -> 0.45160999 | E33: =SUM(C33/31) -> 0.064516129 | G33: Manger Intro | H33: =GETPIVOTDATA("Sum of MANAGER INTRO",'Pivot Table'!$A$64) -> 6 | I33: =SUM(H33/4.4286) -> 1.35483 | J33: =SUM(H33/30) -> 0.2 | L33: Manger Intro | M33: =GETPIVOTDATA("Sum of MANAGER INTRO",'Pivot Table'!$A$76) -> 6 | N33: =SUM(M33/4.4286) -> 1.35483 | O33: =SUM(M33/31) -> 0.19354839 | Q33: Manger Intro | R33: =GETPIVOTDATA("Sum of MANAGER INTRO",'Pivot Table'!$A$88) -> 6 | S33: =SUM(R33/4.4286) -> 1.35483 | T33: =SUM(R33/31) -> 0.19354839
B34: Interstate | C34: =GETPIVOTDATA("Sum of INTERSTATE",'Pivot Table'!$A$52) -> 49 | D34: =SUM(C34/4.4286) -> 11.064445 | E34: =SUM(C34/31) -> 1.5806452 | G34: Interstate | H34: =GETPIVOTDATA("Sum of INTERSTATE",'Pivot Table'!$A$64) -> 7 | I34: =SUM(H34/4.4286) -> 1.580635 | J34: =SUM(H34/30) -> 0.23333333 | L34: Interstate | M34: =GETPIVOTDATA("Sum of INTERSTATE",'Pivot Table'!$A$76) -> 9 | N34: =SUM(M34/4.4286) -> 2.032245 | O34: =SUM(M34/31) -> 0.29032258 | Q34: Interstate | R34: =GETPIVOTDATA("Sum of INTERSTATE",'Pivot Table'!$A$88) -> 1 | S34: =SUM(R34/4.4286) -> 0.22580499 | T34: =SUM(R34/31) -> 0.032258065
B35: International | C35: =GETPIVOTDATA("Sum of INTERNATIONAL",'Pivot Table'!$A$52) -> 29 | D35: =SUM(C35/4.4286) -> 6.5483448 | E35: =SUM(C35/31) -> 0.93548387 | G35: International | H35: =GETPIVOTDATA("Sum of INTERNATIONAL",'Pivot Table'!$A$64) -> 6 | I35: =SUM(H35/4.4286) -> 1.35483 | J35: =SUM(H35/30) -> 0.2 | L35: International | M35: =GETPIVOTDATA("Sum of INTERNATIONAL",'Pivot Table'!$A$76) -> 5 | N35: =SUM(M35/4.4286) -> 1.129025 | O35: =SUM(M35/31) -> 0.16129032 | Q35: International | R35: =GETPIVOTDATA("Sum of INTERNATIONAL",'Pivot Table'!$A$88) -> 5 | S35: =SUM(R35/4.4286) -> 1.129025 | T35: =SUM(R35/31) -> 0.16129032
B36: Industry Guest | C36: =GETPIVOTDATA("Sum of INDUSTRY GUEST",'Pivot Table'!$A$52) -> 1 | D36: =SUM(C36/4.4286) -> 0.22580499 | E36: =SUM(C36/31) -> 0.032258065 | G36: Industry Guest | H36: =GETPIVOTDATA("Sum of INDUSTRY GUEST",'Pivot Table'!$A$64) -> 0 | I36: =SUM(H36/4.4286) -> 0 | J36: =SUM(H36/30) -> 0 | L36: Industry Guest | M36: =GETPIVOTDATA("Sum of INDUSTRY GUEST",'Pivot Table'!$A$76) -> 1 | N36: =SUM(M36/4.4286) -> 0.22580499 | O36: =SUM(M36/31) -> 0.032258065 | Q36: Industry Guest | R36: =GETPIVOTDATA("Sum of INDUSTRY GUEST",'Pivot Table'!$A$88) -> 4 | S36: =SUM(R36/4.4286) -> 0.90321998 | T36: =SUM(R36/31) -> 0.12903226
B37: Member Intro | C37: =GETPIVOTDATA("Sum of MEMB GUEST MICLUB",'Pivot Table'!$A$52) -> 183 | D37: =SUM(C37/4.4286) -> 41.322314 | E37: =SUM(C37/31) -> 5.9032258 | G37: Member Intro | H37: =GETPIVOTDATA("Sum of MEMB GUEST MICLUB",'Pivot Table'!$A$64) -> 277 | I37: =SUM(H37/4.4286) -> 62.547984 | J37: =SUM(H37/30) -> 9.2333333 | L37: Member Intro | M37: =GETPIVOTDATA("Sum of MEMB GUEST MICLUB",'Pivot Table'!$A$76) -> 191 | N37: =SUM(M37/4.4286) -> 43.128754 | O37: =SUM(M37/31) -> 6.1612903 | Q37: Member Intro | R37: =GETPIVOTDATA("Sum of MEMB GUEST MICLUB",'Pivot Table'!$A$88) -> 221 | S37: =SUM(R37/4.4286) -> 49.902904 | T37: =SUM(R37/31) -> 7.1290323
B38: Member Guest Unaccompanied | C38: =GETPIVOTDATA("Sum of MEMB GUEST UNACCOMPANIED",'Pivot Table'!$A$52) -> 3 | D38: =SUM(C38/4.4286) -> 0.67741498 | E38: =SUM(C38/31) -> 0.096774194 | G38: Member Guest Unaccompanied | H38: =GETPIVOTDATA("Sum of MEMB GUEST UNACCOMPANIED",'Pivot Table'!$A$64) -> 0 | I38: =SUM(H38/4.4286) -> 0 | J38: =SUM(H38/30) -> 0 | L38: Member Guest Unaccompanied | M38: =GETPIVOTDATA("Sum of MEMB GUEST UNACCOMPANIED",'Pivot Table'!$A$76) -> 0 | N38: =SUM(M38/4.4286) -> 0 | O38: =SUM(M38/31) -> 0 | Q38: Member Guest Unaccompanied | R38: =GETPIVOTDATA("Sum of MEMB GUEST UNACCOMPANIED",'Pivot Table'!$A$88) -> 0 | S38: =SUM(R38/4.4286) -> 0 | T38: =SUM(R38/31) -> 0
B39: Corporate | C39: =GETPIVOTDATA("Sum of CORPORATE",'Pivot Table'!$A$52) -> 300 | D39: =SUM(C39/4.4286) -> 67.741498 | E39: =SUM(C39/31) -> 9.6774194 | G39: Corporate | H39: =GETPIVOTDATA("Sum of CORPORATE",'Pivot Table'!$A$64) -> 110 | I39: =SUM(H39/4.4286) -> 24.838549 | J39: =SUM(H39/30) -> 3.6666667 | L39: Corporate | M39: =GETPIVOTDATA("Sum of CORPORATE",'Pivot Table'!$A$76) -> 282 | N39: =SUM(M39/4.4286) -> 63.677009 | O39: =SUM(M39/31) -> 9.0967742 | Q39: Corporate | R39: =GETPIVOTDATA("Sum of CORPORATE",'Pivot Table'!$A$88) -> 349 | S39: =SUM(R39/4.4286) -> 78.805943 | T39: =SUM(R39/31) -> 11.258065
B40: Event | C40: =GETPIVOTDATA("Sum of EVENT",'Pivot Table'!$A$52) -> 176 | D40: =SUM(C40/4.4286) -> 39.741679 | E40: =SUM(C40/31) -> 5.6774194 | G40: Event | H40: 0 | I40: 0 | J40: 0 | L40: Event | M40: =GETPIVOTDATA("Sum of EVENT",'Pivot Table'!$A$76) -> 0 | N40: =SUM(M40/4.4286) -> 0 | O40: =SUM(M40/31) -> 0 | Q40: Event | R40: =GETPIVOTDATA("Sum of EVENT",'Pivot Table'!$A$88) -> 0 | S40: =SUM(R40/4.4286) -> 0 | T40: =SUM(R40/31) -> 0
B41: Non Playing | C41: =GETPIVOTDATA("Sum of NON-PLAYING",'Pivot Table'!$A$52) -> 21 | D41: =SUM(C41/4.4286) -> 4.7419049 | E41: =SUM(C41/31) -> 0.67741935 | G41: Non Playing | H41: =GETPIVOTDATA("Sum of NON-PLAYING",'Pivot Table'!$A$64) -> 46 | I41: =SUM(H41/4.4286) -> 10.38703 | J41: =SUM(H41/30) -> 1.5333333 | L41: Non Playing | M41: =GETPIVOTDATA("Sum of NON-PLAYING",'Pivot Table'!$A$76) -> 34 | N41: =SUM(M41/4.4286) -> 7.6773698 | O41: =SUM(M41/31) -> 1.0967742 | Q41: Non Playing | R41: =GETPIVOTDATA("Sum of NON-PLAYING",'Pivot Table'!$A$88) -> 27 | S41: =SUM(R41/4.4286) -> 6.0967349 | T41: =SUM(R41/31) -> 0.87096774
B42: Voucher | C42: =GETPIVOTDATA("Sum of VOUCHER",'Pivot Table'!$A$52) -> 4 | D42: =SUM(C42/4.4286) -> 0.90321998 | E42: =SUM(C42/31) -> 0.12903226 | G42: Voucher | H42: =GETPIVOTDATA("Sum of VOUCHER",'Pivot Table'!$A$64) -> 183 | I42: =SUM(H42/4.4286) -> 41.322314 | J42: =SUM(H42/30) -> 6.1 | L42: Voucher | M42: =GETPIVOTDATA("Sum of VOUCHER",'Pivot Table'!$A$76) -> 18 | N42: =SUM(M42/4.4286) -> 4.0644899 | O42: =SUM(M42/31) -> 0.58064516 | Q42: Voucher | R42: =GETPIVOTDATA("Sum of VOUCHER",'Pivot Table'!$A$88) -> 123 | S42: =SUM(R42/4.4286) -> 27.774014 | T42: =SUM(R42/31) -> 3.9677419
B43: Reciprocal | C43: =GETPIVOTDATA("Sum of RECIP",'Pivot Table'!$A$52) -> 44 | D43: =SUM(C43/4.4286) -> 9.9354198 | E43: =SUM(C43/31) -> 1.4193548 | G43: Reciprocal | H43: =GETPIVOTDATA("Sum of RECIP",'Pivot Table'!$A$64) -> 27 | I43: =SUM(H43/4.4286) -> 6.0967349 | J43: =SUM(H43/30) -> 0.9 | L43: Reciprocal | M43: =GETPIVOTDATA("Sum of RECIP",'Pivot Table'!$A$76) -> 42 | N43: =SUM(M43/4.4286) -> 9.4838098 | O43: =SUM(M43/31) -> 1.3548387 | Q43: Reciprocal | R43: =GETPIVOTDATA("Sum of RECIP",'Pivot Table'!$A$88) -> 58 | S43: =SUM(R43/4.4286) -> 13.09669 | T43: =SUM(R43/31) -> 1.8709677
B44: Competition | C44: =GETPIVOTDATA("Sum of COMP",'Pivot Table'!$A$52) -> 1670 | D44: =SUM(C44/4.4286) -> 377.09434 | E44: =SUM(C44/31) -> 53.870968 | G44: Competition | H44: =GETPIVOTDATA("Sum of COMP",'Pivot Table'!$A$64) -> 2328 | I44: =SUM(H44/4.4286) -> 525.67403 | J44: =SUM(H44/30) -> 77.6 | L44: Competition | M44: =GETPIVOTDATA("Sum of COMP",'Pivot Table'!$A$76) -> 2498 | N44: =SUM(M44/4.4286) -> 564.06088 | O44: =SUM(M44/31) -> 80.580645 | Q44: Competition | R44: =GETPIVOTDATA("Sum of COMP",'Pivot Table'!$A$88) -> 2296 | S44: =SUM(R44/4.4286) -> 518.44827 | T44: =SUM(R44/31) -> 74.064516
B47: September | D47: Weekly | E47: Daily | G47: October | I47: Weekly | J47: Daily | L47: November | N47: Weekly | O47: Daily | Q47: December | S47: Weekly | T47: Daily
B49: AM Field | C49: =GETPIVOTDATA("Sum of AM FIELD",'Pivot Table'!$A$100) -> 2237 | D49: =SUM(C49/4.4286) -> 505.12577 | E49: =SUM(C49/31) -> 72.16129 | G49: AM Field | H49: =GETPIVOTDATA("Sum of AM FIELD",'Pivot Table'!$A$112) -> 2147 | I49: =SUM(H49/4.4286) -> 484.80332 | J49: =SUM(H49/30) -> 71.566667 | L49: AM Field | M49: =GETPIVOTDATA("Sum of AM FIELD",'Pivot Table'!$A$124) -> 2386 | N49: =SUM(M49/4.4286) -> 538.77072 | O49: =SUM(M49/31) -> 76.967742 | Q49: AM Field | R49: =GETPIVOTDATA("Sum of AM FIELD",'Pivot Table'!$A$136) -> 2270 | S49: =SUM(R49/4.4286) -> 512.57734 | T49: =SUM(R49/30) -> 75.666667
B50: PM Field | C50: =GETPIVOTDATA("Sum of PM FIELD",'Pivot Table'!$A$100) -> 1826 | D50: =SUM(C50/4.4286) -> 412.31992 | E50: =SUM(C50/31) -> 58.903226 | G50: PM Field | H50: =GETPIVOTDATA("Sum of PM FIELD",'Pivot Table'!$A$112) -> 1883 | I50: =SUM(H50/4.4286) -> 425.19081 | J50: =SUM(H50/30) -> 62.766667 | L50: PM Field | M50: =GETPIVOTDATA("Sum of PM FIELD",'Pivot Table'!$A$124) -> 2031 | N50: =SUM(M50/4.4286) -> 458.60994 | O50: =SUM(M50/31) -> 65.516129 | Q50: PM Field | R50: =GETPIVOTDATA("Sum of PM FIELD",'Pivot Table'!$A$136) -> 1642 | S50: =SUM(R50/4.4286) -> 370.7718 | T50: =SUM(R50/30) -> 54.733333
B51: Total Field | C51: =GETPIVOTDATA("Sum of TOTAL FIELD",'Pivot Table'!$A$100) -> 4063 | D51: =SUM(C51/4.4286) -> 917.44569 | E51: =SUM(C51/31) -> 131.06452 | G51: Total Field | H51: =GETPIVOTDATA("Sum of TOTAL FIELD",'Pivot Table'!$A$112) -> 4030 | I51: =SUM(H51/4.4286) -> 909.99413 | J51: =SUM(H51/30) -> 134.33333 | L51: Total Field | M51: =GETPIVOTDATA("Sum of TOTAL FIELD",'Pivot Table'!$A$124) -> 4417 | N51: =SUM(M51/4.4286) -> 997.38066 | O51: =SUM(M51/31) -> 142.48387 | Q51: Total Field | R51: =GETPIVOTDATA("Sum of TOTAL FIELD",'Pivot Table'!$A$136) -> 3912 | S51: =SUM(R51/4.4286) -> 883.34914 | T51: =SUM(R51/30) -> 130.4
B52: Guests | C52: =GETPIVOTDATA("Sum of No. GUESTS",'Pivot Table'!$A$100) -> 686 | D52: =SUM(C52/4.4286) -> 154.90223 | E52: =SUM(C52/31) -> 22.129032 | G52: Guests | H52: =GETPIVOTDATA("Sum of No. GUESTS",'Pivot Table'!$A$112) -> 656 | I52: =SUM(H52/4.4286) -> 148.12808 | J52: =SUM(H52/30) -> 21.866667 | L52: Guests | M52: =GETPIVOTDATA("Sum of No. GUESTS",'Pivot Table'!$A$124) -> 715 | N52: =SUM(M52/4.4286) -> 161.45057 | O52: =SUM(M52/31) -> 23.064516 | Q52: Guests | R52: =GETPIVOTDATA("Sum of No. GUESTS",'Pivot Table'!$A$136) -> 746 | S52: =SUM(R52/4.4286) -> 168.45053 | T52: =SUM(R52/30) -> 24.866667
B53: Member / Guest Ratio | C53: =SUM(C52/C51) -> 0.16884076 | D53: =SUM(C53/4.4286) -> 0.038125086 | E53: =SUM(C53/31) -> 0.0054464761 | G53: Member / Guest Ratio | H53: =SUM(H52/H51) -> 0.16277916 | I53: =SUM(H53/4.4286) -> 0.036756347 | J53: =SUM(H53/30) -> 0.0054259719 | L53: Member / Guest Ratio | M53: =SUM(M52/M51) -> 0.16187458 | N53: =SUM(M53/4.4286) -> 0.036552088 | O53: =SUM(M53/31) -> 0.0052217605 | Q53: Member / Guest Ratio | R53: =SUM(R52/R51) -> 0.1906953 | S53: =SUM(R53/4.4286) -> 0.04305995 | T53: =SUM(R53/30) -> 0.0063565099
B54: Member Play | C54: =GETPIVOTDATA("Sum of MEMBER",'Pivot Table'!$A$100) -> 3377 | D54: =SUM(C54/4.4286) -> 762.54347 | E54: =SUM(C54/31) -> 108.93548 | G54: Member Play | H54: =GETPIVOTDATA("Sum of MEMBER",'Pivot Table'!$A$112) -> 3374 | I54: =SUM(H54/4.4286) -> 761.86605 | J54: =SUM(H54/30) -> 112.46667 | L54: Member Play | M54: =GETPIVOTDATA("Sum of MEMBER",'Pivot Table'!$A$124) -> 3702 | N54: =SUM(M54/4.4286) -> 835.93009 | O54: =SUM(M54/31) -> 119.41935 | Q54: Member Play | R54: =GETPIVOTDATA("Sum of MEMBER",'Pivot Table'!$A$136) -> 3124 | S54: =SUM(R54/4.4286) -> 705.4148 | T54: =SUM(R54/30) -> 104.13333
B55: Manger Intro | C55: =GETPIVOTDATA("Sum of MANAGER INTRO",'Pivot Table'!$A$100) -> 7 | D55: =SUM(C55/4.4286) -> 1.580635 | E55: =SUM(C55/31) -> 0.22580645 | G55: Manger Intro | H55: =GETPIVOTDATA("Sum of MANAGER INTRO",'Pivot Table'!$A$112) -> 5 | I55: =SUM(H55/4.4286) -> 1.129025 | J55: =SUM(H55/30) -> 0.16666667 | L55: Manger Intro | M55: =GETPIVOTDATA("Sum of MANAGER INTRO",'Pivot Table'!$A$124) -> 3 | N55: =SUM(M55/4.4286) -> 0.67741498 | O55: =SUM(M55/31) -> 0.096774194 | Q55: Manger Intro | R55: =GETPIVOTDATA("Sum of MANAGER INTRO",'Pivot Table'!$A$136) -> 2 | S55: =SUM(R55/4.4286) -> 0.45160999 | T55: =SUM(R55/30) -> 0.066666667
B56: Interstate | C56: =GETPIVOTDATA("Sum of INTERSTATE",'Pivot Table'!$A$100) -> 9 | D56: =SUM(C56/4.4286) -> 2.032245 | E56: =SUM(C56/31) -> 0.29032258 | G56: Interstate | H56: =GETPIVOTDATA("Sum of INTERSTATE",'Pivot Table'!$A$112) -> 18 | I56: =SUM(H56/4.4286) -> 4.0644899 | J56: =SUM(H56/30) -> 0.6 | L56: Interstate | M56: =GETPIVOTDATA("Sum of INTERSTATE",'Pivot Table'!$A$124) -> 10 | N56: =SUM(M56/4.4286) -> 2.2580499 | O56: =SUM(M56/31) -> 0.32258065 | Q56: Interstate | R56: =GETPIVOTDATA("Sum of INTERSTATE",'Pivot Table'!$A$136) -> 0 | S56: =SUM(R56/4.4286) -> 0 | T56: =SUM(R56/30) -> 0
B57: International | C57: =GETPIVOTDATA("Sum of INTERNATIONAL",'Pivot Table'!$A$100) -> 2 | D57: =SUM(C57/4.4286) -> 0.45160999 | E57: =SUM(C57/31) -> 0.064516129 | G57: International | H57: =GETPIVOTDATA("Sum of INTERNATIONAL",'Pivot Table'!$A$112) -> 32 | I57: =SUM(H57/4.4286) -> 7.2257598 | J57: =SUM(H57/30) -> 1.0666667 | L57: International | M57: =GETPIVOTDATA("Sum of INTERNATIONAL",'Pivot Table'!$A$124) -> 46 | N57: =SUM(M57/4.4286) -> 10.38703 | O57: =SUM(M57/31) -> 1.483871 | Q57: International | R57: =GETPIVOTDATA("Sum of INTERNATIONAL",'Pivot Table'!$A$136) -> 70 | S57: =SUM(R57/4.4286) -> 15.80635 | T57: =SUM(R57/30) -> 2.3333333
B58: Industry Guest | C58: =GETPIVOTDATA("Sum of INDUSTRY GUEST",'Pivot Table'!$A$100) -> 0 | D58: =SUM(C58/4.4286) -> 0 | E58: =SUM(C58/31) -> 0 | G58: Industry Guest | H58: =GETPIVOTDATA("Sum of INDUSTRY GUEST",'Pivot Table'!$A$112) -> 0 | I58: =SUM(H58/4.4286) -> 0 | J58: =SUM(H58/30) -> 0 | L58: Industry Guest | M58: =GETPIVOTDATA("Sum of INDUSTRY GUEST",'Pivot Table'!$A$124) -> 2 | N58: =SUM(M58/4.4286) -> 0.45160999 | O58: =SUM(M58/31) -> 0.064516129 | Q58: Industry Guest | R58: =GETPIVOTDATA("Sum of INDUSTRY GUEST",'Pivot Table'!$A$136) -> 5 | S58: =SUM(R58/4.4286) -> 1.129025 | T58: =SUM(R58/30) -> 0.16666667
B59: Member Intro | C59: =GETPIVOTDATA("Sum of MEMB GUEST MICLUB",'Pivot Table'!$A$100) -> 204 | D59: =SUM(C59/4.4286) -> 46.064219 | E59: =SUM(C59/31) -> 6.5806452 | G59: Member Intro | H59: =GETPIVOTDATA("Sum of MEMB GUEST MICLUB",'Pivot Table'!$A$112) -> 225 | I59: =SUM(H59/4.4286) -> 50.806124 | J59: =SUM(H59/30) -> 7.5 | L59: Member Intro | M59: =GETPIVOTDATA("Sum of MEMB GUEST MICLUB",'Pivot Table'!$A$124) -> 271 | N59: =SUM(M59/4.4286) -> 61.193154 | O59: =SUM(M59/31) -> 8.7419355 | Q59: Member Intro | R59: =GETPIVOTDATA("Sum of MEMB GUEST MICLUB",'Pivot Table'!$A$136) -> 360 | S59: =SUM(R59/4.4286) -> 81.289798 | T59: =SUM(R59/30) -> 12
B60: Member Guest Unaccompanied | C60: =GETPIVOTDATA("Sum of MEMB GUEST UNACCOMPANIED",'Pivot Table'!$A$100) -> 0 | D60: =SUM(C60/4.4286) -> 0 | E60: =SUM(C60/31) -> 0 | G60: Member Guest Unaccompanied | H60: =GETPIVOTDATA("Sum of MEMB GUEST UNACCOMPANIED",'Pivot Table'!$A$112) -> 4 | I60: =SUM(H60/4.4286) -> 0.90321998 | J60: =SUM(H60/30) -> 0.13333333 | L60: Member Guest Unaccompanied | M60: =GETPIVOTDATA("Sum of MEMB GUEST UNACCOMPANIED",'Pivot Table'!$A$124) -> 3 | N60: =SUM(M60/4.4286) -> 0.67741498 | O60: =SUM(M60/31) -> 0.096774194 | Q60: Member Guest Unaccompanied | R60: =GETPIVOTDATA("Sum of MEMB GUEST UNACCOMPANIED",'Pivot Table'!$A$136) -> 0 | S60: =SUM(R60/4.4286) -> 0 | T60: =SUM(R60/30) -> 0
B61: Corporate | C61: =GETPIVOTDATA("Sum of CORPORATE",'Pivot Table'!$A$100) -> 245 | D61: =SUM(C61/4.4286) -> 55.322224 | E61: =SUM(C61/31) -> 7.9032258 | G61: Corporate | H61: =GETPIVOTDATA("Sum of CORPORATE",'Pivot Table'!$A$112) -> 172 | I61: =SUM(H61/4.4286) -> 38.838459 | J61: =SUM(H61/30) -> 5.7333333 | L61: Corporate | M61: =GETPIVOTDATA("Sum of CORPORATE",'Pivot Table'!$A$124) -> 203 | N61: =SUM(M61/4.4286) -> 45.838414 | O61: =SUM(M61/31) -> 6.5483871 | Q61: Corporate | R61: =GETPIVOTDATA("Sum of CORPORATE",'Pivot Table'!$A$136) -> 214 | S61: =SUM(R61/4.4286) -> 48.322269 | T61: =SUM(R61/30) -> 7.1333333
B62: Event | C62: =GETPIVOTDATA("Sum of EVENT",'Pivot Table'!$A$100) -> 100 | D62: =SUM(C62/4.4286) -> 22.580499 | E62: =SUM(C62/31) -> 3.2258065 | G62: Event | H62: =GETPIVOTDATA("Sum of EVENT",'Pivot Table'!$A$112) -> 114 | L62: Event | M62: =GETPIVOTDATA("Sum of EVENT",'Pivot Table'!$A$124) -> 60 | Q62: Event
B63: Non Playing | C63: =GETPIVOTDATA("Sum of NON-PLAYING",'Pivot Table'!$A$100) -> 0 | D63: =SUM(C63/4.4286) -> 0 | E63: =SUM(C63/31) -> 0 | G63: Non Playing | H63: =GETPIVOTDATA("Sum of NON-PLAYING",'Pivot Table'!$A$112) -> 0 | I63: =SUM(H63/4.4286) -> 0 | J63: =SUM(H63/30) -> 0 | L63: Non Playing | M63: =GETPIVOTDATA("Sum of NON-PLAYING",'Pivot Table'!$A$124,"DAY","Sun") -> 0 | N63: =SUM(M63/4.4286) -> 0 | O63: =SUM(M63/31) -> 0 | Q63: Non Playing | R63: =GETPIVOTDATA("Sum of NON-PLAYING",'Pivot Table'!$A$136) -> 42 | S63: =SUM(R63/4.4286) -> 9.4838098 | T63: =SUM(R63/30) -> 1.4
