Workbook

Sheet Yearly Total To Date
B4: Yearly Total | F4: Total Average (Month) | J4: Total Average (Week) | N4: Total Average (Day) | R4: 2024 Occupancy Totals
B6: AM Field | C6: ='Monthly Totals'!C5+'Monthly Totals'!F5+'Monthly Totals'!I5+'Monthly Totals'!L5+'Monthly Totals'!O5+'Monthly Totals'!R5+'Monthly Totals'!C27+'Monthly Totals'!F27+'Monthly Totals'!I27+'Monthly Totals'!L27+'Monthly Totals'!O27+'Monthly Totals'!R27 -> 26916 | F6: AM Field | G6: =C6 / 12 -> 2243 | J6: AM Field | K6: =C6 / 52 -> 517.61538 | N6: AM Field | O6: =C6 / 365 -> 73.742466 | R6: Time | S6: Bookings | T6: Spots Available | U6: Occupancy
B7: PM Field | C7: ='Monthly Totals'!C6+'Monthly Totals'!F6+'Monthly Totals'!I6+'Monthly Totals'!L6+'Monthly Totals'!O6+'Monthly Totals'!R6+'Monthly Totals'!C28+'Monthly Totals'!F28+'Monthly Totals'!I28+'Monthly Totals'!L28+'Monthly Totals'!O28+'Monthly Totals'!R28 -> 23285 | F7: PM Field | G7: =C7 / 12 -> 1940.4167 | J7: PM Field | K7: =C7 / 52 -> 447.78846 | N7: PM Field | O7: =C7 / 365 -> 63.794521 | R7: AM | S7: ='Occupancy Report Summarised'!L4+'Occupancy Report Summarised'!L8+'Occupancy Report Summarised'!L12+'Occupancy Report Summarised'!L16+'Occupancy Report Summarised'!L20+'Occupancy Report Summarised'!L24+'Occupancy Report Summarised'!L28+'Occupancy Report Summarised'!L32+'Occupancy Report Summarised'!L36+'Occupancy Report Summarised'!L40+'Occupancy Report Summarised'!L44+'Occupancy Report Summarised'!L48 -> 26916 | T7: ='Occupancy Report Summarised'!M4+'Occupancy Report Summarised'!M8+'Occupancy Report Summarised'!M12+'Occupancy Report Summarised'!M16+'Occupancy Report Summarised'!M20+'Occupancy Report Summarised'!M24+'Occupancy Report Summarised'!M28+'Occupancy Report Summarised'!M32+'Occupancy Report Summarised'!M36+'Occupancy Report Summarised'!M40+'Occupancy Report Summarised'!M44+'Occupancy Report Summarised'!M48 -> 32756 | U7: =SUM(S7/T7) -> 0.82171205
B8: Total Field | C8: ='Monthly Totals'!C7+'Monthly Totals'!F7+'Monthly Totals'!I7+'Monthly Totals'!L7+'Monthly Totals'!O7+'Monthly Totals'!R7+'Monthly Totals'!C29+'Monthly Totals'!F29+'Monthly Totals'!I29+'Monthly Totals'!L29+'Monthly Totals'!O29+'Monthly Totals'!R29 -> 50201 | F8: Total Field | G8: =C8 / 12 -> 4183.4167 | J8: Total Field | K8: =C8 / 52 -> 965.40385 | N8: Total Field | O8: =C8 / 365 -> 137.53699 | R8: PM | S8: ='Occupancy Report Summarised'!L5+'Occupancy Report Summarised'!L9+'Occupancy Report Summarised'!L13+'Occupancy Report Summarised'!L17+'Occupancy Report Summarised'!L21+'Occupancy Report Summarised'!L25+'Occupancy Report Summarised'!L29+'Occupancy Report Summarised'!L33+'Occupancy Report Summarised'!L37+'Occupancy Report Summarised'!L41+'Occupancy Report Summarised'!L45+'Occupancy Report Summarised'!L49 -> 23285 | T8: ='Occupancy Report Summarised'!M5+'Occupancy Report Summarised'!M9+'Occupancy Report Summarised'!M13+'Occupancy Report Summarised'!M17+'Occupancy Report Summarised'!M21+'Occupancy Report Summarised'!M25+'Occupancy Report Summarised'!M29+'Occupancy Report Summarised'!M33+'Occupancy Report Summarised'!M37+'Occupancy Report Summarised'!M41+'Occupancy Report Summarised'!M45+'Occupancy Report Summarised'!M49 -> 31584 | U8: =SUM(S8/T8) -> 0.73724037
B9: Guests | C9: ='Monthly Totals'!C8+'Monthly Totals'!F8+'Monthly Totals'!I8+'Monthly Totals'!L8+'Monthly Totals'!O8+'Monthly Totals'!R8+'Monthly Totals'!C30+'Monthly Totals'!F30+'Monthly Totals'!I30+'Monthly Totals'!L30+'Monthly Totals'!O30+'Monthly Totals'!R30 -> 9577 | F9: Guests | G9: =C9 / 12 -> 798.08333 | J9: Guests | K9: =C9 / 52 -> 184.17308 | N9: Guests | O9: =C9 / 365 -> 26.238356 | R9: Total | S9: =SUM(S7:S8) -> 50201 | T9: =SUM(T7:T8) -> 64340 | U9: =SUM(S9/T9) -> 0.78024557
B10: Member / Guest Ratio | C10: =SUM(C9/C8) -> 0.19077309 | F10: Member / Guest Ratio | G10: - | J10: Member / Guest Ratio | K10: - | N10: Member / Guest Ratio | O10: -
B11: Member Play | C11: ='Monthly Totals'!C10+'Monthly Totals'!F10+'Monthly Totals'!I10+'Monthly Totals'!L10+'Monthly Totals'!O10+'Monthly Totals'!R10+'Monthly Totals'!C32+'Monthly Totals'!F32+'Monthly Totals'!I32+'Monthly Totals'!L32+'Monthly Totals'!O32+'Monthly Totals'!R32 -> 40395 | F11: Member Play | G11: =C11 / 12 -> 3366.25 | J11: Member Play | K11: =C11 / 52 -> 776.82692 | N11: Member Play | O11: =C11 / 365 -> 110.67123
B12: Manger Intro | C12: ='Monthly Totals'!C11+'Monthly Totals'!F11+'Monthly Totals'!I11+'Monthly Totals'!L11+'Monthly Totals'!O11+'Monthly Totals'!R11+'Monthly Totals'!C33+'Monthly Totals'!F33+'Monthly Totals'!I33+'Monthly Totals'!L33+'Monthly Totals'!O33+'Monthly Totals'!R33 -> 191 | F12: Manger Intro | G12: =C12 / 12 -> 15.916667 | J12: Manger Intro | K12: =C12 / 52 -> 3.6730769 | N12: Manger Intro | O12: =C12 / 365 -> 0.52328767
B13: Interstate | C13: ='Monthly Totals'!C12+'Monthly Totals'!F12+'Monthly Totals'!I12+'Monthly Totals'!L12+'Monthly Totals'!O12+'Monthly Totals'!R12+'Monthly Totals'!C34+'Monthly Totals'!F34+'Monthly Totals'!I34+'Monthly Totals'!L34+'Monthly Totals'!O34+'Monthly Totals'!R34 -> 147 | F13: Interstate | G13: =C13 / 12 -> 12.25 | J13: Interstate | K13: =C13 / 52 -> 2.8269231 | N13: Interstate | O13: =C13 / 365 -> 0.40273973
B14: International | C14: ='Monthly Totals'!C13+'Monthly Totals'!F13+'Monthly Totals'!I13+'Monthly Totals'!L13+'Monthly Totals'!O13+'Monthly Totals'!R13+'Monthly Totals'!C35+'Monthly Totals'!F35+'Monthly Totals'!I35+'Monthly Totals'!L35+'Monthly Totals'!O35+'Monthly Totals'!R35 -> 332 | F14: International | G14: =C14 / 12 -> 27.666667 | J14: International | K14: =C14 / 52 -> 6.3846154 | N14: International | O14: =C14 / 365 -> 0.90958904
B15: Industry Guest | C15: ='Monthly Totals'!C14+'Monthly Totals'!F14+'Monthly Totals'!I14+'Monthly Totals'!L14+'Monthly Totals'!O14+'Monthly Totals'!R14+'Monthly Totals'!C36+'Monthly Totals'!F36+'Monthly Totals'!I36+'Monthly Totals'!L36+'Monthly Totals'!O36+'Monthly Totals'!R36 -> 101 | F15: Industry Guest | G15: =C15 / 12 -> 8.4166667 | J15: Industry Guest | K15: =C15 / 52 -> 1.9423077 | N15: Industry Guest | O15: =C15 / 365 -> 0.27671233
B16: Member Intro | C16: ='Monthly Totals'!C15+'Monthly Totals'!F15+'Monthly Totals'!I15+'Monthly Totals'!L15+'Monthly Totals'!O15+'Monthly Totals'!R15+'Monthly Totals'!C37+'Monthly Totals'!F37+'Monthly Totals'!I37+'Monthly Totals'!L37+'Monthly Totals'!O37+'Monthly Totals'!R37 -> 3702 | F16: Member Intro | G16: =C16 / 12 -> 308.5 | J16: Member Intro | K16: =C16 / 52 -> 71.192308 | N16: Member Intro | O16: =C16 / 365 -> 10.142466
B17: Member Guest Unaccompanied | C17: ='Monthly Totals'!C16+'Monthly Totals'!F16+'Monthly Totals'!I16+'Monthly Totals'!L16+'Monthly Totals'!O16+'Monthly Totals'!R16+'Monthly Totals'!C38+'Monthly Totals'!F38+'Monthly Totals'!I38+'Monthly Totals'!L38+'Monthly Totals'!O38+'Monthly Totals'!R38 -> 44 | F17: Member Guest Unaccompanied | G17: =C17 / 12 -> 3.6666667 | J17: Member Guest Unaccompanied | K17: =C17 / 52 -> 0.84615385 | N17: Member Guest Unaccompanied | O17: =C17 / 365 -> 0.12054795
B18: Corporate | C18: ='Monthly Totals'!C17+'Monthly Totals'!F17+'Monthly Totals'!I17+'Monthly Totals'!L17+'Monthly Totals'!O17+'Monthly Totals'!R17+'Monthly Totals'!C39+'Monthly Totals'!F39+'Monthly Totals'!I39+'Monthly Totals'!L39+'Monthly Totals'!O39+'Monthly Totals'!R39 -> 2652 | F18: Corporate | G18: =C18 / 12 -> 221 | J18: Corporate | K18: =C18 / 52 -> 51 | N18: Corporate | O18: =C18 / 365 -> 7.2657534
B19: Event | C19: ='Monthly Totals'!C18+'Monthly Totals'!F18+'Monthly Totals'!I18+'Monthly Totals'!L18+'Monthly Totals'!O18+'Monthly Totals'!R18+'Monthly Totals'!C40+'Monthly Totals'!F40+'Monthly Totals'!I40+'Monthly Totals'!L40+'Monthly Totals'!O40+'Monthly Totals'!R40 -> 1003 | F19: Event | G19: =C19 / 12 -> 83.583333 | J19: Event | K19: =C19 / 52 -> 19.288462 | N19: Event | O19: =C19 / 365 -> 2.7479452
B20: Non Playing | C20: ='Monthly Totals'!C19+'Monthly Totals'!F19+'Monthly Totals'!I19+'Monthly Totals'!L19+'Monthly Totals'!O19+'Monthly Totals'!R19+'Monthly Totals'!C41+'Monthly Totals'!F41+'Monthly Totals'!I41+'Monthly Totals'!L41+'Monthly Totals'!O41+'Monthly Totals'!R41 -> 229 | F20: Non Playing | G20: =C20 / 12 -> 19.083333 | J20: Non Playing | K20: =C20 / 52 -> 4.4038462 | N20: Non Playing | O20: =C20 / 365 -> 0.62739726
B21: Voucher | C21: ='Monthly Totals'!C20+'Monthly Totals'!F20+'Monthly Totals'!I20+'Monthly Totals'!L20+'Monthly Totals'!O20+'Monthly Totals'!R20+'Monthly Totals'!C42+'Monthly Totals'!F42+'Monthly Totals'!I42+'Monthly Totals'!L42+'Monthly Totals'!O42+'Monthly Totals'!R42 -> 628 | F21: Voucher | G21: =C21 / 12 -> 52.333333 | J21: Voucher | K21: =C21 / 52 -> 12.076923 | N21: Voucher | O21: =C21 / 365 -> 1.7205479
B22: Reciprocal | C22: ='Monthly Totals'!C21+'Monthly Totals'!F21+'Monthly Totals'!I21+'Monthly Totals'!L21+'Monthly Totals'!O21+'Monthly Totals'!R21+'Monthly Totals'!C43+'Monthly Totals'!F43+'Monthly Totals'!I43+'Monthly Totals'!L43+'Monthly Totals'!O43+'Monthly Totals'!R43 -> 777 | F22: Reciprocal | G22: =C22 / 12 -> 64.75 | J22: Reciprocal | K22: =C22 / 52 -> 14.942308 | N22: Reciprocal | O22: =C22 / 365 -> 2.1287671
B23: Competition | C23: ='Monthly Totals'!C22+'Monthly Totals'!F22+'Monthly Totals'!I22+'Monthly Totals'!L22+'Monthly Totals'!O22+'Monthly Totals'!R22+'Monthly Totals'!C44+'Monthly Totals'!F44+'Monthly Totals'!I44+'Monthly Totals'!L44+'Monthly Totals'!O44+'Monthly Totals'!R44 -> 26767 | F23: Competition | G23: =C23 / 12 -> 2230.5833 | J23: Competition | K23: =C23 / 52 -> 514.75 | N23: Competition | O23: =C23 / 365 -> 73.334247

Sheet Occupancy Report
B2: January | D2: Bookings | E2: Spots Available | F2: Occupancy | G2: Notes | I2: February | K2: Bookings | L2: Spots Available | M2: Occupancy | N2: Notes | P2: March | R2: Bookings | S2: Spots Available | T2: Occupancy | U2: Notes
B4: Monday | C4: AM | D4: =GETPIVOTDATA("Sum of AM FIELD",'Pivot Table'!$A$4,"DAY","Mon") -> 303 | E4: =SUM(104+80+88+92+88) -> 452 | F4: =SUM(D4/E4) -> 0.67035398 | I4: Monday | J4: AM | K4: =GETPIVOTDATA("Sum of AM FIELD",'Pivot Table'!$A$16,"DAY","Mon") -> 182 | L4: =SUM(88+0+88+88) -> 264 | M4: =SUM(K4/L4) -> 0.68939394 | P4: Monday | Q4: AM | R4: =GETPIVOTDATA("Sum of AM FIELD",'Pivot Table'!$A$28,"DAY","Mon") -> 224 | S4: =SUM(88+96+104+0) -> 288 | T4: =SUM(R4/S4) -> 0.77777778
C5: PM | D5: =GETPIVOTDATA("Sum of PM FIELD",'Pivot Table'!$A$4,"DAY","Mon") -> 312 | E5: =SUM(84+96+84+88+88) -> 440 | F5: =SUM(D5/E5) -> 0.70909091 | J5: PM | K5: =GETPIVOTDATA("Sum of PM FIELD",'Pivot Table'!$A$16,"DAY","Mon") -> 284 | L5: =SUM(88+88+88+88) -> 352 | M5: =SUM(K5/L5) -> 0.80681818 | Q5: PM | R5: =GETPIVOTDATA("Sum of PM FIELD",'Pivot Table'!$A$28,"DAY","Mon") -> 246 | S5: =SUM(88+96+96+80) -> 360 | T5: =SUM(R5/S5) -> 0.68333333
B6: Total Occupancy | D6: =SUM(D3:D5) -> 615 | E6: =SUM(E3:E5) -> 892 | F6: =SUM(D6/E6) -> 0.68946188 | I6: Total Occupancy | K6: =SUM(K3:K5) -> 466 | L6: =SUM(L3:L5) -> 616 | M6: =SUM(K6/L6) -> 0.75649351 | P6: Total Occupancy | R6: =SUM(R3:R5) -> 470 | S6: =SUM(S4:S5) -> 648 | T6: =SUM(R6/S6) -> 0.72530864
B8: Tuesday | C8: AM | D8: =GETPIVOTDATA("Sum of AM FIELD",'Pivot Table'!$A$4,"DAY","Tue") -> 413 | E8: =SUM(112+112+112+112+112) -> 560 | F8: =SUM(D8/E8) -> 0.7375 | I8: Tuesday | J8: AM | K8: =GETPIVOTDATA("Sum of AM FIELD",'Pivot Table'!$A$16,"DAY","Tue") -> 358 | L8: =SUM(112+112+112+112) -> 448 | M8: =SUM(K8/L8) -> 0.79910714 | P8: Tuesday | Q8: AM | R8: =GETPIVOTDATA("Sum of AM FIELD",'Pivot Table'!$A$28,"DAY","Tue") -> 403 | S8: =SUM(112+112+112+100) -> 436 | T8: =SUM(R8/S8) -> 0.92431193
C9: PM | D9: =GETPIVOTDATA("Sum of PM FIELD",'Pivot Table'!$A$4,"DAY","Tue") -> 120 | E9: =SUM(84+84+84+84+84) -> 420 | F9: =SUM(D9/E9) -> 0.28571429 | J9: PM | K9: =GETPIVOTDATA("Sum of PM FIELD",'Pivot Table'!$A$16,"DAY","Tue") -> 116 | L9: =SUM(84+84+84+84) -> 336 | M9: =SUM(K9/L9) -> 0.3452381 | Q9: PM | R9: =GETPIVOTDATA("Sum of PM FIELD",'Pivot Table'!$A$28,"DAY","Tue") -> 77 | S9: =SUM(84+84+84+32) -> 284 | T9: =SUM(R9/S9) -> 0.27112676
B10: Total Occupancy | D10: =SUM(D7:D9) -> 533 | E10: =SUM(E7:E9) -> 980 | F10: =SUM(D10/E10) -> 0.54387755 | I10: Total Occupancy | K10: =SUM(K7:K9) -> 474 | L10: =SUM(L7:L9) -> 784 | M10: =SUM(K10/L10) -> 0.60459184 | P10: Total Occupancy | R10: =SUM(R7:R9) -> 480 | S10: =SUM(S7:S9) -> 720 | T10: =SUM(R10/S10) -> 0.66666667
B12: Wednesday | C12: AM | D12: =GETPIVOTDATA("Sum of AM FIELD",'Pivot Table'!$A$4,"DAY","Wed") -> 384 | E12: =SUM(108+108+88+88+108) -> 500 | F12: =SUM(D12/E12) -> 0.768 | I12: Wednesday | J12: AM | K12: =GETPIVOTDATA("Sum of AM FIELD",'Pivot Table'!$A$16,"DAY","Wed") -> 258 | L12: =SUM(104+104+104+96) -> 408 | M12: =SUM(K12/L12) -> 0.63235294 | P12: Wednesday | Q12: AM | R12: =GETPIVOTDATA("Sum of AM FIELD",'Pivot Table'!$A$28,"DAY","Wed") -> 252 | S12: =SUM(96+104+72+104) -> 376 | T12: =SUM(R12/S12) -> 0.67021277
C13: PM | D13: =GETPIVOTDATA("Sum of PM FIELD",'Pivot Table'!$A$4,"DAY","Wed") -> 439 | E13: =SUM(88+88+164+164+88) -> 592 | F13: =SUM(D13/E13) -> 0.74155405 | J13: PM | K13: =GETPIVOTDATA("Sum of PM FIELD",'Pivot Table'!$A$16,"DAY","Wed") -> 390 | L13: =SUM(92+180+96+56) -> 424 | M13: =SUM(K13/L13) -> 0.91981132 | Q13: PM | R13: =GETPIVOTDATA("Sum of PM FIELD",'Pivot Table'!$A$28,"DAY","Wed") -> 317 | S13: =SUM(92+88+88+100) -> 368 | T13: =SUM(R13/S13) -> 0.86141304
B14: Total Occupancy | D14: =SUM(D11:D13) -> 823 | E14: =SUM(E11:E13) -> 1092 | F14: =SUM(D14/E14) -> 0.753663 | I14: Total Occupancy | K14: =SUM(K11:K13) -> 648 | L14: =SUM(L11:L13) -> 832 | M14: =SUM(K14/L14) -> 0.77884615 | P14: Total Occupancy | R14: =SUM(R11:R13) -> 569 | S14: =SUM(S11:S13) -> 744 | T14: =SUM(R14/S14) -> 0.76478495
B16: Thursday | C16: AM | D16: =GETPIVOTDATA("Sum of AM FIELD",'Pivot Table'!$A$4,"DAY","Thu") -> 313 | E16: =SUM(88+88+88+88) -> 352 | F16: =SUM(D16/E16) -> 0.88920455 | I16: Thursday | J16: AM | K16: =GETPIVOTDATA("Sum of AM FIELD",'Pivot Table'!$A$16,"DAY","Thu") -> 396 | L16: =SUM(88+88+88+88+88) -> 440 | M16: =SUM(K16/L16) -> 0.9 | P16: Thursday | Q16: AM | R16: =GETPIVOTDATA("Sum of AM FIELD",'Pivot Table'!$A$28,"DAY","Thu") -> 325 | S16: =SUM(88+88+88+88) -> 352 | T16: =SUM(R16/S16) -> 0.92329545
C17: PM | D17: =GETPIVOTDATA("Sum of PM FIELD",'Pivot Table'!$A$4,"DAY","Thu") -> 311 | E17: =SUM(96+96+96+96) -> 384 | F17: =SUM(D17/E17) -> 0.80989583 | J17: PM | K17: =GETPIVOTDATA("Sum of PM FIELD",'Pivot Table'!$A$16,"DAY","Thu") -> 372 | L17: =SUM(96+96+96+96+96) -> 480 | M17: =SUM(K17/L17) -> 0.775 | Q17: PM | R17: =GETPIVOTDATA("Sum of PM FIELD",'Pivot Table'!$A$28,"DAY","Thu") -> 280 | S17: =SUM(96+96+96+96) -> 384 | T17: =SUM(R17/S17) -> 0.72916667
B18: Total Occupancy | D18: =SUM(D15:D17) -> 624 | E18: =SUM(E15:E17) -> 736 | F18: =SUM(D18/E18) -> 0.84782609 | I18: Total Occupancy | K18: =SUM(K15:K17) -> 768 | L18: =SUM(L15:L17) -> 920 | M18: =SUM(K18/L18) -> 0.83478261 | P18: Total Occupancy | R18: =SUM(R15:R17) -> 605 | S18: =SUM(S15:S17) -> 736 | T18: =SUM(R18/S18) -> 0.82201087
B20: Friday | C20: AM | D20: =GETPIVOTDATA("Sum of AM FIELD",'Pivot Table'!$A$4,"DAY","Fri") -> 377 | E20: =SUM(108+108+108+104) -> 428 | F20: =SUM(D20/E20) -> 0.88084112 | I20: Friday | J20: AM | K20: =GETPIVOTDATA("Sum of AM FIELD",'Pivot Table'!$A$16,"DAY","Fri") -> 329 | L20: =SUM(104+100+100+54) -> 358 | M20: =SUM(K20/L20) -> 0.91899441 | P20: Friday | Q20: AM | R20: =GETPIVOTDATA("Sum of AM FIELD",'Pivot Table'!$A$28,"DAY","Fri") -> 399 | S20: =SUM(104+104+56+104+88) -> 456 | T20: =SUM(R20/S20) -> 0.875
C21: PM | D21: =GETPIVOTDATA("Sum of PM FIELD",'Pivot Table'!$A$4,"DAY","Fri") -> 309 | E21: =SUM(88+88+88+88) -> 352 | F21: =SUM(D21/E21) -> 0.87784091 | J21: PM | K21: =GETPIVOTDATA("Sum of PM FIELD",'Pivot Table'!$A$16,"DAY","Fri") -> 372 | L21: =SUM(176+96+104+68) -> 444 | M21: =SUM(K21/L21) -> 0.83783784 | Q21: PM | R21: =GETPIVOTDATA("Sum of PM FIELD",'Pivot Table'!$A$28,"DAY","Fri") -> 543 | S21: =SUM(136+168+80+96+96) -> 576 | T21: =SUM(R21/S21) -> 0.94270833
B22: Total Occupancy | D22: =SUM(D19:D21) -> 686 | E22: =SUM(E19:E21) -> 780 | F22: =SUM(D22/E22) -> 0.87948718 | I22: Total Occupancy | K22: =SUM(K19:K21) -> 701 | L22: =SUM(L19:L21) -> 802 | M22: =SUM(K22/L22) -> 0.87406484 | P22: Total Occupancy | R22: =SUM(R19:R21) -> 942 | S22: =SUM(S19:S21) -> 1032 | T22: =SUM(R22/S22) -> 0.9127907
B24: Saturday | C24: AM | D24: =GETPIVOTDATA("Sum of AM FIELD",'Pivot Table'!$A$4,"DAY","Sat") -> 376 | E24: =SUM(104+104+104+104) -> 416 | F24: =SUM(D24/E24) -> 0.90384615 | I24: Saturday | J24: AM | K24: =GETPIVOTDATA("Sum of AM FIELD",'Pivot Table'!$A$16,"DAY","Sat") -> 336 | L24: =SUM(104+104+68+80) -> 356 | M24: =SUM(K24/L24) -> 0.94382022 | P24: Saturday | Q24: AM | R24: =GETPIVOTDATA("Sum of AM FIELD",'Pivot Table'!$A$28,"DAY","Sat") -> 426 | S24: =SUM(104+96+96+88+88) -> 472 | T24: =SUM(R24/S24) -> 0.90254237
C25: PM | D25: =GETPIVOTDATA("Sum of PM FIELD",'Pivot Table'!$A$4,"DAY","Sat") -> 238 | E25: =SUM(92+88+88+88) -> 356 | F25: =SUM(D25/E25) -> 0.66853933 | J25: PM | K25: =GETPIVOTDATA("Sum of PM FIELD",'Pivot Table'!$A$16,"DAY","Sat") -> 341 | L25: =SUM(88+96+96+88) -> 368 | M25: =SUM(K25/L25) -> 0.92663043 | Q25: PM | R25: =GETPIVOTDATA("Sum of PM FIELD",'Pivot Table'!$A$28,"DAY","Sat") -> 268 | S25: =SUM(96+96+96+88+88) -> 464 | T25: =SUM(R25/S25) -> 0.57758621
B26: Total Occupancy | D26: =SUM(D23:D25) -> 614 | E26: =SUM(E23:E25) -> 772 | F26: =SUM(D26/E26) -> 0.79533679 | I26: Total Occupancy | K26: =SUM(K23:K25) -> 677 | L26: =SUM(L23:L25) -> 724 | M26: =SUM(K26/L26) -> 0.93508287 | P26: Total Occupancy | R26: =SUM(R23:R25) -> 694 | S26: =SUM(S23:S25) -> 936 | T26: =SUM(R26/S26) -> 0.74145299
B28: Sunday | C28: AM | D28: =GETPIVOTDATA("Sum of AM FIELD",'Pivot Table'!$A$4,"DAY","Sun") -> 395 | E28: =SUM(104+104+104+104) -> 416 | F28: =SUM(D28/E28) -> 0.94951923 | I28: Sunday | J28: AM | K28: =GETPIVOTDATA("Sum of AM FIELD",'Pivot Table'!$A$16,"DAY","Sun") -> 389 | L28: =SUM(104+104+104+104) -> 416 | M28: =SUM(K28/L28) -> 0.93509615 | P28: Sunday | Q28: AM | R28: =GETPIVOTDATA("Sum of AM FIELD",'Pivot Table'!$A$28,"DAY","Sun") -> 356 | S28: =SUM(104+96+76+40+88) -> 404 | T28: =SUM(R28/S28) -> 0.88118812
C29: PM | D29: =GETPIVOTDATA("Sum of PM FIELD",'Pivot Table'!$A$4,"DAY","Sun") -> 315 | E29: =SUM(96+96+96+96) -> 384 | F29: =SUM(D29/E29) -> 0.8203125 | J29: PM | K29: =GETPIVOTDATA("Sum of PM FIELD",'Pivot Table'!$A$16,"DAY","Sun") -> 290 | L29: =SUM(96+96+96+96) -> 384 | M29: =SUM(K29/L29) -> 0.75520833 | Q29: PM | R29: =GETPIVOTDATA("Sum of PM FIELD",'Pivot Table'!$A$28,"DAY","Sun") -> 298 | S29: =SUM(96+96+52+56+96) -> 396 | T29: =SUM(R29/S29) -> 0.75252525
B30: Total Occupancy | D30: =SUM(D27:D29) -> 710 | E30: =SUM(E27:E29) -> 800 | F30: =SUM(D30/E30) -> 0.8875 | I30: Total Occupancy | K30: =SUM(K27:K29) -> 679 | L30: =SUM(L27:L29) -> 800 | M30: =SUM(K30/L30) -> 0.84875 | P30: Total Occupancy | R30: =SUM(R27:R29) -> 654 | S30: =SUM(S27:S29) -> 800 | T30: =SUM(R30/S30) -> 0.8175
B33: April | D33: Bookings | E33: Spots Available | F33: Occupancy | G33: Notes | I33: May | K33: Bookings | L33: Spots Available | M33: Occupancy | N33: Notes | P33: June | R33: Bookings | S33: Spots Available | T33: Occupancy | U33: Notes
B35: Monday | C35: AM | D35: =GETPIVOTDATA("Sum of AM FIELD",'Pivot Table'!$A$40,"DAY","Mon") -> 234 | E35: =SUM(88+88+0+64+32) -> 272 | F35: =SUM(D35/E35) -> 0.86029412 | I35: Monday | J35: AM | K35: =GETPIVOTDATA("Sum of AM FIELD",'Pivot Table'!$A$52,"DAY","Mon") -> 164 | L35: =SUM(88+88+88+0) -> 264 | M35: =SUM(K35/L35) -> 0.62121212 | P35: Monday | Q35: AM | R35: =GETPIVOTDATA("Sum of AM FIELD",'Pivot Table'!$A$64,"DAY","Mon") -> 159 | S35: =SUM(88+88+76+0) -> 252 | T35: =SUM(R35/S35) -> 0.63095238
C36: PM | D36: =GETPIVOTDATA("Sum of PM FIELD",'Pivot Table'!$A$40,"DAY","Mon") -> 337 | E36: =SUM(96+80+80+88+80) -> 424 | F36: =SUM(D36/E36) -> 0.79481132 | J36: PM | K36: =GETPIVOTDATA("Sum of PM FIELD",'Pivot Table'!$A$52,"DAY","Mon") -> 292 | L36: =SUM(80+80+80+80) -> 320 | M36: =SUM(K36/L36) -> 0.9125 | Q36: PM | R36: =GETPIVOTDATA("Sum of PM FIELD",'Pivot Table'!$A$64,"DAY","Mon") -> 299 | S36: =SUM(80+72+80+80) -> 312 | T36: =SUM(R36/S36) -> 0.95833333
B37: Total Occupancy | D37: =SUM(D34:D36) -> 571 | E37: =SUM(E34:E36) -> 696 | F37: =SUM(D37/E37) -> 0.8204023 | I37: Total Occupancy | K37: =SUM(K34:K36) -> 456 | L37: =SUM(L34:L36) -> 584 | M37: =SUM(K37/L37) -> 0.78082192 | P37: Total Occupancy | R37: =SUM(R34:R36) -> 458 | S37: =SUM(S34:S36) -> 564 | T37: =SUM(R37/S37) -> 0.81205674
B39: Tuesday | C39: AM | D39: =GETPIVOTDATA("Sum of AM FIELD",'Pivot Table'!$A$40,"DAY","Tue") -> 345 | E39: =SUM(112+112+112+112+64) -> 512 | F39: =SUM(D39/E39) -> 0.67382812 | I39: Tuesday | J39: AM | K39: =GETPIVOTDATA("Sum of AM FIELD",'Pivot Table'!$A$52,"DAY","Tue") -> 342 | L39: =SUM(104+112+112+76) -> 404 | M39: =SUM(K39/L39) -> 0.84653465 | P39: Tuesday | Q39: AM | R39: =GETPIVOTDATA("Sum of AM FIELD",'Pivot Table'!$A$64,"DAY","Tue") -> 266 | S39: =SUM(112+112+84+112) -> 420 | T39: =SUM(R39/S39) -> 0.63333333
C40: PM | D40: =GETPIVOTDATA("Sum of PM FIELD",'Pivot Table'!$A$40,"DAY","Tue") -> 204 | E40: =SUM(80+80+80+80) -> 320 | F40: =SUM(D40/E40) -> 0.6375 | J40: PM | K40: =GETPIVOTDATA("Sum of PM FIELD",'Pivot Table'!$A$52,"DAY","Tue") -> 147 | L40: =SUM(80+80+80+80) -> 320 | M40: =SUM(K40/L40) -> 0.459375 | Q40: PM | R40: =GETPIVOTDATA("Sum of PM FIELD",'Pivot Table'!$A$64,"DAY","Tue") -> 80 | S40: =SUM(80+80+0+80) -> 240 | T40: =SUM(R40/S40) -> 0.33333333
B41: Total Occupancy | D41: =SUM(D38:D40) -> 549 | E41: =SUM(E38:E40) -> 832 | F41: =SUM(D41/E41) -> 0.65985577 | I41: Total Occupancy | K41: =SUM(K38:K40) -> 489 | L41: =SUM(L38:L40) -> 724 | M41: =SUM(K41/L41) -> 0.67541436 | P41: Total Occupancy | R41: =SUM(R38:R40) -> 346 | S41: =SUM(S38:S40) -> 660 | T41: =SUM(R41/S41) -> 0.52424242
B43: Wednesday | C43: AM | D43: =GETPIVOTDATA("Sum of AM FIELD",'Pivot Table'!$A$40,"DAY","Wed") -> 302 | E43: =SUM(108+96+108+104) -> 416 | F43: =SUM(D43/E43) -> 0.72596154 | I43: Wednesday | J43: AM | K43: =GETPIVOTDATA("Sum of AM FIELD",'Pivot Table'!$A$52,"DAY","Wed") -> 409 | L43: =SUM(90+104+112+108) -> 414 | M43: =SUM(K43/L43) -> 0.98792271 | P43: Wednesday | Q43: AM | R43: =GETPIVOTDATA("Sum of AM FIELD",'Pivot Table'!$A$64,"DAY","Wed") -> 246 | S43: =SUM(88+96+108+108) -> 400 | T43: =SUM(R43/S43) -> 0.615
C44: PM | D44: =GETPIVOTDATA("Sum of PM FIELD",'Pivot Table'!$A$40,"DAY","Wed") -> 339 | E44: =SUM(88+96+88+124) -> 396 | F44: =SUM(D44/E44) -> 0.85606061 | J44: PM | K44: =GETPIVOTDATA("Sum of PM FIELD",'Pivot Table'!$A$52,"DAY","Wed") -> 309 | L44: =SUM(104+88+100+88) -> 380 | M44: =SUM(K44/L44) -> 0.81315789 | Q44: PM | R44: =GETPIVOTDATA("Sum of PM FIELD",'Pivot Table'!$A$64,"DAY","Wed") -> 280 | S44: =SUM(116+100+88+88) -> 392 | T44: =SUM(R44/S44) -> 0.71428571
B45: Total Occupancy | D45: =SUM(D42:D44) -> 641 | E45: =SUM(E42:E44) -> 812 | F45: =SUM(D45/E45) -> 0.78940887 | I45: Total Occupancy | K45: =SUM(K42:K44) -> 718 | L45: =SUM(L42:L44) -> 794 | M45: =SUM(K45/L45) -> 0.90428212 | P45: Total Occupancy | R45: =SUM(R42:R44) -> 526 | S45: =SUM(S42:S44) -> 792 | T45: =SUM(R45/S45) -> 0.66414141
B47: Thursday | C47: AM | D47: =GETPIVOTDATA("Sum of AM FIELD",'Pivot Table'!$A$40,"DAY","Thu") -> 342 | E47: =SUM(88+80+80+104) -> 352 | F47: =SUM(D47/E47) -> 0.97159091 | I47: Thursday | J47: AM | K47: =GETPIVOTDATA("Sum of AM FIELD",'Pivot Table'!$A$52,"DAY","Thu") -> 364 | L47: =SUM(80+80+80+80+80) -> 400 | M47: =SUM(K47/L47) -> 0.91 | P47: Thursday | Q47: AM | R47: =GETPIVOTDATA("Sum of AM FIELD",'Pivot Table'!$A$64,"DAY","Thu") -> 280 | S47: =SUM(80+80+80+80) -> 320 | T47: =SUM(R47/S47) -> 0.875
C48: PM | D48: =GETPIVOTDATA("Sum of PM FIELD",'Pivot Table'!$A$40,"DAY","Thu") -> 344 | E48: =SUM(96+96+96+96) -> 384 | F48: =SUM(D48/E48) -> 0.89583333 | J48: PM | K48: =GETPIVOTDATA("Sum of PM FIELD",'Pivot Table'!$A$52,"DAY","Thu") -> 404 | L48: =SUM(96+100+96+96+96) -> 484 | M48: =SUM(K48/L48) -> 0.83471074 | Q48: PM | R48: =GETPIVOTDATA("Sum of PM FIELD",'Pivot Table'!$A$64,"DAY","Thu") -> 292 | S48: =SUM(96+96+96+96) -> 384 | T48: =SUM(R48/S48) -> 0.76041667
B49: Total Occupancy | D49: =SUM(D46:D48) -> 686 | E49: =SUM(E46:E48) -> 736 | F49: =SUM(D49/E49) -> 0.93206522 | I49: Total Occupancy | K49: =SUM(K46:K48) -> 768 | L49: =SUM(L46:L48) -> 884 | M49: =SUM(K49/L49) -> 0.86877828 | P49: Total Occupancy | R49: =SUM(R46:R48) -> 572 | S49: =SUM(S46:S48) -> 704 | T49: =SUM(R49/S49) -> 0.8125
B51: Friday | C51: AM | D51: =GETPIVOTDATA("Sum of AM FIELD",'Pivot Table'!$A$40,"DAY","Fri") -> 385 | E51: =SUM(108+104+108+108) -> 428 | F51: =SUM(D51/E51) -> 0.89953271 | I51: Friday | J51: AM | K51: =GETPIVOTDATA("Sum of AM FIELD",'Pivot Table'!$A$52,"DAY","Fri") -> 498 | L51: =SUM(104+120+108+108+108) -> 548 | M51: =SUM(K51/L51) -> 0.90875912 | P51: Friday | Q51: AM | R51: =GETPIVOTDATA("Sum of AM FIELD",'Pivot Table'!$A$64,"DAY","Fri") -> 346 | S51: =SUM(108+108+108+108) -> 432 | T51: =SUM(R51/S51) -> 0.80092593
C52: PM | D52: =GETPIVOTDATA("Sum of PM FIELD",'Pivot Table'!$A$40,"DAY","Fri") -> 297 | E52: =SUM(88+56+88+88) -> 320 | F52: =SUM(D52/E52) -> 0.928125 | J52: PM | K52: =GETPIVOTDATA("Sum of PM FIELD",'Pivot Table'!$A$52,"DAY","Fri") -> 367 | L52: =SUM(88+104+92+88+88) -> 460 | M52: =SUM(K52/L52) -> 0.79782609 | Q52: PM | R52: =GETPIVOTDATA("Sum of PM FIELD",'Pivot Table'!$A$64,"DAY","Fri") -> 258 | S52: =SUM(88+88+88+88) -> 352 | T52: =SUM(R52/S52) -> 0.73295455
B53: Total Occupancy | D53: =SUM(D50:D52) -> 682 | E53: =SUM(E50:E52) -> 748 | F53: =SUM(D53/E53) -> 0.91176471 | I53: Total Occupancy | K53: =SUM(K50:K52) -> 865 | L53: =SUM(L50:L52) -> 1008 | M53: =SUM(K53/L53) -> 0.85813492 | P53: Total Occupancy | R53: =SUM(R50:R52) -> 604 | S53: =SUM(S50:S52) -> 784 | T53: =SUM(R53/S53) -> 0.77040816
B55: Saturday | C55: AM | D55: =GETPIVOTDATA("Sum of AM FIELD",'Pivot Table'!$A$40,"DAY","Sat") -> 324 | E55: =SUM(80+108+96+76) -> 360 | F55: =SUM(D55/E55) -> 0.9 | I55: Saturday | J55: AM | K55: =GETPIVOTDATA("Sum of AM FIELD",'Pivot Table'!$A$52,"DAY","Sat") -> 356 | L55: =SUM(112+104+96+88) -> 400 | M55: =SUM(K55/L55) -> 0.89 | P55: Saturday | Q55: AM | R55: =GETPIVOTDATA("Sum of AM FIELD",'Pivot Table'!$A$64,"DAY","Sat") -> 356 | S55: =SUM(88+88+88+72+80) -> 416 | T55: =SUM(R55/S55) -> 0.85576923
C56: PM | D56: =GETPIVOTDATA("Sum of PM FIELD",'Pivot Table'!$A$40,"DAY","Sat") -> 287 | E56: =SUM(88+92+90+88) -> 358 | F56: =SUM(D56/E56) -> 0.80167598 | J56: PM | K56: =GETPIVOTDATA("Sum of PM FIELD",'Pivot Table'!$A$52,"DAY","Sat") -> 295 | L56: =SUM(96+88+88+88) -> 360 | M56: =SUM(K56/L56) -> 0.81944444 | Q56: PM | R56: =GETPIVOTDATA("Sum of PM FIELD",'Pivot Table'!$A$64,"DAY","Sat") -> 251 | S56: =SUM(80+88+88+80+88) -> 424 | T56: =SUM(R56/S56) -> 0.59198113
B57: Total Occupancy | D57: =SUM(D54:D56) -> 611 | E57: =SUM(E55:E56) -> 718 | F57: =SUM(D57/E57) -> 0.85097493 | I57: Total Occupancy | K57: =SUM(K54:K56) -> 651 | L57: =SUM(L54:L56) -> 760 | M57: =SUM(K57/L57) -> 0.85657895 | P57: Total Occupancy | R57: =SUM(R54:R56) -> 607 | S57: =SUM(S54:S56) -> 840 | T57: =SUM(R57/S57) -> 0.72261905
B59: Sunday | C59: AM | D59: =GETPIVOTDATA("Sum of AM FIELD",'Pivot Table'!$A$40,"DAY","Sun") -> 348 | E59: =SUM(104+56+104+104) -> 368 | F59: =SUM(D59/E59) -> 0.94565217 | I59: Sunday | J59: AM | K59: =GETPIVOTDATA("Sum of AM FIELD",'Pivot Table'!$A$52,"DAY","Sun") -> 354 | L59: =SUM(104+104+96+88) -> 392 | M59: =SUM(K59/L59) -> 0.90306122 | P59: Sunday | Q59: AM | R59: =GETPIVOTDATA("Sum of AM FIELD",'Pivot Table'!$A$64,"DAY","Sun") -> 393 | S59: =SUM(88+88+88+88+88) -> 440 | T59: =SUM(R59/S59) -> 0.89318182
C60: PM | D60: =GETPIVOTDATA("Sum of PM FIELD",'Pivot Table'!$A$40,"DAY","Sun") -> 312 | E60: =SUM(96+80+96+96) -> 368 | F60: =SUM(D60/E60) -> 0.84782609 | J60: PM | K60: =GETPIVOTDATA("Sum of PM FIELD",'Pivot Table'!$A$52,"DAY","Sun") -> 359 | L60: =SUM(104+96+96+100) -> 396 | M60: =SUM(K60/L60) -> 0.90656566 | Q60: PM | R60: =GETPIVOTDATA("Sum of PM FIELD",'Pivot Table'!$A$64,"DAY","Sun") -> 399 | S60: =SUM(96+88+104+96+88) -> 472 | T60: =SUM(R60/S60) -> 0.84533898
B61: Total Occupancy | D61: =SUM(D58:D60) -> 660 | E61: =SUM(E58:E60) -> 736 | F61: =SUM(D61/E61) -> 0.89673913 | I61: Total Occupancy | K61: =SUM(K58:K60) -> 713 | L61: =SUM(L58:L60) -> 788 | M61: =SUM(K61/L61) -> 0.90482234 | P61: Total Occupancy | R61: =SUM(R58:R60) -> 792 | S61: =SUM(S58:S60) -> 912 | T61: =SUM(R61/S61) -> 0.86842105
B64: July | D64: Bookings | E64: Spots Available | F64: Occupancy | G64: Notes | I64: August | K64: Bookings | L64: Spots Available | M64: Occupancy | N64: Notes | P64: September | R64: Bookings | S64: Spots Available | T64: Occupancy | U64: Notes
B66: Monday | C66: AM | D66: =GETPIVOTDATA("Sum of AM FIELD",'Pivot Table'!$A$76,"DAY","Mon") -> 169 | E66: =SUM(60+88+0+88+88) -> 324 | F66: =SUM(D66/E66) -> 0.52160494 | I66: Monday | J66: AM | K66: =GETPIVOTDATA("Sum of AM FIELD",'Pivot Table'!$A$88,"DAY","Mon") -> 113 | L66: =SUM(88+88+88+0) -> 264 | M66: =SUM(K66/L66) -> 0.4280303 | P66: Monday | Q66: AM | R66: =GETPIVOTDATA("Sum of AM FIELD",'Pivot Table'!$A$100,"DAY","Mon") -> 170 | S66: =SUM(88+0+88+88+88) -> 352 | T66: =SUM(R66/S66) -> 0.48295455
C67: PM | D67: =GETPIVOTDATA("Sum of PM FIELD",'Pivot Table'!$A$76,"DAY","Mon") -> 307 | E67: =SUM(80+80+80+80+80) -> 400 | F67: =SUM(D67/E67) -> 0.7675 | J67: PM | K67: =GETPIVOTDATA("Sum of PM FIELD",'Pivot Table'!$A$88,"DAY","Mon") -> 238 | L67: =SUM(80+80+80+80) -> 320 | M67: =SUM(K67/L67) -> 0.74375 | Q67: PM | R67: =GETPIVOTDATA("Sum of PM FIELD",'Pivot Table'!$A$100,"DAY","Mon") -> 341 | S67: =SUM(84+80+88+88+84) -> 424 | T67: =SUM(R67/S67) -> 0.80424528
B68: Total Occupancy | D68: =SUM(D65:D67) -> 476 | E68: =SUM(E66:E67) -> 724 | F68: =SUM(D68/E68) -> 0.65745856 | I68: Total Occupancy | K68: =SUM(K65:K67) -> 351 | L68: =SUM(L66:L67) -> 584 | M68: =SUM(K68/L68) -> 0.6010274 | P68: Total Occupancy | R68: =SUM(R65:R67) -> 511 | S68: =SUM(S66:S67) -> 776 | T68: =SUM(R68/S68) -> 0.65850515
B70: Tuesday | C70: AM | D70: =GETPIVOTDATA("Sum of AM FIELD",'Pivot Table'!$A$76,"DAY","Tue") -> 331 | E70: =SUM(112+112+112+112+112) -> 560 | F70: =SUM(D70/E70) -> 0.59107143 | I70: Tuesday | J70: AM | K70: =GETPIVOTDATA("Sum of AM FIELD",'Pivot Table'!$A$88,"DAY","Tue") -> 316 | L70: =SUM(112+100+112+112) -> 436 | M70: =SUM(K70/L70) -> 0.72477064 | P70: Tuesday | Q70: AM | R70: =GETPIVOTDATA("Sum of AM FIELD",'Pivot Table'!$A$100,"DAY","Tue") -> 327 | S70: =SUM(84+108+112+112) -> 416 | T70: =SUM(R70/S70) -> 0.78605769
C71: PM | D71: =GETPIVOTDATA("Sum of PM FIELD",'Pivot Table'!$A$76,"DAY","Tue") -> 133 | E71: =SUM(84+84+80+80+80) -> 408 | F71: =SUM(D71/E71) -> 0.32598039 | J71: PM | K71: =GETPIVOTDATA("Sum of PM FIELD",'Pivot Table'!$A$88,"DAY","Tue") -> 118 | L71: =SUM(88+88+88+88) -> 352 | M71: =SUM(K71/L71) -> 0.33522727 | Q71: PM | R71: =GETPIVOTDATA("Sum of PM FIELD",'Pivot Table'!$A$100,"DAY","Tue") -> 115 | S71: =SUM(8+84+80+80) -> 252 | T71: =SUM(R71/S71) -> 0.45634921
B72: Total Occupancy | D72: =SUM(D69:D71) -> 464 | E72: =SUM(E70:E71) -> 968 | F72: =SUM(D72/E72) -> 0.47933884 | I72: Total Occupancy | K72: =SUM(K69:K71) -> 434 | L72: =SUM(L70:L71) -> 788 | M72: =SUM(K72/L72) -> 0.55076142 | P72: Total Occupancy | R72: =SUM(R69:R71) -> 442 | S72: =SUM(S70:S71) -> 668 | T72: =SUM(R72/S72) -> 0.66167665
B74: Wednesday | C74: AM | D74: =GETPIVOTDATA("Sum of AM FIELD",'Pivot Table'!$A$76,"DAY","Wed") -> 284 | E74: =SUM(80+96+104+108+108) -> 496 | F74: =SUM(D74/E74) -> 0.57258065 | I74: Wednesday | J74: AM | K74: =GETPIVOTDATA("Sum of AM FIELD",'Pivot Table'!$A$88,"DAY","Wed") -> 230 | L74: =SUM(108+108+92+112) -> 420 | M74: =SUM(K74/L74) -> 0.54761905 | P74: Wednesday | Q74: AM | R74: =GETPIVOTDATA("Sum of AM FIELD",'Pivot Table'!$A$100,"DAY","Wed") -> 363 | S74: =SUM(112+104+112+84) -> 412 | T74: =SUM(R74/S74) -> 0.88106796
C75: PM | D75: =GETPIVOTDATA("Sum of PM FIELD",'Pivot Table'!$A$76,"DAY","Wed") -> 269 | E75: =SUM(96+64+100+88+88) -> 436 | F75: =SUM(D75/E75) -> 0.61697248 | J75: PM | K75: =GETPIVOTDATA("Sum of PM FIELD",'Pivot Table'!$A$88,"DAY","Wed") -> 176 | L75: =SUM(88+88+104+96) -> 376 | M75: =SUM(K75/L75) -> 0.46808511 | Q75: PM | R75: =GETPIVOTDATA("Sum of PM FIELD",'Pivot Table'!$A$100,"DAY","Wed") -> 239 | S75: =SUM(92+96+100+104) -> 392 | T75: =SUM(R75/S75) -> 0.60969388
B76: Total Occupancy | D76: =SUM(D73:D75) -> 553 | E76: =SUM(E74:E75) -> 932 | F76: =SUM(D76/E76) -> 0.59334764 | I76: Total Occupancy | K76: =SUM(K73:K75) -> 406 | L76: =SUM(L74:L75) -> 796 | M76: =SUM(K76/L76) -> 0.51005025 | P76: Total Occupancy | R76: =SUM(R73:R75) -> 602 | S76: =SUM(S74:S75) -> 804 | T76: =SUM(R76/S76) -> 0.74875622
B78: Thursday | C78: AM | D78: =GETPIVOTDATA("Sum of AM FIELD",'Pivot Table'!$A$76,"DAY","Thu") -> 252 | E78: =SUM(80+80+80+80) -> 320 | F78: =SUM(D78/E78) -> 0.7875 | I78: Thursday | J78: AM | K78: =GETPIVOTDATA("Sum of AM FIELD",'Pivot Table'!$A$88,"DAY","Thu") -> 367 | L78: =SUM(80+84+80+80+80) -> 404 | M78: =SUM(K78/L78) -> 0.90841584 | P78: Thursday | Q78: AM | R78: =GETPIVOTDATA("Sum of AM FIELD",'Pivot Table'!$A$100,"DAY","Thu") -> 285 | S78: =SUM(80+80+80+80) -> 320 | T78: =SUM(R78/S78) -> 0.890625
C79: PM | D79: =GETPIVOTDATA("Sum of PM FIELD",'Pivot Table'!$A$76,"DAY","Thu") -> 265 | E79: =SUM(96+96+96+96) -> 384 | F79: =SUM(D79/E79) -> 0.69010417 | J79: PM | K79: =GETPIVOTDATA("Sum of PM FIELD",'Pivot Table'!$A$88,"DAY","Thu") -> 334 | L79: =SUM(96+96+96+96+96) -> 480 | M79: =SUM(K79/L79) -> 0.69583333 | Q79: PM | R79: =GETPIVOTDATA("Sum of PM FIELD",'Pivot Table'!$A$100,"DAY","Thu") -> 303 | S79: =SUM(96+96+96+96) -> 384 | T79: =SUM(R79/S79) -> 0.7890625
B80: Total Occupancy | D80: =SUM(D77:D79) -> 517 | E80: =SUM(E78:E79) -> 704 | F80: =SUM(D80/E80) -> 0.734375 | I80: Total Occupancy | K80: =SUM(K77:K79) -> 701 | L80: =SUM(L78:L79) -> 884 | M80: =SUM(K80/L80) -> 0.79298643 | P80: Total Occupancy | R80: =SUM(R77:R79) -> 588 | S80: =SUM(S78:S79) -> 704 | T80: =SUM(R80/S80) -> 0.83522727
B82: Friday | C82: AM | D82: =GETPIVOTDATA("Sum of AM FIELD",'Pivot Table'!$A$76,"DAY","Fri") -> 362 | E82: =SUM(104+104+104+104) -> 416 | F82: =SUM(D82/E82) -> 0.87019231 | I82: Friday | J82: AM | K82: =GETPIVOTDATA("Sum of AM FIELD",'Pivot Table'!$A$88,"DAY","Fri") -> 412 | L82: =SUM(108+80+96+108+108) -> 500 | M82: =SUM(K82/L82) -> 0.824 | P82: Friday | Q82: AM | R82: =GETPIVOTDATA("Sum of AM FIELD",'Pivot Table'!$A$100,"DAY","Fri") -> 379 | S82: =SUM(108+108+108+104) -> 428 | T82: =SUM(R82/S82) -> 0.88551402
C83: PM | D83: =GETPIVOTDATA("Sum of PM FIELD",'Pivot Table'!$A$76,"DAY","Fri") -> 251 | E83: =SUM(88+88+88+88) -> 352 | F83: =SUM(D83/E83) -> 0.71306818 | J83: PM | K83: =GETPIVOTDATA("Sum of PM FIELD",'Pivot Table'!$A$88,"DAY","Fri") -> 300 | L83: =SUM(88+64+88+92+88) -> 420 | M83: =SUM(K83/L83) -> 0.71428571 | Q83: PM | R83: =GETPIVOTDATA("Sum of PM FIELD",'Pivot Table'!$A$100,"DAY","Fri") -> 275 | S83: =SUM(88+88+88+96) -> 360 | T83: =SUM(R83/S83) -> 0.76388889
B84: Total Occupancy | D84: =SUM(D81:D83) -> 613 | E84: =SUM(E82:E83) -> 768 | F84: =SUM(D84/E84) -> 0.79817708 | I84: Total Occupancy | K84: =SUM(K81:K83) -> 712 | L84: =SUM(L82:L83) -> 920 | M84: =SUM(K84/L84) -> 0.77391304 | P84: Total Occupancy | R84: =SUM(R81:R83) -> 654 | S84: =SUM(S82:S83) -> 788 | T84: =SUM(R84/S84) -> 0.82994924
B86: Saturday | C86: AM | D86: =GETPIVOTDATA("Sum of AM FIELD",'Pivot Table'!$A$76,"DAY","Sat") -> 263 | E86: =SUM(84+88+88+88) -> 348 | F86: =SUM(D86/E86) -> 0.75574713 | I86: Saturday | J86: AM | K86: =GETPIVOTDATA("Sum of AM FIELD",'Pivot Table'!$A$88,"DAY","Sat") -> 453 | L86: =SUM(88+96+104+96+104) -> 488 | M86: =SUM(K86/L86) -> 0.92827869 | P86: Saturday | Q86: AM | R86: =GETPIVOTDATA("Sum of AM FIELD",'Pivot Table'!$A$100,"DAY","Sat") -> 292 | S86: =SUM(104+104+96+104) -> 408 | T86: =SUM(R86/S86) -> 0.71568627
C87: PM | D87: =GETPIVOTDATA("Sum of PM FIELD",'Pivot Table'!$A$76,"DAY","Sat") -> 249 | E87: =SUM(80+88+84+88) -> 340 | F87: =SUM(D87/E87) -> 0.73235294 | J87: PM | K87: =GETPIVOTDATA("Sum of PM FIELD",'Pivot Table'!$A$88,"DAY","Sat") -> 334 | L87: =SUM(88+88+88+88+88) -> 440 | M87: =SUM(K87/L87) -> 0.75909091 | Q87: PM | R87: =GETPIVOTDATA("Sum of PM FIELD",'Pivot Table'!$A$100,"DAY","Sat") -> 226 | S87: =SUM(88+88+88+88) -> 352 | T87: =SUM(R87/S87) -> 0.64204545
B88: Total Occupancy | D88: =SUM(D85:D87) -> 512 | E88: =SUM(E86:E87) -> 688 | F88: =SUM(D88/E88) -> 0.74418605 | I88: Total Occupancy | K88: =SUM(K85:K87) -> 787 | L88: =SUM(L86:L87) -> 928 | M88: =SUM(K88/L88) -> 0.84806034 | P88: Total Occupancy | R88: =SUM(R85:R87) -> 518 | S88: =SUM(S86:S87) -> 760 | T88: =SUM(R88/S88) -> 0.68157895
B90: Sunday | C90: AM | D90: =GETPIVOTDATA("Sum of AM FIELD",'Pivot Table'!$A$76,"DAY","Sun") -> 305 | E90: =SUM(88+88+88+88) -> 352 | F90: =SUM(D90/E90) -> 0.86647727 | I90: Sunday | J90: AM | K90: =GETPIVOTDATA("Sum of AM FIELD",'Pivot Table'!$A$88,"DAY","Sun") -> 357 | L90: =SUM(88+96+104+100) -> 388 | M90: =SUM(K90/L90) -> 0.92010309 | P90: Sunday | Q90: AM | R90: =GETPIVOTDATA("Sum of AM FIELD",'Pivot Table'!$A$100,"DAY","Sun") -> 438 | S90: =SUM(104+104+104+104+104) -> 520 | T90: =SUM(R90/S90) -> 0.84230769
C91: PM | D91: =GETPIVOTDATA("Sum of PM FIELD",'Pivot Table'!$A$76,"DAY","Sun") -> 310 | E91: =SUM(88+88+88+88) -> 352 | F91: =SUM(D91/E91) -> 0.88068182 | J91: PM | K91: =GETPIVOTDATA("Sum of PM FIELD",'Pivot Table'!$A$88,"DAY","Sun") -> 307 | L91: =SUM(92+88+96+92) -> 368 | M91: =SUM(K91/L91) -> 0.83423913 | Q91: PM | R91: =GETPIVOTDATA("Sum of PM FIELD",'Pivot Table'!$A$100,"DAY","Sun") -> 336 | S91: =SUM(88+88+88+88+88) -> 440 | T91: =SUM(R91/S91) -> 0.76363636
B92: Total Occupancy | D92: =SUM(D89:D91) -> 615 | E92: =SUM(E90:E91) -> 704 | F92: =SUM(D92/E92) -> 0.87357955 | I92: Total Occupancy | K92: =SUM(K89:K91) -> 664 | L92: =SUM(L90:L91) -> 756 | M92: =SUM(K92/L92) -> 0.87830688 | P92: Total Occupancy | R92: =SUM(R89:R91) -> 774 | S92: =SUM(S90:S91) -> 960 | T92: =SUM(R92/S92) -> 0.80625
B95: October | D95: Bookings | E95: Spots Available | F95: Occupancy | G95: Notes | I95: November | K95: Bookings | L95: Spots Available | M95: Occupancy | N95: Notes | P95: December | R95: Bookings | S95: Spots Available | T95: Occupancy | U95: Notes
B97: Monday | C97: AM | D97: =GETPIVOTDATA("Sum of AM FIELD",'Pivot Table'!$A$112,"DAY","Mon") -> 145 | E97: =SUM(88+90+0+0) -> 178 | F97: =SUM(D97/E97) -> 0.81460674 | I97: Monday | J97: AM | K97: =GETPIVOTDATA("Sum of AM FIELD",'Pivot Table'!$A$124,"DAY","Mon") -> 124 | L97: =SUM(72+0+88) -> 160 | M97: =SUM(K97/L97) -> 0.775 | P97: Monday | Q97: AM | R97: =GETPIVOTDATA("Sum of AM FIELD",'Pivot Table'!$A$136,"DAY","Mon") -> 273 | S97: =SUM(76+56+92+100) -> 324 | T97: =SUM(R97/S97) -> 0.84259259
C98: PM | D98: =GETPIVOTDATA("Sum of PM FIELD",'Pivot Table'!$A$112,"DAY","Mon") -> 236 | E98: =SUM(80+56+84+84) -> 304 | F98: =SUM(D98/E98) -> 0.77631579 | J98: PM | K98: =GETPIVOTDATA("Sum of PM FIELD",'Pivot Table'!$A$124,"DAY","Mon") -> 202 | L98: =SUM(80+80+80) -> 240 | M98: =SUM(K98/L98) -> 0.84166667 | Q98: PM | R98: =GETPIVOTDATA("Sum of PM FIELD",'Pivot Table'!$A$136,"DAY","Mon") -> 305 | S98: =SUM(80+104+84+100) -> 368 | T98: =SUM(R98/S98) -> 0.82880435
B99: Total Occupancy | D99: =SUM(D96:D98) -> 381 | E99: =SUM(E96:E98) -> 482 | F99: =SUM(D99/E99) -> 0.79045643 | I99: Total Occupancy | K99: =SUM(K96:K98) -> 326 | L99: =SUM(L96:L98) -> 400 | M99: =SUM(K99/L99) -> 0.815 | P99: Total Occupancy | R99: =SUM(R96:R98) -> 578 | S99: =SUM(S96:S98) -> 692 | T99: =SUM(R99/S99) -> 0.83526012
B101: Tuesday | C101: AM | D101: =GETPIVOTDATA("Sum of AM FIELD",'Pivot Table'!$A$112,"DAY","Tue") -> 433 | E101: =SUM(76+76+112+112+104) -> 480 | F101: =SUM(D101/E101) -> 0.90208333 | I101: Tuesday | J101: AM | K101: =GETPIVOTDATA("Sum of AM FIELD",'Pivot Table'!$A$124,"DAY","Tue") -> 296 | L101: =SUM(96+112+112) -> 320 | M101: =SUM(K101/L101) -> 0.925 | P101: Tuesday | Q101: AM | R101: =GETPIVOTDATA("Sum of AM FIELD",'Pivot Table'!$A$136,"DAY","Tue") -> 390 | S101: =SUM(152+112+112+100) -> 476 | T101: =SUM(R101/S101) -> 0.81932773
C102: PM | D102: =GETPIVOTDATA("Sum of PM FIELD",'Pivot Table'!$A$112,"DAY","Tue") -> 247 | E102: =SUM(80+80+80+80+40) -> 360 | F102: =SUM(D102/E102) -> 0.68611111 | J102: PM | K102: =GETPIVOTDATA("Sum of PM FIELD",'Pivot Table'!$A$124,"DAY","Tue") -> 170 | L102: =SUM(88+80+80) -> 248 | M102: =SUM(K102/L102) -> 0.68548387 | Q102: PM | R102: =GETPIVOTDATA("Sum of PM FIELD",'Pivot Table'!$A$136,"DAY","Tue") -> 108 | S102: =SUM(0+84+84+92) -> 260 | T102: =SUM(R102/S102) -> 0.41538462
B103: Total Occupancy | D103: =SUM(D100:D102) -> 680 | E103: =SUM(E100:E102) -> 840 | F103: =SUM(D103/E103) -> 0.80952381 | I103: Total Occupancy | K103: =SUM(K100:K102) -> 466 | L103: =SUM(L100:L102) -> 568 | M103: =SUM(K103/L103) -> 0.82042254 | P103: Total Occupancy | R103: =SUM(R100:R102) -> 498 | S103: =SUM(S100:S102) -> 736 | T103: =SUM(R103/S103) -> 0.67663043
B105: Wednesday | C105: AM | D105: =GETPIVOTDATA("Sum of AM FIELD",'Pivot Table'!$A$112,"DAY","Wed") -> 313 | E105: =SUM(66+36+56+96+108) -> 362 | F105: =SUM(D105/E105) -> 0.86464088 | I105: Wednesday | J105: AM | K105: =GETPIVOTDATA("Sum of AM FIELD",'Pivot Table'!$A$124,"DAY","Wed") -> 205 | L105: =SUM(84+88+96) -> 268 | M105: =SUM(K105/L105) -> 0.76492537 | P105: Wednesday | Q105: AM | R105: =GETPIVOTDATA("Sum of AM FIELD",'Pivot Table'!$A$136,"DAY","Wed") -> 106 | S105: =SUM(88+72) -> 160 | T105: =SUM(R105/S105) -> 0.6625
C106: PM | D106: =GETPIVOTDATA("Sum of PM FIELD",'Pivot Table'!$A$112,"DAY","Wed") -> 362 | E106: =SUM(92+92+92+92+88) -> 456 | F106: =SUM(D106/E106) -> 0.79385965 | J106: PM | K106: =GETPIVOTDATA("Sum of PM FIELD",'Pivot Table'!$A$124,"DAY","Wed") -> 189 | L106: =SUM(92+84+76) -> 252 | M106: =SUM(K106/L106) -> 0.75 | Q106: PM | R106: =GETPIVOTDATA("Sum of PM FIELD",'Pivot Table'!$A$136,"DAY","Wed") -> 250 | S106: =SUM(94+176) -> 270 | T106: =SUM(R106/S106) -> 0.92592593
B107: Total Occupancy | D107: =SUM(D104:D106) -> 675 | E107: =SUM(E104:E106) -> 818 | F107: =SUM(D107/E107) -> 0.82518337 | I107: Total Occupancy | K107: =SUM(K104:K106) -> 394 | L107: =SUM(L104:L106) -> 520 | M107: =SUM(K107/L107) -> 0.75769231 | P107: Total Occupancy | R107: =SUM(R104:R106) -> 356 | S107: =SUM(S104:S106) -> 430 | T107: =SUM(R107/S107) -> 0.82790698
B109: Thursday | C109: AM | D109: =GETPIVOTDATA("Sum of AM FIELD",'Pivot Table'!$A$112,"DAY","Thu") -> 407 | E109: =SUM(80+88+88+88+88) -> 432 | F109: =SUM(D109/E109) -> 0.94212963 | I109: Thursday | J109: AM | K109: =GETPIVOTDATA("Sum of AM FIELD",'Pivot Table'!$A$124,"DAY","Thu") -> 233 | L109: =SUM(88+88+88) -> 264 | M109: =SUM(K109/L109) -> 0.88257576 | P109: Thursday | Q109: AM | R109: =GETPIVOTDATA("Sum of AM FIELD",'Pivot Table'!$A$136,"DAY","Thu") -> 310 | S109: =SUM(88+88+88+88) -> 352 | T109: =SUM(R109/S109) -> 0.88068182
C110: PM | D110: =GETPIVOTDATA("Sum of PM FIELD",'Pivot Table'!$A$112,"DAY","Thu") -> 450 | E110: =SUM(104+100+88+88+96) -> 476 | F110: =SUM(D110/E110) -> 0.94537815 | J110: PM | K110: =GETPIVOTDATA("Sum of PM FIELD",'Pivot Table'!$A$124,"DAY","Thu") -> 239 | L110: =SUM(96+96+96) -> 288 | M110: =SUM(K110/L110) -> 0.82986111 | Q110: PM | R110: =GETPIVOTDATA("Sum of PM FIELD",'Pivot Table'!$A$136,"DAY","Thu") -> 232 | S110: =SUM(96+96+96+88) -> 376 | T110: =SUM(R110/S110) -> 0.61702128
B111: Total Occupancy | D111: =SUM(D108:D110) -> 857 | E111: =SUM(E108:E110) -> 908 | F111: =SUM(D111/E111) -> 0.9438326 | I111: Total Occupancy | K111: =SUM(K108:K110) -> 472 | L111: =SUM(L108:L110) -> 552 | M111: =SUM(K111/L111) -> 0.85507246 | P111: Total Occupancy | R111: =SUM(R108:R110) -> 542 | S111: =SUM(S108:S110) -> 728 | T111: =SUM(R111/S111) -> 0.74450549
B113: Friday | C113: AM | D113: =GETPIVOTDATA("Sum of AM FIELD",'Pivot Table'!$A$112,"DAY","Fri") -> 287 | E113: =SUM(108+108+96+108) -> 420 | F113: =SUM(D113/E113) -> 0.68333333 | I113: Friday | J113: AM | K113: =GETPIVOTDATA("Sum of AM FIELD",'Pivot Table'!$A$124,"DAY","Fri") -> 384 | L113: =SUM(112+104+112+108) -> 436 | M113: =SUM(K113/L113) -> 0.88073394 | P113: Friday | Q113: AM | R113: =GETPIVOTDATA("Sum of AM FIELD",'Pivot Table'!$A$136,"DAY","Fri") -> 421 | S113: =SUM(108+144+108+108) -> 468 | T113: =SUM(R113/S113) -> 0.89957265
C114: PM | D114: =GETPIVOTDATA("Sum of PM FIELD",'Pivot Table'!$A$112,"DAY","Fri") -> 220 | E114: =SUM(84+88+88+88) -> 348 | F114: =SUM(D114/E114) -> 0.63218391 | J114: PM | K114: =GETPIVOTDATA("Sum of PM FIELD",'Pivot Table'!$A$124,"DAY","Fri") -> 311 | L114: =SUM(88+96+92+88) -> 364 | M114: =SUM(K114/L114) -> 0.8543956 | Q114: PM | R114: =GETPIVOTDATA("Sum of PM FIELD",'Pivot Table'!$A$136,"DAY","Fri") -> 256 | S114: =SUM(88+72+88+88) -> 336 | T114: =SUM(R114/S114) -> 0.76190476
B115: Total Occupancy | D115: =SUM(D112:D114) -> 507 | E115: =SUM(E112:E114) -> 768 | F115: =SUM(D115/E115) -> 0.66015625 | I115: Total Occupancy | K115: =SUM(K112:K114) -> 695 | L115: =SUM(L112:L114) -> 800 | M115: =SUM(K115/L115) -> 0.86875 | P115: Total Occupancy | R115: =SUM(R112:R114) -> 677 | S115: =SUM(S112:S114) -> 804 | T115: =SUM(R115/S115) -> 0.8420398
B117: Saturday | C117: AM | D117: =GETPIVOTDATA("Sum of AM FIELD",'Pivot Table'!$A$112,"DAY","Sat") -> 295 | E117: =SUM(88+68+60+104) -> 320 | F117: =SUM(D117/E117) -> 0.921875 | I117: Saturday | J117: AM | K117: =GETPIVOTDATA("Sum of AM FIELD",'Pivot Table'!$A$124,"DAY","Sat") -> 479 | L117: =SUM(104+104+104+104+112) -> 528 | M117: =SUM(K117/L117) -> 0.90719697 | P117: Saturday | Q117: AM | R117: =GETPIVOTDATA("Sum of AM FIELD",'Pivot Table'!$A$136,"DAY","Sat") -> 349 | S117: =SUM(108+80+92+96) -> 376 | T117: =SUM(R117/S117) -> 0.92819149
C118: PM | D118: =GETPIVOTDATA("Sum of PM FIELD",'Pivot Table'!$A$112,"DAY","Sat") -> 265 | E118: =SUM(76+76+96+88) -> 336 | F118: =SUM(D118/E118) -> 0.78869048 | J118: PM | K118: =GETPIVOTDATA("Sum of PM FIELD",'Pivot Table'!$A$124,"DAY","Sat") -> 254 | L118: =SUM(88+88+92+88+112) -> 468 | M118: =SUM(K118/L118) -> 0.54273504 | Q118: PM | R118: =GETPIVOTDATA("Sum of PM FIELD",'Pivot Table'!$A$136,"DAY","Sat") -> 307 | S118: =SUM(96+96+92+88) -> 372 | T118: =SUM(R118/S118) -> 0.82526882
B119: Total Occupancy | D119: =SUM(D116:D118) -> 560 | E119: =SUM(E116:E118) -> 656 | F119: =SUM(D119/E119) -> 0.85365854 | I119: Total Occupancy | K119: =SUM(K116:K118) -> 733 | L119: =SUM(L116:L118) -> 996 | M119: =SUM(K119/L119) -> 0.73594378 | P119: Total Occupancy | R119: =SUM(R116:R118) -> 656 | S119: =SUM(S116:S118) -> 748 | T119: =SUM(R119/S119) -> 0.87700535
B121: Sunday | C121: AM | D121: =GETPIVOTDATA("Sum of AM FIELD",'Pivot Table'!$A$112,"DAY","Sun") -> 229 | E121: =SUM(96+32+4+104) -> 236 | F121: =SUM(D121/E121) -> 0.97033898 | I121: Sunday | J121: AM | K121: =GETPIVOTDATA("Sum of AM FIELD",'Pivot Table'!$A$124,"DAY","Sun") -> 254 | L121: =SUM(80+104+104) -> 288 | M121: =SUM(K121/L121) -> 0.88194444 | P121: Sunday | Q121: AM | R121: =GETPIVOTDATA("Sum of AM FIELD",'Pivot Table'!$A$136,"DAY","Sun") -> 508 | S121: =SUM(112+104+104+104+104) -> 528 | T121: =SUM(R121/S121) -> 0.96212121
C122: PM | D122: =GETPIVOTDATA("Sum of PM FIELD",'Pivot Table'!$A$112,"DAY","Sun") -> 269 | E122: =SUM(88+104+12+88) -> 292 | F122: =SUM(D122/E122) -> 0.92123288 | J122: PM | K122: =GETPIVOTDATA("Sum of PM FIELD",'Pivot Table'!$A$124,"DAY","Sun") -> 213 | L122: =SUM(72+88+88) -> 248 | M122: =SUM(K122/L122) -> 0.85887097 | Q122: PM | R122: =GETPIVOTDATA("Sum of PM FIELD",'Pivot Table'!$A$136,"DAY","Sun") -> 384 | S122: =SUM(112+92+88+88+96) -> 476 | T122: =SUM(R122/S122) -> 0.80672269
B123: Total Occupancy | D123: =SUM(D120:D122) -> 498 | E123: =SUM(E120:E122) -> 528 | F123: =SUM(D123/E123) -> 0.94318182 | I123: Total Occupancy | K123: =SUM(K120:K122) -> 467 | L123: =SUM(L120:L122) -> 536 | M123: =SUM(K123/L123) -> 0.87126866 | P123: Total Occupancy | R123: =SUM(R120:R122) -> 892 | S123: =SUM(S120:S122) -> 1004 | T123: =SUM(R123/S123) -> 0.88844622

Sheet Occupancy Report Summarised
B2: 2024 Totals (By Day) | D2: Bookings | E2: Spots Available | F2: Occupancy | G2: Notes | J2: 2024 Totals (By Month) | L2: Bookings | M2: Spots Available | N2: Occupancy | O2: Notes
B4: Monday | C4: AM | D4: ='Occupancy Report'!D4+'Occupancy Report'!K4+'Occupancy Report'!R4+'Occupancy Report'!D35+'Occupancy Report'!K35+'Occupancy Report'!R35+'Occupancy Report'!D66+'Occupancy Report'!K66+'Occupancy Report'!R66+'Occupancy Report'!D97+'Occupancy Report'!K97+'Occupancy Report'!R97 -> 2260 | E4: ='Occupancy Report'!E4+'Occupancy Report'!L4+'Occupancy Report'!S4+'Occupancy Report'!S35+'Occupancy Report'!L35+'Occupancy Report'!E35+'Occupancy Report'!E66+'Occupancy Report'!L66+'Occupancy Report'!S66+'Occupancy Report'!S97+'Occupancy Report'!L97+'Occupancy Report'!E97 -> 3394 | F4: =SUM(D4/E4) -> 0.66588097 | J4: January | K4: AM | L4: ='Occupancy Report'!D4+'Occupancy Report'!D8+'Occupancy Report'!D12+'Occupancy Report'!D16+'Occupancy Report'!D20+'Occupancy Report'!D24+'Occupancy Report'!D28 -> 2561 | M4: ='Occupancy Report'!E4+'Occupancy Report'!E8+'Occupancy Report'!E12+'Occupancy Report'!E16+'Occupancy Report'!E20+'Occupancy Report'!E24+'Occupancy Report'!E28 -> 3124 | N4: =SUM(L4/M4) -> 0.81978233
C5: PM | D5: ='Occupancy Report'!D5+'Occupancy Report'!L5+'Occupancy Report'!R5+'Occupancy Report'!R36+'Occupancy Report'!K36+'Occupancy Report'!D36+'Occupancy Report'!D67+'Occupancy Report'!K67+'Occupancy Report'!R67+'Occupancy Report'!R98+'Occupancy Report'!K98+'Occupancy Report'!D98 -> 3467 | E5: ='Occupancy Report'!E5+'Occupancy Report'!L5+'Occupancy Report'!S4+'Occupancy Report'!S36+'Occupancy Report'!L36+'Occupancy Report'!E36+'Occupancy Report'!E67+'Occupancy Report'!L67+'Occupancy Report'!S67+'Occupancy Report'!S98+'Occupancy Report'!L98+'Occupancy Report'!E98 -> 4192 | F5: =SUM(D5/E5) -> 0.82705153 | K5: PM | L5: ='Occupancy Report'!D5+'Occupancy Report'!D9+'Occupancy Report'!D13+'Occupancy Report'!D17+'Occupancy Report'!D21+'Occupancy Report'!D25+'Occupancy Report'!D29 -> 2044 | M5: ='Occupancy Report'!E5+'Occupancy Report'!E9+'Occupancy Report'!E13+'Occupancy Report'!E17+'Occupancy Report'!E21+'Occupancy Report'!E25+'Occupancy Report'!E29 -> 2928 | N5: =SUM(L5/M5) -> 0.69808743
B6: Total Monday Occupancy | D6: =SUM(D4:D5) -> 5727 | E6: =SUM(E4:E5) -> 7586 | F6: =SUM(D6/E6) -> 0.75494332 | J6: Total January Occupancy | L6: =SUM(L4:L5) -> 4605 | M6: =SUM(M4:M5) -> 6052 | N6: =SUM(L6/M6) -> 0.76090549
B8: Tuesday | C8: AM | D8: ='Occupancy Report'!D8+'Occupancy Report'!K8+'Occupancy Report'!R8+'Occupancy Report'!R39+'Occupancy Report'!K39+'Occupancy Report'!D39+'Occupancy Report'!D70+'Occupancy Report'!K70+'Occupancy Report'!R70+'Occupancy Report'!R101+'Occupancy Report'!K101+'Occupancy Report'!D101 -> 4220 | E8: ='Occupancy Report'!E8+'Occupancy Report'!L8+'Occupancy Report'!S8+'Occupancy Report'!S39+'Occupancy Report'!L39+'Occupancy Report'!E39+'Occupancy Report'!E70+'Occupancy Report'!L70+'Occupancy Report'!S70+'Occupancy Report'!S101+'Occupancy Report'!L101+'Occupancy Report'!E101 -> 5468 | F8: =SUM(D8/E8) -> 0.77176298 | J8: February | K8: AM | L8: ='Occupancy Report'!K4+'Occupancy Report'!K8+'Occupancy Report'!K12+'Occupancy Report'!K16+'Occupancy Report'!K20+'Occupancy Report'!K24+'Occupancy Report'!K28 -> 2248 | M8: ='Occupancy Report'!L4+'Occupancy Report'!L8+'Occupancy Report'!L12+'Occupancy Report'!L16+'Occupancy Report'!L20+'Occupancy Report'!L24+'Occupancy Report'!L28 -> 2690 | N8: =SUM(L8/M8) -> 0.83568773
C9: PM | D9: ='Occupancy Report'!D9+'Occupancy Report'!K9+'Occupancy Report'!R9+'Occupancy Report'!R40+'Occupancy Report'!K40+'Occupancy Report'!D40+'Occupancy Report'!D71+'Occupancy Report'!K71+'Occupancy Report'!R71+'Occupancy Report'!R102+'Occupancy Report'!K102+'Occupancy Report'!D102 -> 1635 | E9: ='Occupancy Report'!E9+'Occupancy Report'!L9+'Occupancy Report'!S9+'Occupancy Report'!S40+'Occupancy Report'!L40+'Occupancy Report'!E40+'Occupancy Report'!E71+'Occupancy Report'!L71+'Occupancy Report'!S71+'Occupancy Report'!S102+'Occupancy Report'!L102+'Occupancy Report'!E102 -> 3800 | F9: =SUM(D9/E9) -> 0.43026316 | K9: PM | L9: ='Occupancy Report'!K5+'Occupancy Report'!K9+'Occupancy Report'!K13+'Occupancy Report'!K17+'Occupancy Report'!K21+'Occupancy Report'!K25+'Occupancy Report'!K29 -> 2165 | M9: ='Occupancy Report'!L5+'Occupancy Report'!L9+'Occupancy Report'!L13+'Occupancy Report'!L17+'Occupancy Report'!L21+'Occupancy Report'!L25+'Occupancy Report'!L29 -> 2788 | N9: =SUM(L9/M9) -> 0.77654232
B10: Total Tuesday Occupancy | D10: =SUM(D8:D9) -> 5855 | E10: =SUM(E8:E9) -> 9268 | F10: =SUM(D10/E10) -> 0.63174363 | J10: Total February Occupancy | L10: =SUM(L8:L9) -> 4413 | M10: =SUM(M8:M9) -> 5478 | N10: =SUM(L10/M10) -> 0.80558598
B12: Wednesday | C12: AM | D12: ='Occupancy Report'!D12+'Occupancy Report'!K12+'Occupancy Report'!R12+'Occupancy Report'!R43+'Occupancy Report'!K43+'Occupancy Report'!D43+'Occupancy Report'!D74+'Occupancy Report'!K74+'Occupancy Report'!R74+'Occupancy Report'!R105+'Occupancy Report'!K105+'Occupancy Report'!D105 -> 3352 | E12: ='Occupancy Report'!E12+'Occupancy Report'!L12+'Occupancy Report'!S12+'Occupancy Report'!S43+'Occupancy Report'!L43+'Occupancy Report'!E43+'Occupancy Report'!E74+'Occupancy Report'!L74+'Occupancy Report'!S74+'Occupancy Report'!S105+'Occupancy Report'!L105+'Occupancy Report'!E105 -> 4632 | F12: =SUM(D12/E12) -> 0.72366149 | J12: March | K12: AM | L12: =GETPIVOTDATA("Sum of AM FIELD",'Pivot Table'!$A$28) -> 2385 | M12: ='Occupancy Report'!S4+'Occupancy Report'!S8+'Occupancy Report'!S12+'Occupancy Report'!S16+'Occupancy Report'!S20+'Occupancy Report'!S24+'Occupancy Report'!S28 -> 2784 | N12: =SUM(L12/M12) -> 0.85668103
C13: PM | D13: ='Occupancy Report'!D13+'Occupancy Report'!K13+'Occupancy Report'!R13+'Occupancy Report'!R44+'Occupancy Report'!K44+'Occupancy Report'!D44+'Occupancy Report'!D75+'Occupancy Report'!K75+'Occupancy Report'!R75+'Occupancy Report'!R106+'Occupancy Report'!K106+'Occupancy Report'!D106 -> 3559 | E13: ='Occupancy Report'!E13+'Occupancy Report'!L13+'Occupancy Report'!S13+'Occupancy Report'!S44+'Occupancy Report'!L44+'Occupancy Report'!E44+'Occupancy Report'!E75+'Occupancy Report'!L75+'Occupancy Report'!S75+'Occupancy Report'!S106+'Occupancy Report'!L106+'Occupancy Report'!E106 -> 4734 | F13: =SUM(D13/E13) -> 0.75179552 | K13: PM | L13: =GETPIVOTDATA("Sum of PM FIELD",'Pivot Table'!$A$28) -> 2029 | M13: ='Occupancy Report'!S5+'Occupancy Report'!S9+'Occupancy Report'!S13+'Occupancy Report'!S17+'Occupancy Report'!S21+'Occupancy Report'!S25+'Occupancy Report'!S29 -> 2832 | N13: =SUM(L13/M13) -> 0.7164548
B14: Total Wednesday Occupancy | D14: =SUM(D12:D13) -> 6911 | E14: =SUM(E12:E13) -> 9366 | F14: =SUM(D14/E14) -> 0.7378817 | J14: Total March Occupancy | L14: =SUM(L12:L13) -> 4414 | M14: =SUM(M12:M13) -> 5616 | N14: =SUM(L14/M14) -> 0.78596866
B16: Thursday | C16: AM | D16: ='Occupancy Report'!D16+'Occupancy Report'!K16+'Occupancy Report'!R16+'Occupancy Report'!R47+'Occupancy Report'!K47+'Occupancy Report'!D47+'Occupancy Report'!D78+'Occupancy Report'!K78+'Occupancy Report'!R78+'Occupancy Report'!R109+'Occupancy Report'!K109+'Occupancy Report'!D109 -> 3874 | E16: ='Occupancy Report'!E16+'Occupancy Report'!L16+'Occupancy Report'!S16+'Occupancy Report'!S47+'Occupancy Report'!L47+'Occupancy Report'!E47+'Occupancy Report'!E78+'Occupancy Report'!L78+'Occupancy Report'!S78+'Occupancy Report'!S109+'Occupancy Report'!L109+'Occupancy Report'!E109 -> 4308 | F16: =SUM(D16/E16) -> 0.8992572 | J16: April | K16: AM | L16: =GETPIVOTDATA("Sum of AM FIELD",'Pivot Table'!$A$40) -> 2280 | M16: ='Occupancy Report'!E35+'Occupancy Report'!E39+'Occupancy Report'!E43+'Occupancy Report'!E47+'Occupancy Report'!E51+'Occupancy Report'!E55+'Occupancy Report'!E59 -> 2708 | N16: =SUM(L16/M16) -> 0.84194978
C17: PM | D17: ='Occupancy Report'!D17+'Occupancy Report'!K17+'Occupancy Report'!R17+'Occupancy Report'!R48+'Occupancy Report'!K48+'Occupancy Report'!D48+'Occupancy Report'!D79+'Occupancy Report'!K79+'Occupancy Report'!R79+'Occupancy Report'!R110+'Occupancy Report'!K110+'Occupancy Report'!D110 -> 3826 | E17: ='Occupancy Report'!E17+'Occupancy Report'!L17+'Occupancy Report'!S17+'Occupancy Report'!S48+'Occupancy Report'!L48+'Occupancy Report'!E48+'Occupancy Report'!E79+'Occupancy Report'!L79+'Occupancy Report'!S79+'Occupancy Report'!S110+'Occupancy Report'!L110+'Occupancy Report'!E110 -> 4888 | F17: =SUM(D17/E17) -> 0.78273322 | K17: PM | L17: =GETPIVOTDATA("Sum of PM FIELD",'Pivot Table'!$A$40) -> 2120 | M17: ='Occupancy Report'!E36+'Occupancy Report'!E40+'Occupancy Report'!E44+'Occupancy Report'!E48+'Occupancy Report'!E52+'Occupancy Report'!E56+'Occupancy Report'!E60 -> 2570 | N17: =SUM(L17/M17) -> 0.82490272
B18: Total Thursday Occupancy | D18: =SUM(D16:D17) -> 7700 | E18: =SUM(E16:E17) -> 9196 | F18: =SUM(D18/E18) -> 0.83732057 | J18: Total April Occupancy | L18: =SUM(L16:L17) -> 4400 | M18: =SUM(M16:M17) -> 5278 | N18: =SUM(L18/M18) -> 0.83364911
B20: Friday | C20: AM | D20: ='Occupancy Report'!D20+'Occupancy Report'!K20+'Occupancy Report'!R20+'Occupancy Report'!R51+'Occupancy Report'!K51+'Occupancy Report'!D51+'Occupancy Report'!D82+'Occupancy Report'!K82+'Occupancy Report'!R82+'Occupancy Report'!R113+'Occupancy Report'!K113+'Occupancy Report'!D113 -> 4579 | E20: ='Occupancy Report'!E20+'Occupancy Report'!L20+'Occupancy Report'!S20+'Occupancy Report'!S51+'Occupancy Report'!L51+'Occupancy Report'!E51+'Occupancy Report'!E82+'Occupancy Report'!L82+'Occupancy Report'!S82+'Occupancy Report'!S113+'Occupancy Report'!L113+'Occupancy Report'!E113 -> 5318 | F20: =SUM(D20/E20) -> 0.86103798 | J20: May | K20: AM | L20: =GETPIVOTDATA("Sum of AM FIELD",'Pivot Table'!$A$52) -> 2487 | M20: ='Occupancy Report'!L35+'Occupancy Report'!L39+'Occupancy Report'!L43+'Occupancy Report'!L47+'Occupancy Report'!L51+'Occupancy Report'!L55+'Occupancy Report'!L59 -> 2822 | N20: =SUM(L20/M20) -> 0.88128987
C21: PM | D21: ='Occupancy Report'!D21+'Occupancy Report'!K21+'Occupancy Report'!R21+'Occupancy Report'!R52+'Occupancy Report'!K52+'Occupancy Report'!D52+'Occupancy Report'!D83+'Occupancy Report'!K83+'Occupancy Report'!R83+'Occupancy Report'!R114+'Occupancy Report'!K114+'Occupancy Report'!D114 -> 3759 | E21: ='Occupancy Report'!E21+'Occupancy Report'!L21+'Occupancy Report'!S21+'Occupancy Report'!S52+'Occupancy Report'!L52+'Occupancy Report'!E52+'Occupancy Report'!E83+'Occupancy Report'!L83+'Occupancy Report'!S83+'Occupancy Report'!S114+'Occupancy Report'!L114+'Occupancy Report'!E114 -> 4684 | F21: =SUM(D21/E21) -> 0.80251921 | K21: PM | L21: =GETPIVOTDATA("Sum of PM FIELD",'Pivot Table'!$A$52) -> 2173 | M21: ='Occupancy Report'!L60+'Occupancy Report'!L56+'Occupancy Report'!L52+'Occupancy Report'!L48+'Occupancy Report'!L44+'Occupancy Report'!L40+'Occupancy Report'!L36 -> 2720 | N21: =SUM(L21/M21) -> 0.79889706
B22: Total Friday Occupancy | D22: =SUM(D20:D21) -> 8338 | E22: =SUM(E20:E21) -> 10002 | F22: =SUM(D22/E22) -> 0.83363327 | J22: Total May Occupancy | L22: =SUM(L20:L21) -> 4660 | M22: =SUM(M20:M21) -> 5542 | N22: =SUM(L22/M22) -> 0.84085168
B24: Saturday | C24: AM | D24: ='Occupancy Report'!D24+'Occupancy Report'!K24+'Occupancy Report'!R24+'Occupancy Report'!R55+'Occupancy Report'!K55+'Occupancy Report'!D55+'Occupancy Report'!D86+'Occupancy Report'!K86+'Occupancy Report'!R86+'Occupancy Report'!R117+'Occupancy Report'!K117+'Occupancy Report'!D117 -> 4305 | E24: ='Occupancy Report'!E24+'Occupancy Report'!L24+'Occupancy Report'!S24+'Occupancy Report'!S55+'Occupancy Report'!L55+'Occupancy Report'!E55+'Occupancy Report'!E86+'Occupancy Report'!L86+'Occupancy Report'!S86+'Occupancy Report'!S117+'Occupancy Report'!L117+'Occupancy Report'!E117 -> 4888 | F24: =SUM(D24/E24) -> 0.88072831 | J24: June | K24: AM | L24: =GETPIVOTDATA("Sum of AM FIELD",'Pivot Table'!$A$64) -> 2046 | M24: ='Occupancy Report'!S35+'Occupancy Report'!S39+'Occupancy Report'!S43+'Occupancy Report'!S47+'Occupancy Report'!S51+'Occupancy Report'!S55+'Occupancy Report'!S59 -> 2680 | N24: =SUM(L24/M24) -> 0.76343284
C25: PM | D25: ='Occupancy Report'!D25+'Occupancy Report'!K25+'Occupancy Report'!R25+'Occupancy Report'!R56+'Occupancy Report'!K56+'Occupancy Report'!D56+'Occupancy Report'!D87+'Occupancy Report'!K87+'Occupancy Report'!R87+'Occupancy Report'!R118+'Occupancy Report'!K118+'Occupancy Report'!D118 -> 3315 | E25: ='Occupancy Report'!E25+'Occupancy Report'!L25+'Occupancy Report'!S25+'Occupancy Report'!S56+'Occupancy Report'!L56+'Occupancy Report'!E56+'Occupancy Report'!E87+'Occupancy Report'!L87+'Occupancy Report'!S87+'Occupancy Report'!S118+'Occupancy Report'!L118+'Occupancy Report'!E118 -> 4638 | F25: =SUM(D25/E25) -> 0.71474774 | K25: PM | L25: =GETPIVOTDATA("Sum of PM FIELD",'Pivot Table'!$A$64) -> 1859 | M25: ='Occupancy Report'!S36+'Occupancy Report'!S40+'Occupancy Report'!S44+'Occupancy Report'!S48+'Occupancy Report'!S52+'Occupancy Report'!S56+'Occupancy Report'!S60 -> 2576 | N25: =SUM(L25/M25) -> 0.72166149
B26: Total Saturday Occupancy | D26: =SUM(D24:D25) -> 7620 | E26: =SUM(E24:E25) -> 9526 | F26: =SUM(D26/E26) -> 0.79991602 | J26: Total June Occupancy | L26: =SUM(L24:L25) -> 3905 | M26: =SUM(M24:M25) -> 5256 | N26: =SUM(L26/M26) -> 0.74296043
B28: Sunday | C28: AM | D28: ='Occupancy Report'!D28+'Occupancy Report'!K28+'Occupancy Report'!R28+'Occupancy Report'!R59+'Occupancy Report'!K59+'Occupancy Report'!D59+'Occupancy Report'!D90+'Occupancy Report'!K90+'Occupancy Report'!R90+'Occupancy Report'!R121+'Occupancy Report'!K121+'Occupancy Report'!D121 -> 4326 | E28: ='Occupancy Report'!E28+'Occupancy Report'!L28+'Occupancy Report'!S28+'Occupancy Report'!S59+'Occupancy Report'!L59+'Occupancy Report'!E59+'Occupancy Report'!E90+'Occupancy Report'!L90+'Occupancy Report'!S90+'Occupancy Report'!S121+'Occupancy Report'!L121+'Occupancy Report'!E121 -> 4748 | F28: =SUM(D28/E28) -> 0.91112047 | J28: July | K28: AM | L28: ='Occupancy Report'!D66+'Occupancy Report'!D70+'Occupancy Report'!D74+'Occupancy Report'!D78+'Occupancy Report'!D82+'Occupancy Report'!D86+'Occupancy Report'!D90 -> 1966 | M28: ='Occupancy Report'!E66+'Occupancy Report'!E70+'Occupancy Report'!E74+'Occupancy Report'!E78+'Occupancy Report'!E82+'Occupancy Report'!E86+'Occupancy Report'!E90 -> 2816 | N28: =SUM(L28/M28) -> 0.69815341
C29: PM | D29: ='Occupancy Report'!D29+'Occupancy Report'!K29+'Occupancy Report'!R29+'Occupancy Report'!R60+'Occupancy Report'!K60+'Occupancy Report'!D60+'Occupancy Report'!D91+'Occupancy Report'!K91+'Occupancy Report'!R91+'Occupancy Report'!R122+'Occupancy Report'!K122+'Occupancy Report'!D122 -> 3792 | E29: ='Occupancy Report'!E29+'Occupancy Report'!L29+'Occupancy Report'!S29+'Occupancy Report'!S60+'Occupancy Report'!L60+'Occupancy Report'!E60+'Occupancy Report'!E91+'Occupancy Report'!L91+'Occupancy Report'!S91+'Occupancy Report'!S122+'Occupancy Report'!L122+'Occupancy Report'!E122 -> 4576 | F29: =SUM(D29/E29) -> 0.82867133 | K29: PM | L29: ='Occupancy Report'!D67+'Occupancy Report'!D71+'Occupancy Report'!D75+'Occupancy Report'!D79+'Occupancy Report'!D83+'Occupancy Report'!D87+'Occupancy Report'!D91 -> 1784 | M29: ='Occupancy Report'!E67+'Occupancy Report'!E71+'Occupancy Report'!E75+'Occupancy Report'!E79+'Occupancy Report'!E83++'Occupancy Report'!E87+'Occupancy Report'!E91 -> 2672 | N29: =SUM(L29/M29) -> 0.66766467
B30: Total Sunday Occupancy | D30: =SUM(D28:D29) -> 8118 | E30: =SUM(E28:E29) -> 9324 | F30: =SUM(D30/E30) -> 0.87065637 | J30: Total July Occupancy | L30: =SUM(L28:L29) -> 3750 | M30: =SUM(M28:M29) -> 5488 | N30: =SUM(L30/M30) -> 0.68330904
J32: August | K32: AM | L32: ='Occupancy Report'!K66+'Occupancy Report'!K70+'Occupancy Report'!K74+'Occupancy Report'!K78+'Occupancy Report'!K82+'Occupancy Report'!K86+'Occupancy Report'!K90 -> 2248 | M32: ='Occupancy Report'!L66+'Occupancy Report'!L70+'Occupancy Report'!L74+'Occupancy Report'!L78+'Occupancy Report'!L82+'Occupancy Report'!L86+'Occupancy Report'!L90 -> 2900 | N32: =SUM(L32/M32) -> 0.77517241
K33: PM | L33: ='Occupancy Report'!K67+'Occupancy Report'!K71+'Occupancy Report'!K75+'Occupancy Report'!K79+'Occupancy Report'!K83+'Occupancy Report'!K87+'Occupancy Report'!K91 -> 1807 | M33: ='Occupancy Report'!L67+'Occupancy Report'!L71+'Occupancy Report'!L75+'Occupancy Report'!L79+'Occupancy Report'!L83+'Occupancy Report'!L87+'Occupancy Report'!L91 -> 2756 | N33: =SUM(L33/M33) -> 0.65566038
J34: Total August Occupancy | L34: =SUM(L32:L33) -> 4055 | M34: =SUM(M32:M33) -> 5656 | N34: =SUM(L34/M34) -> 0.71693777
J36: September | K36: AM | L36: =GETPIVOTDATA("Sum of AM FIELD",'Pivot Table'!$A$100) -> 2254 | M36: ='Occupancy Report'!S66+'Occupancy Report'!S70+'Occupancy Report'!S74+'Occupancy Report'!S78+'Occupancy Report'!S82+'Occupancy Report'!S86+'Occupancy Report'!S90 -> 2856 | N36: =SUM(L36/M36) -> 0.78921569
K37: PM | L37: =GETPIVOTDATA("Sum of PM FIELD",'Pivot Table'!$A$100) -> 1835 | M37: ='Occupancy Report'!S67+'Occupancy Report'!S71+'Occupancy Report'!S75+'Occupancy Report'!S79+'Occupancy Report'!S83+'Occupancy Report'!S87+'Occupancy Report'!S91 -> 2604 | N37: =SUM(L37/M37) -> 0.7046851
J38: Total September Occupancy | L38: =SUM(L36:L37) -> 4089 | M38: =SUM(M36:M37) -> 5460 | N38: =SUM(L38/M38) -> 0.7489011
J40: October | K40: AM | L40: =GETPIVOTDATA("Sum of AM FIELD",'Pivot Table'!$A$112) -> 2109 | M40: ='Occupancy Report'!E97+'Occupancy Report'!E101+'Occupancy Report'!E105+'Occupancy Report'!E109+'Occupancy Report'!E113+'Occupancy Report'!E117+'Occupancy Report'!E121 -> 2428 | N40: =SUM(L40/M40) -> 0.86861614
K41: PM | L41: =GETPIVOTDATA("Sum of PM FIELD",'Pivot Table'!$A$112) -> 2049 | M41: ='Occupancy Report'!E98+'Occupancy Report'!E102+'Occupancy Report'!E106+'Occupancy Report'!E110+'Occupancy Report'!E114+'Occupancy Report'!E118+'Occupancy Report'!E122 -> 2572 | N41: =SUM(L41/M41) -> 0.7966563
J42: Total October Occupancy | L42: =SUM(L40:L41) -> 4158 | M42: =SUM(M40:M41) -> 5000 | N42: =SUM(L42/M42) -> 0.8316
J44: November | K44: AM | L44: =GETPIVOTDATA("Sum of AM FIELD",'Pivot Table'!$A$124) -> 1975 | M44: ='Occupancy Report'!L97+'Occupancy Report'!L101+'Occupancy Report'!L105+'Occupancy Report'!L109+'Occupancy Report'!L113+'Occupancy Report'!L117+'Occupancy Report'!L121 -> 2264 | N44: =SUM(L44/M44) -> 0.87234982
K45: PM | L45: =GETPIVOTDATA("Sum of PM FIELD",'Pivot Table'!$A$124) -> 1578 | M45: ='Occupancy Report'!L98+'Occupancy Report'!L102+'Occupancy Report'!L106+'Occupancy Report'!L110+'Occupancy Report'!L114+'Occupancy Report'!L118+'Occupancy Report'!L122 -> 2108 | N45: =SUM(L45/M45) -> 0.74857685
J46: Total November Occupancy | L46: =SUM(L44:L45) -> 3553 | M46: =SUM(M44:M45) -> 4372 | N46: =SUM(L46/M46) -> 0.81267155
J48: December | K48: AM | L48: =GETPIVOTDATA("Sum of AM FIELD",'Pivot Table'!$A$136) -> 2357 | M48: ='Occupancy Report'!S97+'Occupancy Report'!S101+'Occupancy Report'!S105+'Occupancy Report'!S109+'Occupancy Report'!S113+'Occupancy Report'!S117+'Occupancy Report'!S121 -> 2684 | N48: =SUM(L48/M48) -> 0.87816692
K49: PM | L49: =GETPIVOTDATA("Sum of PM FIELD",'Pivot Table'!$A$136) -> 1842 | M49: ='Occupancy Report'!S98+'Occupancy Report'!S102+'Occupancy Report'!S106+'Occupancy Report'!S110+'Occupancy Report'!S114+'Occupancy Report'!S118+'Occupancy Report'!S122 -> 2458 | N49: =SUM(L49/M49) -> 0.74938975
J50: Total December Occupancy | L50: =SUM(L48:L49) -> 4199 | M50: =SUM(M48:M49) -> 5142 | N50: =SUM(L50/M50) -> 0.81660832

Sheet Day by Day Totals
B2: Day by Totals
B4: Monday | E4: Tuesday | H4: Wednesday | K4: Thursday | N4: Friday | Q4: Saturday | T4: Sunday
B6: AM Field | C6: =GETPIVOTDATA("Sum of AM FIELD",'Pivot Table'!$A$4,"DAY","Mon")+GETPIVOTDATA("Sum of AM FIELD",'Pivot Table'!$A$16,"DAY","Mon")+GETPIVOTDATA("Sum of AM FIELD",'Pivot Table'!$A$28,"DAY","Mon")+GETPIVOTDATA("Sum of AM FIELD",'Pivot Table'!$A$40,"DAY","Mon")+GETPIVOTDATA("Sum of AM FIELD",'Pivot Table'!$A$52,"DAY","Mon")+GETPIVOTDATA("Sum of AM FIELD",'Pivot Table'!$A$64,"DAY","Mon")+GETPIVOTDATA("Sum of AM FIELD",'Pivot Table'!$A$76,"DAY","Mon")+GETPIVOTDATA("Sum of AM FIELD",'Pivot Table'!$A$88,"DAY","Mon")+GETPIVOTDATA("Sum of AM FIELD",'Pivot Table'!$A$100,"DAY","Mon")+GETPIVOTDATA("Sum of AM FIELD",'Pivot Table'!$A$112,"DAY","Mon")+GETPIVOTDATA("Sum of AM FIELD",'Pivot Table'!$A$124,"DAY","Mon")+GETPIVOTDATA("Sum of AM FIELD",'Pivot Table'!$A$136,"DAY","Mon") -> 2260 | E6: AM Field | F6: =GETPIVOTDATA("Sum of AM FIELD",'Pivot Table'!$A$4,"DAY","Tue")+GETPIVOTDATA("Sum of AM FIELD",'Pivot Table'!$A$16,"DAY","Tue")+GETPIVOTDATA("Sum of AM FIELD",'Pivot Table'!$A$28,"DAY","Tue")+GETPIVOTDATA("Sum of AM FIELD",'Pivot Table'!$A$40,"DAY","Tue")+GETPIVOTDATA("Sum of AM FIELD",'Pivot Table'!$A$52,"DAY","Tue")+GETPIVOTDATA("Sum of AM FIELD",'Pivot Table'!$A$64,"DAY","Tue")+GETPIVOTDATA("Sum of AM FIELD",'Pivot Table'!$A$76,"DAY","Tue")+GETPIVOTDATA("Sum of AM FIELD",'Pivot Table'!$A$88,"DAY","Tue")+GETPIVOTDATA("Sum of AM FIELD",'Pivot Table'!$A$100,"DAY","Tue")+GETPIVOTDATA("Sum of AM FIELD",'Pivot Table'!$A$112,"DAY","Tue")+GETPIVOTDATA("Sum of AM FIELD",'Pivot Table'!$A$124,"DAY","Tue")+GETPIVOTDATA("Sum of AM FIELD",'Pivot Table'!$A$136,"DAY","Tue") -> 4220 | H6: AM Field | I6: =GETPIVOTDATA("Sum of AM FIELD",'Pivot Table'!$A$4,"DAY","Wed")+GETPIVOTDATA("Sum of AM FIELD",'Pivot Table'!$A$16,"DAY","Wed")+GETPIVOTDATA("Sum of AM FIELD",'Pivot Table'!$A$28,"DAY","Wed")+GETPIVOTDATA("Sum of AM FIELD",'Pivot Table'!$A$40,"DAY","Wed")+GETPIVOTDATA("Sum of AM FIELD",'Pivot Table'!$A$52,"DAY","Wed")+GETPIVOTDATA("Sum of AM FIELD",'Pivot Table'!$A$64,"DAY","Wed")+GETPIVOTDATA("Sum of AM FIELD",'Pivot Table'!$A$76,"DAY","Wed")+GETPIVOTDATA("Sum of AM FIELD",'Pivot Table'!$A$88,"DAY","Wed")+GETPIVOTDATA("Sum of AM FIELD",'Pivot Table'!$A$100,"DAY","Wed")+GETPIVOTDATA("Sum of AM FIELD",'Pivot Table'!$A$112,"DAY","Wed")+GETPIVOTDATA("Sum of AM FIELD",'Pivot Table'!$A$124,"DAY","Wed")+GETPIVOTDATA("Sum of AM FIELD",'Pivot Table'!$A$136,"DAY","Wed") -> 3352 | K6: AM Field | L6: =GETPIVOTDATA("Sum of AM FIELD",'Pivot Table'!$A$4,"DAY","Thu")+GETPIVOTDATA("Sum of AM FIELD",'Pivot Table'!$A$16,"DAY","Thu")+GETPIVOTDATA("Sum of AM FIELD",'Pivot Table'!$A$28,"DAY","Thu")+GETPIVOTDATA("Sum of AM FIELD",'Pivot Table'!$A$40,"DAY","Thu")+GETPIVOTDATA("Sum of AM FIELD",'Pivot Table'!$A$52,"DAY","Thu")+GETPIVOTDATA("Sum of AM FIELD",'Pivot Table'!$A$64,"DAY","Thu")+GETPIVOTDATA("Sum of AM FIELD",'Pivot Table'!$A$76,"DAY","Thu")+GETPIVOTDATA("Sum of AM FIELD",'Pivot Table'!$A$88,"DAY","Thu")+GETPIVOTDATA("Sum of AM FIELD",'Pivot Table'!$A$100,"DAY","Thu")+GETPIVOTDATA("Sum of AM FIELD",'Pivot Table'!$A$112,"DAY","Thu")+GETPIVOTDATA("Sum of AM FIELD",'Pivot Table'!$A$124,"DAY","Thu")+GETPIVOTDATA("Sum of AM FIELD",'Pivot Table'!$A$136,"DAY","Thu") -> 3874 | N6: AM Field | O6: =GETPIVOTDATA("Sum of AM FIELD",'Pivot Table'!$A$4,"DAY","Fri")+GETPIVOTDATA("Sum of AM FIELD",'Pivot Table'!$A$16,"DAY","Fri")+GETPIVOTDATA("Sum of AM FIELD",'Pivot Table'!$A$28,"DAY","Fri")+GETPIVOTDATA("Sum of AM FIELD",'Pivot Table'!$A$40,"DAY","Fri")+GETPIVOTDATA("Sum of AM FIELD",'Pivot Table'!$A$52,"DAY","Fri")+GETPIVOTDATA("Sum of AM FIELD",'Pivot Table'!$A$64,"DAY","Fri")+GETPIVOTDATA("Sum of AM FIELD",'Pivot Table'!$A$76,"DAY","Fri")+GETPIVOTDATA("Sum of AM FIELD",'Pivot Table'!$A$88,"DAY","Fri")+GETPIVOTDATA("Sum of AM FIELD",'Pivot Table'!$A$100,"DAY","Fri")+GETPIVOTDATA("Sum of AM FIELD",'Pivot Table'!$A$112,"DAY","Fri")+GETPIVOTDATA("Sum of AM FIELD",'Pivot Table'!$A$124,"DAY","Fri")+GETPIVOTDATA("Sum of AM FIELD",'Pivot Table'!$A$136,"DAY","Fri") -> 4579 | Q6: AM Field | R6: =GETPIVOTDATA("Sum of AM FIELD",'Pivot Table'!$A$4,"DAY","Sat")+GETPIVOTDATA("Sum of AM FIELD",'Pivot Table'!$A$16,"DAY","Sat")+GETPIVOTDATA("Sum of AM FIELD",'Pivot Table'!$A$28,"DAY","Sat")+GETPIVOTDATA("Sum of AM FIELD",'Pivot Table'!$A$40,"DAY","Sat")+GETPIVOTDATA("Sum of AM FIELD",'Pivot Table'!$A$52,"DAY","Sat")+GETPIVOTDATA("Sum of AM FIELD",'Pivot Table'!$A$64,"DAY","Sat")+GETPIVOTDATA("Sum of AM FIELD",'Pivot Table'!$A$76,"DAY","Sat")+GETPIVOTDATA("Sum of AM FIELD",'Pivot Table'!$A$88,"DAY","Sat")+GETPIVOTDATA("Sum of AM FIELD",'Pivot Table'!$A$100,"DAY","Sat")+GETPIVOTDATA("Sum of AM FIELD",'Pivot Table'!$A$112,"DAY","Sat")+GETPIVOTDATA("Sum of AM FIELD",'Pivot Table'!$A$124,"DAY","Sat")+GETPIVOTDATA("Sum of AM FIELD",'Pivot Table'!$A$136,"DAY","Sat") -> 4305 | T6: AM Field | U6: =GETPIVOTDATA("Sum of AM FIELD",'Pivot Table'!$A$4,"DAY","Sun")+GETPIVOTDATA("Sum of AM FIELD",'Pivot Table'!$A$16,"DAY","Sun")+GETPIVOTDATA("Sum of AM FIELD",'Pivot Table'!$A$28,"DAY","Sun")+GETPIVOTDATA("Sum of AM FIELD",'Pivot Table'!$A$40,"DAY","Sun")+GETPIVOTDATA("Sum of AM FIELD",'Pivot Table'!$A$52,"DAY","Sun")+GETPIVOTDATA("Sum of AM FIELD",'Pivot Table'!$A$64,"DAY","Sun")+GETPIVOTDATA("Sum of AM FIELD",'Pivot Table'!$A$76,"DAY","Sun")+GETPIVOTDATA("Sum of AM FIELD",'Pivot Table'!$A$88,"DAY","Sun")+GETPIVOTDATA("Sum of AM FIELD",'Pivot Table'!$A$100,"DAY","Sun")+GETPIVOTDATA("Sum of AM FIELD",'Pivot Table'!$A$112,"DAY","Sun")+GETPIVOTDATA("Sum of AM FIELD",'Pivot Table'!$A$124,"DAY","Sun")+GETPIVOTDATA("Sum of AM FIELD",'Pivot Table'!$A$136,"DAY","Sun") -> 4326
B7: PM Field | C7: =GETPIVOTDATA("Sum of PM FIELD",'Pivot Table'!$A$4,"DAY","Mon")+GETPIVOTDATA("Sum of PM FIELD",'Pivot Table'!$A$16,"DAY","Mon")+GETPIVOTDATA("Sum of PM FIELD",'Pivot Table'!$A$28,"DAY","Mon")+GETPIVOTDATA("Sum of PM FIELD",'Pivot Table'!$A$40,"DAY","Mon")+GETPIVOTDATA("Sum of PM FIELD",'Pivot Table'!$A$52,"DAY","Mon")+GETPIVOTDATA("Sum of PM FIELD",'Pivot Table'!$A$64,"DAY","Mon")+GETPIVOTDATA("Sum of PM FIELD",'Pivot Table'!$A$76,"DAY","Mon")+GETPIVOTDATA("Sum of PM FIELD",'Pivot Table'!$A$88,"DAY","Mon")++GETPIVOTDATA("Sum of PM FIELD",'Pivot Table'!$A$112,"DAY","Mon")+GETPIVOTDATA("Sum of PM FIELD",'Pivot Table'!$A$100,"DAY","Mon")+GETPIVOTDATA("Sum of PM FIELD",'Pivot Table'!$A$124,"DAY","Mon")+GETPIVOTDATA("Sum of PM FIELD",'Pivot Table'!$A$136,"DAY","Mon") -> 3399 | E7: PM Field | F7: =GETPIVOTDATA("Sum of PM FIELD",'Pivot Table'!$A$4,"DAY","Tue")+GETPIVOTDATA("Sum of PM FIELD",'Pivot Table'!$A$16,"DAY","Tue")+GETPIVOTDATA("Sum of PM FIELD",'Pivot Table'!$A$28,"DAY","Tue")+GETPIVOTDATA("Sum of PM FIELD",'Pivot Table'!$A$40,"DAY","Tue")+GETPIVOTDATA("Sum of PM FIELD",'Pivot Table'!$A$52,"DAY","Tue")+GETPIVOTDATA("Sum of PM FIELD",'Pivot Table'!$A$64,"DAY","Tue")+GETPIVOTDATA("Sum of PM FIELD",'Pivot Table'!$A$76,"DAY","Tue")+GETPIVOTDATA("Sum of PM FIELD",'Pivot Table'!$A$88,"DAY","Tue")+GETPIVOTDATA("Sum of PM FIELD",'Pivot Table'!$A$100,"DAY","Tue")+GETPIVOTDATA("Sum of PM FIELD",'Pivot Table'!$A$112,"DAY","Tue")+GETPIVOTDATA("Sum of PM FIELD",'Pivot Table'!$A$124,"DAY","Tue")+GETPIVOTDATA("Sum of PM FIELD",'Pivot Table'!$A$136,"DAY","Tue") -> 1635 | H7: PM Field | I7: =GETPIVOTDATA("Sum of PM FIELD",'Pivot Table'!$A$4,"DAY","Wed")+GETPIVOTDATA("Sum of PM FIELD",'Pivot Table'!$A$16,"DAY","Wed")+GETPIVOTDATA("Sum of PM FIELD",'Pivot Table'!$A$28,"DAY","Wed")+GETPIVOTDATA("Sum of PM FIELD",'Pivot Table'!$A$40,"DAY","Wed")+GETPIVOTDATA("Sum of PM FIELD",'Pivot Table'!$A$52,"DAY","Wed")+GETPIVOTDATA("Sum of PM FIELD",'Pivot Table'!$A$64,"DAY","Wed")+GETPIVOTDATA("Sum of PM FIELD",'Pivot Table'!$A$76,"DAY","Wed")+GETPIVOTDATA("Sum of PM FIELD",'Pivot Table'!$A$88,"DAY","Wed")+GETPIVOTDATA("Sum of PM FIELD",'Pivot Table'!$A$100,"DAY","Wed")+GETPIVOTDATA("Sum of PM FIELD",'Pivot Table'!$A$112,"DAY","Wed")+GETPIVOTDATA("Sum of PM FIELD",'Pivot Table'!$A$124,"DAY","Wed")+GETPIVOTDATA("Sum of PM FIELD",'Pivot Table'!$A$136,"DAY","Wed") -> 3559 | K7: PM Field | L7: =GETPIVOTDATA("Sum of PM FIELD",'Pivot Table'!$A$4,"DAY","Thu")+GETPIVOTDATA("Sum of PM FIELD",'Pivot Table'!$A$16,"DAY","Thu")+GETPIVOTDATA("Sum of PM FIELD",'Pivot Table'!$A$28,"DAY","Thu")+GETPIVOTDATA("Sum of PM FIELD",'Pivot Table'!$A$40,"DAY","Thu")+GETPIVOTDATA("Sum of PM FIELD",'Pivot Table'!$A$52,"DAY","Thu")+GETPIVOTDATA("Sum of PM FIELD",'Pivot Table'!$A$64,"DAY","Thu")+GETPIVOTDATA("Sum of PM FIELD",'Pivot Table'!$A$76,"DAY","Thu")+GETPIVOTDATA("Sum of PM FIELD",'Pivot Table'!$A$88,"DAY","Thu")+GETPIVOTDATA("Sum of PM FIELD",'Pivot Table'!$A$100,"DAY","Thu")+GETPIVOTDATA("Sum of PM FIELD",'Pivot Table'!$A$112,"DAY","Thu")+GETPIVOTDATA("Sum of PM FIELD",'Pivot Table'!$A$124,"DAY","Thu")+GETPIVOTDATA("Sum of PM FIELD",'Pivot Table'!$A$136,"DAY","Thu") -> 3826 | N7: PM Field | O7: =GETPIVOTDATA("Sum of PM FIELD",'Pivot Table'!$A$4,"DAY","Fri")+GETPIVOTDATA("Sum of PM FIELD",'Pivot Table'!$A$16,"DAY","Fri")+GETPIVOTDATA("Sum of PM FIELD",'Pivot Table'!$A$28,"DAY","Fri")+GETPIVOTDATA("Sum of PM FIELD",'Pivot Table'!$A$40,"DAY","Fri")+GETPIVOTDATA("Sum of PM FIELD",'Pivot Table'!$A$52,"DAY","Fri")+GETPIVOTDATA("Sum of PM FIELD",'Pivot Table'!$A$64,"DAY","Fri")+GETPIVOTDATA("Sum of PM FIELD",'Pivot Table'!$A$76,"DAY","Fri")+GETPIVOTDATA("Sum of PM FIELD",'Pivot Table'!$A$88,"DAY","Fri")+GETPIVOTDATA("Sum of PM FIELD",'Pivot Table'!$A$100,"DAY","Fri")+GETPIVOTDATA("Sum of PM FIELD",'Pivot Table'!$A$112,"DAY","Fri")+GETPIVOTDATA("Sum of PM FIELD",'Pivot Table'!$A$124,"DAY","Fri")+GETPIVOTDATA("Sum of PM FIELD",'Pivot Table'!$A$136,"DAY","Fri") -> 3759 | Q7: PM Field | R7: =GETPIVOTDATA("Sum of PM FIELD",'Pivot Table'!$A$4,"DAY","Sat")+GETPIVOTDATA("Sum of PM FIELD",'Pivot Table'!$A$16,"DAY","Sat")+GETPIVOTDATA("Sum of PM FIELD",'Pivot Table'!$A$28,"DAY","Sat")+GETPIVOTDATA("Sum of PM FIELD",'Pivot Table'!$A$40,"DAY","Sat")+GETPIVOTDATA("Sum of PM FIELD",'Pivot Table'!$A$52,"DAY","Sat")+GETPIVOTDATA("Sum of PM FIELD",'Pivot Table'!$A$64,"DAY","Sat")+GETPIVOTDATA("Sum of PM FIELD",'Pivot Table'!$A$76,"DAY","Sat")+GETPIVOTDATA("Sum of PM FIELD",'Pivot Table'!$A$88,"DAY","Sat")+GETPIVOTDATA("Sum of PM FIELD",'Pivot Table'!$A$100,"DAY","Sat")+GETPIVOTDATA("Sum of PM FIELD",'Pivot Table'!$A$112,"DAY","Sat")+GETPIVOTDATA("Sum of PM FIELD",'Pivot Table'!$A$124,"DAY","Sat")+GETPIVOTDATA("Sum of PM FIELD",'Pivot Table'!$A$136,"DAY","Sat") -> 3315 | T7: PM Field | U7: =GETPIVOTDATA("Sum of PM FIELD",'Pivot Table'!$A$4,"DAY","Sun")+GETPIVOTDATA("Sum of PM FIELD",'Pivot Table'!$A$16,"DAY","Sun")+GETPIVOTDATA("Sum of PM FIELD",'Pivot Table'!$A$28,"DAY","Sun")+GETPIVOTDATA("Sum of PM FIELD",'Pivot Table'!$A$40,"DAY","Sun")+GETPIVOTDATA("Sum of PM FIELD",'Pivot Table'!$A$52,"DAY","Sun")+GETPIVOTDATA("Sum of PM FIELD",'Pivot Table'!$A$64,"DAY","Sun")+GETPIVOTDATA("Sum of PM FIELD",'Pivot Table'!$A$76,"DAY","Sun")+GETPIVOTDATA("Sum of PM FIELD",'Pivot Table'!$A$88,"DAY","Sun")+GETPIVOTDATA("Sum of PM FIELD",'Pivot Table'!$A$100,"DAY","Sun")+GETPIVOTDATA("Sum of PM FIELD",'Pivot Table'!$A$112,"DAY","Sun")+GETPIVOTDATA("Sum of PM FIELD",'Pivot Table'!$A$124,"DAY","Sun")+GETPIVOTDATA("Sum of PM FIELD",'Pivot Table'!$A$136,"DAY","Sun") -> 3792
B8: Total Field | C8: =GETPIVOTDATA("Sum of TOTAL FIELD",'Pivot Table'!$A$4,"DAY","Mon")+GETPIVOTDATA("Sum of TOTAL FIELD",'Pivot Table'!$A$16,"DAY","Mon")+GETPIVOTDATA("Sum of TOTAL FIELD",'Pivot Table'!$A$28,"DAY","Mon")+GETPIVOTDATA("Sum of TOTAL FIELD",'Pivot Table'!$A$40,"DAY","Mon")+GETPIVOTDATA("Sum of TOTAL FIELD",'Pivot Table'!$A$52,"DAY","Mon")+GETPIVOTDATA("Sum of TOTAL FIELD",'Pivot Table'!$A$64,"DAY","Mon")+GETPIVOTDATA("Sum of TOTAL FIELD",'Pivot Table'!$A$76,"DAY","Mon")+GETPIVOTDATA("Sum of TOTAL FIELD",'Pivot Table'!$A$88,"DAY","Mon")+GETPIVOTDATA("Sum of TOTAL FIELD",'Pivot Table'!$A$100,"DAY","Mon")+GETPIVOTDATA("Sum of TOTAL FIELD",'Pivot Table'!$A$112,"DAY","Mon")+GETPIVOTDATA("Sum of TOTAL FIELD",'Pivot Table'!$A$124,"DAY","Mon")+GETPIVOTDATA("Sum of TOTAL FIELD",'Pivot Table'!$A$136,"DAY","Mon") -> 5659 | E8: Total Field | F8: =GETPIVOTDATA("Sum of TOTAL FIELD",'Pivot Table'!$A$4,"DAY","Tue")+GETPIVOTDATA("Sum of TOTAL FIELD",'Pivot Table'!$A$16,"DAY","Tue")+GETPIVOTDATA("Sum of TOTAL FIELD",'Pivot Table'!$A$28,"DAY","Tue")+GETPIVOTDATA("Sum of TOTAL FIELD",'Pivot Table'!$A$40,"DAY","Tue")+GETPIVOTDATA("Sum of TOTAL FIELD",'Pivot Table'!$A$52,"DAY","Tue")+GETPIVOTDATA("Sum of TOTAL FIELD",'Pivot Table'!$A$64,"DAY","Tue")+GETPIVOTDATA("Sum of TOTAL FIELD",'Pivot Table'!$A$76,"DAY","Tue")+GETPIVOTDATA("Sum of TOTAL FIELD",'Pivot Table'!$A$88,"DAY","Tue")+GETPIVOTDATA("Sum of TOTAL FIELD",'Pivot Table'!$A$100,"DAY","Tue")+GETPIVOTDATA("Sum of TOTAL FIELD",'Pivot Table'!$A$112,"DAY","Tue")+GETPIVOTDATA("Sum of TOTAL FIELD",'Pivot Table'!$A$124,"DAY","Tue")+GETPIVOTDATA("Sum of TOTAL FIELD",'Pivot Table'!$A$136,"DAY","Tue") -> 5855 | H8: Total Field | I8: =GETPIVOTDATA("Sum of TOTAL FIELD",'Pivot Table'!$A$4,"DAY","Wed")+GETPIVOTDATA("Sum of TOTAL FIELD",'Pivot Table'!$A$16,"DAY","Wed")+GETPIVOTDATA("Sum of TOTAL FIELD",'Pivot Table'!$A$28,"DAY","Wed")+GETPIVOTDATA("Sum of TOTAL FIELD",'Pivot Table'!$A$40,"DAY","Wed")+GETPIVOTDATA("Sum of TOTAL FIELD",'Pivot Table'!$A$52,"DAY","Wed")+GETPIVOTDATA("Sum of TOTAL FIELD",'Pivot Table'!$A$64,"DAY","Wed")+GETPIVOTDATA("Sum of TOTAL FIELD",'Pivot Table'!$A$76,"DAY","Wed")+GETPIVOTDATA("Sum of TOTAL FIELD",'Pivot Table'!$A$88,"DAY","Wed")+GETPIVOTDATA("Sum of TOTAL FIELD",'Pivot Table'!$A$100,"DAY","Wed")+GETPIVOTDATA("Sum of TOTAL FIELD",'Pivot Table'!$A$112,"DAY","Wed")+GETPIVOTDATA("Sum of TOTAL FIELD",'Pivot Table'!$A$124,"DAY","Wed")+GETPIVOTDATA("Sum of TOTAL FIELD",'Pivot Table'!$A$136,"DAY","Wed") -> 6911 | K8: Total Field | L8: =GETPIVOTDATA("Sum of TOTAL FIELD",'Pivot Table'!$A$4,"DAY","Thu")+GETPIVOTDATA("Sum of TOTAL FIELD",'Pivot Table'!$A$16,"DAY","Thu")+GETPIVOTDATA("Sum of TOTAL FIELD",'Pivot Table'!$A$28,"DAY","Thu")+GETPIVOTDATA("Sum of TOTAL FIELD",'Pivot Table'!$A$40,"DAY","Thu")+GETPIVOTDATA("Sum of TOTAL FIELD",'Pivot Table'!$A$52,"DAY","Thu")+GETPIVOTDATA("Sum of TOTAL FIELD",'Pivot Table'!$A$64,"DAY","Thu")+GETPIVOTDATA("Sum of TOTAL FIELD",'Pivot Table'!$A$76,"DAY","Thu")+GETPIVOTDATA("Sum of TOTAL FIELD",'Pivot Table'!$A$88,"DAY","Thu")+GETPIVOTDATA("Sum of TOTAL FIELD",'Pivot Table'!$A$100,"DAY","Thu")+GETPIVOTDATA("Sum of TOTAL FIELD",'Pivot Table'!$A$112,"DAY","Thu")+GETPIVOTDATA("Sum of TOTAL FIELD",'Pivot Table'!$A$124,"DAY","Thu")+GETPIVOTDATA("Sum of TOTAL FIELD",'Pivot Table'!$A$136,"DAY","Thu") -> 7700 | N8: Total Field | O8: =GETPIVOTDATA("Sum of TOTAL FIELD",'Pivot Table'!$A$4,"DAY","Fri")+GETPIVOTDATA("Sum of TOTAL FIELD",'Pivot Table'!$A$16,"DAY","Fri")+GETPIVOTDATA("Sum of TOTAL FIELD",'Pivot Table'!$A$28,"DAY","Fri")+GETPIVOTDATA("Sum of TOTAL FIELD",'Pivot Table'!$A$40,"DAY","Fri")+GETPIVOTDATA("Sum of TOTAL FIELD",'Pivot Table'!$A$52,"DAY","Fri")+GETPIVOTDATA("Sum of TOTAL FIELD",'Pivot Table'!$A$64,"DAY","Fri")+GETPIVOTDATA("Sum of TOTAL FIELD",'Pivot Table'!$A$76,"DAY","Fri")+GETPIVOTDATA("Sum of TOTAL FIELD",'Pivot Table'!$A$88,"DAY","Fri")+GETPIVOTDATA("Sum of TOTAL FIELD",'Pivot Table'!$A$100,"DAY","Fri")+GETPIVOTDATA("Sum of TOTAL FIELD",'Pivot Table'!$A$112,"DAY","Fri")+GETPIVOTDATA("Sum of TOTAL FIELD",'Pivot Table'!$A$124,"DAY","Fri")+GETPIVOTDATA("Sum of TOTAL FIELD",'Pivot Table'!$A$136,"DAY","Fri") -> 8338 | Q8: Total Field | R8: =GETPIVOTDATA("Sum of TOTAL FIELD",'Pivot Table'!$A$4,"DAY","Sat")+GETPIVOTDATA("Sum of TOTAL FIELD",'Pivot Table'!$A$16,"DAY","Sat")+GETPIVOTDATA("Sum of TOTAL FIELD",'Pivot Table'!$A$28,"DAY","Sat")+GETPIVOTDATA("Sum of TOTAL FIELD",'Pivot Table'!$A$40,"DAY","Sat")+GETPIVOTDATA("Sum of TOTAL FIELD",'Pivot Table'!$A$52,"DAY","Sat")+GETPIVOTDATA("Sum of TOTAL FIELD",'Pivot Table'!$A$64,"DAY","Sat")+GETPIVOTDATA("Sum of TOTAL FIELD",'Pivot Table'!$A$76,"DAY","Sat")+GETPIVOTDATA("Sum of TOTAL FIELD",'Pivot Table'!$A$88,"DAY","Sat")+GETPIVOTDATA("Sum of TOTAL FIELD",'Pivot Table'!$A$100,"DAY","Sat")+GETPIVOTDATA("Sum of TOTAL FIELD",'Pivot Table'!$A$112,"DAY","Sat")+GETPIVOTDATA("Sum of TOTAL FIELD",'Pivot Table'!$A$124,"DAY","Sat")+GETPIVOTDATA("Sum of TOTAL FIELD",'Pivot Table'!$A$136,"DAY","Sat") -> 7620 | T8: Total Field | U8: =GETPIVOTDATA("Sum of TOTAL FIELD",'Pivot Table'!$A$4,"DAY","Sun")+GETPIVOTDATA("Sum of TOTAL FIELD",'Pivot Table'!$A$16,"DAY","Sun")+GETPIVOTDATA("Sum of TOTAL FIELD",'Pivot Table'!$A$28,"DAY","Sun")+GETPIVOTDATA("Sum of TOTAL FIELD",'Pivot Table'!$A$40,"DAY","Sun")+GETPIVOTDATA("Sum of TOTAL FIELD",'Pivot Table'!$A$52,"DAY","Sun")+GETPIVOTDATA("Sum of TOTAL FIELD",'Pivot Table'!$A$64,"DAY","Sun")+GETPIVOTDATA("Sum of TOTAL FIELD",'Pivot Table'!$A$76,"DAY","Sun")+GETPIVOTDATA("Sum of TOTAL FIELD",'Pivot Table'!$A$88,"DAY","Sun")+GETPIVOTDATA("Sum of TOTAL FIELD",'Pivot Table'!$A$100,"DAY","Sun")+GETPIVOTDATA("Sum of TOTAL FIELD",'Pivot Table'!$A$112,"DAY","Sun")+GETPIVOTDATA("Sum of TOTAL FIELD",'Pivot Table'!$A$124,"DAY","Sun")+GETPIVOTDATA("Sum of TOTAL FIELD",'Pivot Table'!$A$136,"DAY","Sun") -> 8118
B9: Guests | C9: =GETPIVOTDATA("Sum of No. GUESTS",'Pivot Table'!$A$4,"DAY","Mon")+GETPIVOTDATA("Sum of No. GUESTS",'Pivot Table'!$A$16,"DAY","Mon")+GETPIVOTDATA("Sum of No. GUESTS",'Pivot Table'!$A$28,"DAY","Mon")+GETPIVOTDATA("Sum of No. GUESTS",'Pivot Table'!$A$40,"DAY","Mon")+GETPIVOTDATA("Sum of No. GUESTS",'Pivot Table'!$A$52,"DAY","Mon")+GETPIVOTDATA("Sum of No. GUESTS",'Pivot Table'!$A$64,"DAY","Mon")+GETPIVOTDATA("Sum of No. GUESTS",'Pivot Table'!$A$76,"DAY","Mon")+GETPIVOTDATA("Sum of No. GUESTS",'Pivot Table'!$A$88,"DAY","Mon")+GETPIVOTDATA("Sum of No. GUESTS",'Pivot Table'!$A$100,"DAY","Mon")+GETPIVOTDATA("Sum of No. GUESTS",'Pivot Table'!$A$112,"DAY","Mon")+GETPIVOTDATA("Sum of No. GUESTS",'Pivot Table'!$A$124,"DAY","Mon")+GETPIVOTDATA("Sum of No. GUESTS",'Pivot Table'!$A$136,"DAY","Mon") -> 1467 | E9: Guests | F9: =GETPIVOTDATA("Sum of No. GUESTS",'Pivot Table'!$A$4,"DAY","Tue")+GETPIVOTDATA("Sum of No. GUESTS",'Pivot Table'!$A$16,"DAY","Tue")+GETPIVOTDATA("Sum of No. GUESTS",'Pivot Table'!$A$28,"DAY","Tue")+GETPIVOTDATA("Sum of No. GUESTS",'Pivot Table'!$A$40,"DAY","Tue")+GETPIVOTDATA("Sum of No. GUESTS",'Pivot Table'!$A$52,"DAY","Tue")+GETPIVOTDATA("Sum of No. GUESTS",'Pivot Table'!$A$64,"DAY","Tue")+GETPIVOTDATA("Sum of No. GUESTS",'Pivot Table'!$A$76,"DAY","Tue")+GETPIVOTDATA("Sum of No. GUESTS",'Pivot Table'!$A$88,"DAY","Tue")+GETPIVOTDATA("Sum of No. GUESTS",'Pivot Table'!$A$100,"DAY","Tue")+GETPIVOTDATA("Sum of No. GUESTS",'Pivot Table'!$A$112,"DAY","Tue")+GETPIVOTDATA("Sum of No. GUESTS",'Pivot Table'!$A$124,"DAY","Tue")+GETPIVOTDATA("Sum of No. GUESTS",'Pivot Table'!$A$136,"DAY","Tue") -> 316 | H9: Guests | I9: =GETPIVOTDATA("Sum of No. GUESTS",'Pivot Table'!$A$4,"DAY","Wed")+GETPIVOTDATA("Sum of No. GUESTS",'Pivot Table'!$A$16,"DAY","Wed")+GETPIVOTDATA("Sum of No. GUESTS",'Pivot Table'!$A$28,"DAY","Wed")+GETPIVOTDATA("Sum of No. GUESTS",'Pivot Table'!$A$40,"DAY","Wed")+GETPIVOTDATA("Sum of No. GUESTS",'Pivot Table'!$A$52,"DAY","Wed")+GETPIVOTDATA("Sum of No. GUESTS",'Pivot Table'!$A$64,"DAY","Wed")+GETPIVOTDATA("Sum of No. GUESTS",'Pivot Table'!$A$76,"DAY","Wed")+GETPIVOTDATA("Sum of No. GUESTS",'Pivot Table'!$A$88,"DAY","Wed")+GETPIVOTDATA("Sum of No. GUESTS",'Pivot Table'!$A$100,"DAY","Wed")+GETPIVOTDATA("Sum of No. GUESTS",'Pivot Table'!$A$112,"DAY","Wed")+GETPIVOTDATA("Sum of No. GUESTS",'Pivot Table'!$A$124,"DAY","Wed")+GETPIVOTDATA("Sum of No. GUESTS",'Pivot Table'!$A$136,"DAY","Wed") -> 3507 | K9: Guests | L9: =GETPIVOTDATA("Sum of No. GUESTS",'Pivot Table'!$A$4,"DAY","Thu")+GETPIVOTDATA("Sum of No. GUESTS",'Pivot Table'!$A$16,"DAY","Thu")+GETPIVOTDATA("Sum of No. GUESTS",'Pivot Table'!$A$28,"DAY","Thu")+GETPIVOTDATA("Sum of No. GUESTS",'Pivot Table'!$A$40,"DAY","Thu")+GETPIVOTDATA("Sum of No. GUESTS",'Pivot Table'!$A$52,"DAY","Thu")+GETPIVOTDATA("Sum of No. GUESTS",'Pivot Table'!$A$64,"DAY","Thu")+GETPIVOTDATA("Sum of No. GUESTS",'Pivot Table'!$A$76,"DAY","Thu")+GETPIVOTDATA("Sum of No. GUESTS",'Pivot Table'!$A$88,"DAY","Thu")+GETPIVOTDATA("Sum of No. GUESTS",'Pivot Table'!$A$100,"DAY","Thu")+GETPIVOTDATA("Sum of No. GUESTS",'Pivot Table'!$A$112,"DAY","Thu")+GETPIVOTDATA("Sum of No. GUESTS",'Pivot Table'!$A$124,"DAY","Thu")+GETPIVOTDATA("Sum of No. GUESTS",'Pivot Table'!$A$136,"DAY","Thu") -> 100 | N9: Guests | O9: =GETPIVOTDATA("Sum of No. GUESTS",'Pivot Table'!$A$4,"DAY","Fri")+GETPIVOTDATA("Sum of No. GUESTS",'Pivot Table'!$A$16,"DAY","Fri")+GETPIVOTDATA("Sum of No. GUESTS",'Pivot Table'!$A$28,"DAY","Fri")+GETPIVOTDATA("Sum of No. GUESTS",'Pivot Table'!$A$40,"DAY","Fri")+GETPIVOTDATA("Sum of No. GUESTS",'Pivot Table'!$A$52,"DAY","Fri")+GETPIVOTDATA("Sum of No. GUESTS",'Pivot Table'!$A$64,"DAY","Fri")+GETPIVOTDATA("Sum of No. GUESTS",'Pivot Table'!$A$76,"DAY","Fri")+GETPIVOTDATA("Sum of No. GUESTS",'Pivot Table'!$A$88,"DAY","Fri")+GETPIVOTDATA("Sum of No. GUESTS",'Pivot Table'!$A$100,"DAY","Fri")+GETPIVOTDATA("Sum of No. GUESTS",'Pivot Table'!$A$112,"DAY","Fri")+GETPIVOTDATA("Sum of No. GUESTS",'Pivot Table'!$A$124,"DAY","Fri")+GETPIVOTDATA("Sum of No. GUESTS",'Pivot Table'!$A$136,"DAY","Fri") -> 2599 | Q9: Guests | R9: =GETPIVOTDATA("Sum of No. GUESTS",'Pivot Table'!$A$4,"DAY","Sat")+GETPIVOTDATA("Sum of No. GUESTS",'Pivot Table'!$A$16,"DAY","Sat")+GETPIVOTDATA("Sum of No. GUESTS",'Pivot Table'!$A$28,"DAY","Sat")+GETPIVOTDATA("Sum of No. GUESTS",'Pivot Table'!$A$40,"DAY","Sat")+GETPIVOTDATA("Sum of No. GUESTS",'Pivot Table'!$A$52,"DAY","Sat")+GETPIVOTDATA("Sum of No. GUESTS",'Pivot Table'!$A$64,"DAY","Sat")+GETPIVOTDATA("Sum of No. GUESTS",'Pivot Table'!$A$76,"DAY","Sat")+GETPIVOTDATA("Sum of No. GUESTS",'Pivot Table'!$A$88,"DAY","Sat")+GETPIVOTDATA("Sum of No. GUESTS",'Pivot Table'!$A$100,"DAY","Sat")+GETPIVOTDATA("Sum of No. GUESTS",'Pivot Table'!$A$112,"DAY","Sat")+GETPIVOTDATA("Sum of No. GUESTS",'Pivot Table'!$A$124,"DAY","Sat")+GETPIVOTDATA("Sum of No. GUESTS",'Pivot Table'!$A$136,"DAY","Sat") -> 220 | T9: Guests | U9: =GETPIVOTDATA("Sum of No. GUESTS",'Pivot Table'!$A$4,"DAY","Sun")+GETPIVOTDATA("Sum of No. GUESTS",'Pivot Table'!$A$16,"DAY","Sun")+GETPIVOTDATA("Sum of No. GUESTS",'Pivot Table'!$A$28,"DAY","Sun")+GETPIVOTDATA("Sum of No. GUESTS",'Pivot Table'!$A$40,"DAY","Sun")+GETPIVOTDATA("Sum of No. GUESTS",'Pivot Table'!$A$52,"DAY","Sun")+GETPIVOTDATA("Sum of No. GUESTS",'Pivot Table'!$A$64,"DAY","Sun")+GETPIVOTDATA("Sum of No. GUESTS",'Pivot Table'!$A$76,"DAY","Sun")+GETPIVOTDATA("Sum of No. GUESTS",'Pivot Table'!$A$88,"DAY","Sun")+GETPIVOTDATA("Sum of No. GUESTS",'Pivot Table'!$A$100,"DAY","Sun")+GETPIVOTDATA("Sum of No. GUESTS",'Pivot Table'!$A$112,"DAY","Sun")+GETPIVOTDATA("Sum of No. GUESTS",'Pivot Table'!$A$124,"DAY","Sun")+GETPIVOTDATA("Sum of No. GUESTS",'Pivot Table'!$A$136,"DAY","Sun") -> 1368
B10: Member / Guest Ratio | C10: =SUM(C9/C8) -> 0.25923308 | E10: Member / Guest Ratio | F10: =SUM(F9/F8) -> 0.053970965 | H10: Member / Guest Ratio | I10: =SUM(I9/I8) -> 0.50745189 | K10: Member / Guest Ratio | L10: =SUM(L9/L8) -> 0.012987013 | N10: Member / Guest Ratio | O10: =SUM(O9/O8) -> 0.31170544 | Q10: Member / Guest Ratio | R10: =SUM(R9/R8) -> 0.028871391 | T10: Member / Guest Ratio | U10: =SUM(U9/U8) -> 0.16851441
B11: Member Play | C11: =H25 -> 0 | E11: Member Play | F11: =GETPIVOTDATA("Sum of MEMBER",'Pivot Table'!$A$4,"DAY","Tue")+GETPIVOTDATA("Sum of MEMBER",'Pivot Table'!$A$16,"DAY","Tue")+GETPIVOTDATA("Sum of MEMBER",'Pivot Table'!$A$28,"DAY","Tue")+GETPIVOTDATA("Sum of MEMBER",'Pivot Table'!$A$40,"DAY","Tue")+GETPIVOTDATA("Sum of MEMBER",'Pivot Table'!$A$52,"DAY","Tue")+GETPIVOTDATA("Sum of MEMBER",'Pivot Table'!$A$64,"DAY","Tue")+GETPIVOTDATA("Sum of MEMBER",'Pivot Table'!$A$76,"DAY","Tue")+GETPIVOTDATA("Sum of MEMBER",'Pivot Table'!$A$88,"DAY","Tue")+GETPIVOTDATA("Sum of MEMBER",'Pivot Table'!$A$100,"DAY","Tue")+GETPIVOTDATA("Sum of MEMBER",'Pivot Table'!$A$112,"DAY","Tue")+GETPIVOTDATA("Sum of MEMBER",'Pivot Table'!$A$124,"DAY","Tue")+GETPIVOTDATA("Sum of MEMBER",'Pivot Table'!$A$136,"DAY","Tue") -> 5506 | H11: Member Play | I11: =GETPIVOTDATA("Sum of MEMBER",'Pivot Table'!$A$4,"DAY","Wed")+GETPIVOTDATA("Sum of MEMBER",'Pivot Table'!$A$16,"DAY","Wed")+GETPIVOTDATA("Sum of MEMBER",'Pivot Table'!$A$28,"DAY","Wed")+GETPIVOTDATA("Sum of MEMBER",'Pivot Table'!$A$40,"DAY","Wed")+GETPIVOTDATA("Sum of MEMBER",'Pivot Table'!$A$52,"DAY","Wed")+GETPIVOTDATA("Sum of MEMBER",'Pivot Table'!$A$64,"DAY","Wed")+GETPIVOTDATA("Sum of MEMBER",'Pivot Table'!$A$76,"DAY","Wed")+GETPIVOTDATA("Sum of MEMBER",'Pivot Table'!$A$88,"DAY","Wed")+GETPIVOTDATA("Sum of MEMBER",'Pivot Table'!$A$100,"DAY","Wed")+GETPIVOTDATA("Sum of MEMBER",'Pivot Table'!$A$112,"DAY","Wed")+GETPIVOTDATA("Sum of MEMBER",'Pivot Table'!$A$124,"DAY","Wed")+GETPIVOTDATA("Sum of MEMBER",'Pivot Table'!$A$136,"DAY","Wed") -> 3384 | K11: Member Play | L11: =GETPIVOTDATA("Sum of MEMBER",'Pivot Table'!$A$4,"DAY","Thu")+GETPIVOTDATA("Sum of MEMBER",'Pivot Table'!$A$16,"DAY","Thu")++GETPIVOTDATA("Sum of MEMBER",'Pivot Table'!$A$28,"DAY","Thu")+GETPIVOTDATA("Sum of MEMBER",'Pivot Table'!$A$40,"DAY","Thu")+GETPIVOTDATA("Sum of MEMBER",'Pivot Table'!$A$52,"DAY","Thu")+GETPIVOTDATA("Sum of MEMBER",'Pivot Table'!$A$64,"DAY","Thu")+GETPIVOTDATA("Sum of MEMBER",'Pivot Table'!$A$76,"DAY","Thu")+GETPIVOTDATA("Sum of MEMBER",'Pivot Table'!$A$88,"DAY","Thu")+GETPIVOTDATA("Sum of MEMBER",'Pivot Table'!$A$100,"DAY","Thu")+GETPIVOTDATA("Sum of MEMBER",'Pivot Table'!$A$112,"DAY","Thu")+GETPIVOTDATA("Sum of MEMBER",'Pivot Table'!$A$124,"DAY","Thu")+GETPIVOTDATA("Sum of MEMBER",'Pivot Table'!$A$136,"DAY","Thu") -> 7571 | N11: Member Play | O11: =GETPIVOTDATA("Sum of MEMBER",'Pivot Table'!$A$4,"DAY","Fri")+GETPIVOTDATA("Sum of MEMBER",'Pivot Table'!$A$16,"DAY","Fri")+GETPIVOTDATA("Sum of MEMBER",'Pivot Table'!$A$28,"DAY","Fri")+GETPIVOTDATA("Sum of MEMBER",'Pivot Table'!$A$40,"DAY","Fri")+GETPIVOTDATA("Sum of MEMBER",'Pivot Table'!$A$52,"DAY","Fri")+GETPIVOTDATA("Sum of MEMBER",'Pivot Table'!$A$64,"DAY","Fri")+GETPIVOTDATA("Sum of MEMBER",'Pivot Table'!$A$76,"DAY","Fri")+GETPIVOTDATA("Sum of MEMBER",'Pivot Table'!$A$88,"DAY","Fri")+GETPIVOTDATA("Sum of MEMBER",'Pivot Table'!$A$100,"DAY","Fri")+GETPIVOTDATA("Sum of MEMBER",'Pivot Table'!$A$112,"DAY","Fri")+GETPIVOTDATA("Sum of MEMBER",'Pivot Table'!$A$124,"DAY","Fri")+GETPIVOTDATA("Sum of MEMBER",'Pivot Table'!$A$136,"DAY","Fri") -> 5684 | Q11: Member Play | R11: =GETPIVOTDATA("Sum of MEMBER",'Pivot Table'!$A$4,"DAY","Sat")+GETPIVOTDATA("Sum of MEMBER",'Pivot Table'!$A$16,"DAY","Sat")+GETPIVOTDATA("Sum of MEMBER",'Pivot Table'!$A$28,"DAY","Sat")+GETPIVOTDATA("Sum of MEMBER",'Pivot Table'!$A$40,"DAY","Sat")+GETPIVOTDATA("Sum of MEMBER",'Pivot Table'!$A$52,"DAY","Sat")+GETPIVOTDATA("Sum of MEMBER",'Pivot Table'!$A$64,"DAY","Sat")+GETPIVOTDATA("Sum of MEMBER",'Pivot Table'!$A$76,"DAY","Sat")+GETPIVOTDATA("Sum of MEMBER",'Pivot Table'!$A$88,"DAY","Sat")+GETPIVOTDATA("Sum of MEMBER",'Pivot Table'!$A$100,"DAY","Sat")+GETPIVOTDATA("Sum of MEMBER",'Pivot Table'!$A$112,"DAY","Sat")+GETPIVOTDATA("Sum of MEMBER",'Pivot Table'!$A$124,"DAY","Sat")+GETPIVOTDATA("Sum of MEMBER",'Pivot Table'!$A$136,"DAY","Sat") -> 7386 | T11: Member Play | U11: =GETPIVOTDATA("Sum of MEMBER",'Pivot Table'!$A$4,"DAY","Sun")+GETPIVOTDATA("Sum of MEMBER",'Pivot Table'!$A$16,"DAY","Sun")+GETPIVOTDATA("Sum of MEMBER",'Pivot Table'!$A$28,"DAY","Sun")+GETPIVOTDATA("Sum of MEMBER",'Pivot Table'!$A$40,"DAY","Sun")+GETPIVOTDATA("Sum of MEMBER",'Pivot Table'!$A$52,"DAY","Sun")+GETPIVOTDATA("Sum of MEMBER",'Pivot Table'!$A$64,"DAY","Sun")+GETPIVOTDATA("Sum of MEMBER",'Pivot Table'!$A$76,"DAY","Sun")+GETPIVOTDATA("Sum of MEMBER",'Pivot Table'!$A$88,"DAY","Sun")+GETPIVOTDATA("Sum of MEMBER",'Pivot Table'!$A$100,"DAY","Sun")+GETPIVOTDATA("Sum of MEMBER",'Pivot Table'!$A$112,"DAY","Sun")+GETPIVOTDATA("Sum of MEMBER",'Pivot Table'!$A$124,"DAY","Sun")+GETPIVOTDATA("Sum of MEMBER",'Pivot Table'!$A$136,"DAY","Sun") -> 6702
B12: Manger Intro | C12: =GETPIVOTDATA("Sum of MANAGER INTRO",'Pivot Table'!$A$4,"DAY","Mon")+GETPIVOTDATA("Sum of MANAGER INTRO",'Pivot Table'!$A$16,"DAY","Mon")+GETPIVOTDATA("Sum of MANAGER INTRO",'Pivot Table'!$A$28,"DAY","Mon")+GETPIVOTDATA("Sum of MANAGER INTRO",'Pivot Table'!$A$40,"DAY","Mon")+GETPIVOTDATA("Sum of MANAGER INTRO",'Pivot Table'!$A$52,"DAY","Mon")+GETPIVOTDATA("Sum of MANAGER INTRO",'Pivot Table'!$A$64,"DAY","Mon")+GETPIVOTDATA("Sum of MANAGER INTRO",'Pivot Table'!$A$76,"DAY","Mon")+GETPIVOTDATA("Sum of MANAGER INTRO",'Pivot Table'!$A$88,"DAY","Mon")+GETPIVOTDATA("Sum of MANAGER INTRO",'Pivot Table'!$A$100,"DAY","Mon")+GETPIVOTDATA("Sum of MANAGER INTRO",'Pivot Table'!$A$112,"DAY","Mon")+GETPIVOTDATA("Sum of MANAGER INTRO",'Pivot Table'!$A$124,"DAY","Mon")+GETPIVOTDATA("Sum of MANAGER INTRO",'Pivot Table'!$A$136,"DAY","Mon") -> 29 | E12: Manger Intro | F12: =GETPIVOTDATA("Sum of MANAGER INTRO",'Pivot Table'!$A$4,"DAY","Tue")+GETPIVOTDATA("Sum of MANAGER INTRO",'Pivot Table'!$A$16,"DAY","Tue")+GETPIVOTDATA("Sum of MANAGER INTRO",'Pivot Table'!$A$28,"DAY","Tue")+GETPIVOTDATA("Sum of MANAGER INTRO",'Pivot Table'!$A$40,"DAY","Tue")+GETPIVOTDATA("Sum of MANAGER INTRO",'Pivot Table'!$A$52,"DAY","Tue")+GETPIVOTDATA("Sum of MANAGER INTRO",'Pivot Table'!$A$64,"DAY","Tue")+GETPIVOTDATA("Sum of MANAGER INTRO",'Pivot Table'!$A$76,"DAY","Tue")+GETPIVOTDATA("Sum of MANAGER INTRO",'Pivot Table'!$A$88,"DAY","Tue")+GETPIVOTDATA("Sum of MANAGER INTRO",'Pivot Table'!$A$100,"DAY","Tue")+GETPIVOTDATA("Sum of MANAGER INTRO",'Pivot Table'!$A$112,"DAY","Tue")+GETPIVOTDATA("Sum of MANAGER INTRO",'Pivot Table'!$A$124,"DAY","Tue")+GETPIVOTDATA("Sum of MANAGER INTRO",'Pivot Table'!$A$136,"DAY","Tue") -> 0 | H12: Manger Intro | I12: =GETPIVOTDATA("Sum of MANAGER INTRO",'Pivot Table'!$A$4,"DAY","Wed")+GETPIVOTDATA("Sum of MANAGER INTRO",'Pivot Table'!$A$16,"DAY","Wed")+GETPIVOTDATA("Sum of MANAGER INTRO",'Pivot Table'!$A$28,"DAY","Wed")+GETPIVOTDATA("Sum of MANAGER INTRO",'Pivot Table'!$A$40,"DAY","Wed")+GETPIVOTDATA("Sum of MANAGER INTRO",'Pivot Table'!$A$52,"DAY","Wed")+GETPIVOTDATA("Sum of MANAGER INTRO",'Pivot Table'!$A$64,"DAY","Wed")+GETPIVOTDATA("Sum of MANAGER INTRO",'Pivot Table'!$A$76,"DAY","Wed")+GETPIVOTDATA("Sum of MANAGER INTRO",'Pivot Table'!$A$88,"DAY","Wed")+GETPIVOTDATA("Sum of MANAGER INTRO",'Pivot Table'!$A$100,"DAY","Wed")+GETPIVOTDATA("Sum of MANAGER INTRO",'Pivot Table'!$A$112,"DAY","Wed")+GETPIVOTDATA("Sum of MANAGER INTRO",'Pivot Table'!$A$124,"DAY","Wed")+GETPIVOTDATA("Sum of MANAGER INTRO",'Pivot Table'!$A$136,"DAY","Wed") -> 47 | K12: Manger Intro | L12: =GETPIVOTDATA("Sum of MANAGER INTRO",'Pivot Table'!$A$4,"DAY","Thu")+GETPIVOTDATA("Sum of MANAGER INTRO",'Pivot Table'!$A$16,"DAY","Thu")+GETPIVOTDATA("Sum of MANAGER INTRO",'Pivot Table'!$A$28,"DAY","Thu")+GETPIVOTDATA("Sum of MANAGER INTRO",'Pivot Table'!$A$40,"DAY","Thu")+GETPIVOTDATA("Sum of MANAGER INTRO",'Pivot Table'!$A$52,"DAY","Thu")+GETPIVOTDATA("Sum of MANAGER INTRO",'Pivot Table'!$A$64,"DAY","Thu")+GETPIVOTDATA("Sum of MANAGER INTRO",'Pivot Table'!$A$76,"DAY","Thu")+GETPIVOTDATA("Sum of MANAGER INTRO",'Pivot Table'!$A$88,"DAY","Thu")+GETPIVOTDATA("Sum of MANAGER INTRO",'Pivot Table'!$A$100,"DAY","Thu")+GETPIVOTDATA("Sum of MANAGER INTRO",'Pivot Table'!$A$112,"DAY","Thu")+GETPIVOTDATA("Sum of MANAGER INTRO",'Pivot Table'!$A$124,"DAY","Thu")+GETPIVOTDATA("Sum of MANAGER INTRO",'Pivot Table'!$A$136,"DAY","Thu") -> 4 | N12: Manger Intro | O12: =GETPIVOTDATA("Sum of MANAGER INTRO",'Pivot Table'!$A$4,"DAY","Fri")+GETPIVOTDATA("Sum of MANAGER INTRO",'Pivot Table'!$A$16,"DAY","Fri")+GETPIVOTDATA("Sum of MANAGER INTRO",'Pivot Table'!$A$28,"DAY","Fri")+GETPIVOTDATA("Sum of MANAGER INTRO",'Pivot Table'!$A$40,"DAY","Fri")+GETPIVOTDATA("Sum of MANAGER INTRO",'Pivot Table'!$A$52,"DAY","Fri")+GETPIVOTDATA("Sum of MANAGER INTRO",'Pivot Table'!$A$64,"DAY","Fri")+GETPIVOTDATA("Sum of MANAGER INTRO",'Pivot Table'!$A$76,"DAY","Fri")+GETPIVOTDATA("Sum of MANAGER INTRO",'Pivot Table'!$A$88,"DAY","Fri")+GETPIVOTDATA("Sum of MANAGER INTRO",'Pivot Table'!$A$100,"DAY","Fri")+GETPIVOTDATA("Sum of MANAGER INTRO",'Pivot Table'!$A$112,"DAY","Fri")+GETPIVOTDATA("Sum of MANAGER INTRO",'Pivot Table'!$A$124,"DAY","Fri")+GETPIVOTDATA("Sum of MANAGER INTRO",'Pivot Table'!$A$136,"DAY","Fri") -> 66 | Q12: Manger Intro | R12: =GETPIVOTDATA("Sum of MANAGER INTRO",'Pivot Table'!$A$4,"DAY","Sat")+GETPIVOTDATA("Sum of MANAGER INTRO",'Pivot Table'!$A$16,"DAY","Sat")+GETPIVOTDATA("Sum of MANAGER INTRO",'Pivot Table'!$A$28,"DAY","Sat")+GETPIVOTDATA("Sum of MANAGER INTRO",'Pivot Table'!$A$40,"DAY","Sat")+GETPIVOTDATA("Sum of MANAGER INTRO",'Pivot Table'!$A$52,"DAY","Sat")+GETPIVOTDATA("Sum of MANAGER INTRO",'Pivot Table'!$A$64,"DAY","Sat")++GETPIVOTDATA("Sum of MANAGER INTRO",'Pivot Table'!$A$76,"DAY","Sat")+GETPIVOTDATA("Sum of MANAGER INTRO",'Pivot Table'!$A$88,"DAY","Sat")+GETPIVOTDATA("Sum of MANAGER INTRO",'Pivot Table'!$A$100,"DAY","Sat")+GETPIVOTDATA("Sum of MANAGER INTRO",'Pivot Table'!$A$112,"DAY","Sat")+GETPIVOTDATA("Sum of MANAGER INTRO",'Pivot Table'!$A$124,"DAY","Sat")+GETPIVOTDATA("Sum of MANAGER INTRO",'Pivot Table'!$A$136,"DAY","Sat") -> 0 | T12: Manger Intro | U12: =GETPIVOTDATA("Sum of MANAGER INTRO",'Pivot Table'!$A$4,"DAY","Sun")+GETPIVOTDATA("Sum of MANAGER INTRO",'Pivot Table'!$A$16,"DAY","Sun")+GETPIVOTDATA("Sum of MANAGER INTRO",'Pivot Table'!$A$28,"DAY","Sun")+GETPIVOTDATA("Sum of MANAGER INTRO",'Pivot Table'!$A$40,"DAY","Sun")+GETPIVOTDATA("Sum of MANAGER INTRO",'Pivot Table'!$A$52,"DAY","Sun")+GETPIVOTDATA("Sum of MANAGER INTRO",'Pivot Table'!$A$64,"DAY","Sun")+GETPIVOTDATA("Sum of MANAGER INTRO",'Pivot Table'!$A$76,"DAY","Sun")+GETPIVOTDATA("Sum of MANAGER INTRO",'Pivot Table'!$A$88,"DAY","Sun")+GETPIVOTDATA("Sum of MANAGER INTRO",'Pivot Table'!$A$100,"DAY","Sun")+GETPIVOTDATA("Sum of MANAGER INTRO",'Pivot Table'!$A$112,"DAY","Sun")+GETPIVOTDATA("Sum of MANAGER INTRO",'Pivot Table'!$A$124,"DAY","Sun")+GETPIVOTDATA("Sum of MANAGER INTRO",'Pivot Table'!$A$136,"DAY","Sun") -> 45
B13: Interstate | C13: =GETPIVOTDATA("Sum of INTERSTATE",'Pivot Table'!$A$4,"DAY","Mon")+GETPIVOTDATA("Sum of INTERSTATE",'Pivot Table'!$A$16,"DAY","Mon")+GETPIVOTDATA("Sum of INTERSTATE",'Pivot Table'!$A$28,"DAY","Mon")+GETPIVOTDATA("Sum of INTERSTATE",'Pivot Table'!$A$40,"DAY","Mon")+GETPIVOTDATA("Sum of INTERSTATE",'Pivot Table'!$A$52,"DAY","Mon")+GETPIVOTDATA("Sum of INTERSTATE",'Pivot Table'!$A$64,"DAY","Mon")+GETPIVOTDATA("Sum of INTERSTATE",'Pivot Table'!$A$76,"DAY","Mon")+GETPIVOTDATA("Sum of INTERSTATE",'Pivot Table'!$A$88,"DAY","Mon")+GETPIVOTDATA("Sum of INTERSTATE",'Pivot Table'!$A$100,"DAY","Mon")+GETPIVOTDATA("Sum of INTERSTATE",'Pivot Table'!$A$112,"DAY","Mon")+GETPIVOTDATA("Sum of INTERSTATE",'Pivot Table'!$A$124,"DAY","Mon")+GETPIVOTDATA("Sum of INTERSTATE",'Pivot Table'!$A$136,"DAY","Mon") -> 39 | E13: Interstate | F13: =GETPIVOTDATA("Sum of INTERSTATE",'Pivot Table'!$A$4,"DAY","Tue")+GETPIVOTDATA("Sum of INTERSTATE",'Pivot Table'!$A$16,"DAY","Tue")+GETPIVOTDATA("Sum of INTERSTATE",'Pivot Table'!$A$28,"DAY","Tue")+GETPIVOTDATA("Sum of INTERSTATE",'Pivot Table'!$A$40,"DAY","Tue")+GETPIVOTDATA("Sum of INTERSTATE",'Pivot Table'!$A$52,"DAY","Tue")+GETPIVOTDATA("Sum of INTERSTATE",'Pivot Table'!$A$64,"DAY","Tue")+GETPIVOTDATA("Sum of INTERSTATE",'Pivot Table'!$A$76,"DAY","Tue")+GETPIVOTDATA("Sum of INTERSTATE",'Pivot Table'!$A$88,"DAY","Tue")+GETPIVOTDATA("Sum of INTERSTATE",'Pivot Table'!$A$100,"DAY","Tue")+GETPIVOTDATA("Sum of INTERSTATE",'Pivot Table'!$A$112,"DAY","Tue")+GETPIVOTDATA("Sum of INTERSTATE",'Pivot Table'!$A$124,"DAY","Tue")+GETPIVOTDATA("Sum of INTERSTATE",'Pivot Table'!$A$136,"DAY","Tue") -> 0 | H13: Interstate | I13: =GETPIVOTDATA("Sum of INTERSTATE",'Pivot Table'!$A$4,"DAY","Wed")+GETPIVOTDATA("Sum of INTERSTATE",'Pivot Table'!$A$16,"DAY","Wed")+GETPIVOTDATA("Sum of INTERSTATE",'Pivot Table'!$A$28,"DAY","Wed")+GETPIVOTDATA("Sum of INTERSTATE",'Pivot Table'!$A$40,"DAY","Wed")+GETPIVOTDATA("Sum of INTERSTATE",'Pivot Table'!$A$52,"DAY","Wed")+GETPIVOTDATA("Sum of INTERSTATE",'Pivot Table'!$A$64,"DAY","Wed")+GETPIVOTDATA("Sum of INTERSTATE",'Pivot Table'!$A$76,"DAY","Wed")+GETPIVOTDATA("Sum of INTERSTATE",'Pivot Table'!$A$88,"DAY","Wed")+GETPIVOTDATA("Sum of INTERSTATE",'Pivot Table'!$A$100,"DAY","Wed")+GETPIVOTDATA("Sum of INTERSTATE",'Pivot Table'!$A$112,"DAY","Wed")+GETPIVOTDATA("Sum of INTERSTATE",'Pivot Table'!$A$124,"DAY","Wed")+GETPIVOTDATA("Sum of INTERSTATE",'Pivot Table'!$A$136,"DAY","Wed") -> 57 | K13: Interstate | L13: =GETPIVOTDATA("Sum of INTERSTATE",'Pivot Table'!$A$4,"DAY","Thu")+GETPIVOTDATA("Sum of INTERSTATE",'Pivot Table'!$A$16,"DAY","Thu")+GETPIVOTDATA("Sum of INTERSTATE",'Pivot Table'!$A$28,"DAY","Thu")+GETPIVOTDATA("Sum of INTERSTATE",'Pivot Table'!$A$40,"DAY","Thu")+GETPIVOTDATA("Sum of INTERSTATE",'Pivot Table'!$A$52,"DAY","Thu")+GETPIVOTDATA("Sum of INTERSTATE",'Pivot Table'!$A$64,"DAY","Thu")+GETPIVOTDATA("Sum of INTERSTATE",'Pivot Table'!$A$76,"DAY","Thu")+GETPIVOTDATA("Sum of INTERSTATE",'Pivot Table'!$A$88,"DAY","Thu")+GETPIVOTDATA("Sum of INTERSTATE",'Pivot Table'!$A$100,"DAY","Thu")+GETPIVOTDATA("Sum of INTERSTATE",'Pivot Table'!$A$112,"DAY","Thu")+GETPIVOTDATA("Sum of INTERSTATE",'Pivot Table'!$A$124,"DAY","Thu")+GETPIVOTDATA("Sum of INTERSTATE",'Pivot Table'!$A$136,"DAY","Thu") -> 2 | N13: Interstate | O13: =GETPIVOTDATA("Sum of INTERSTATE",'Pivot Table'!$A$4,"DAY","Fri")+GETPIVOTDATA("Sum of INTERSTATE",'Pivot Table'!$A$16,"DAY","Fri")+GETPIVOTDATA("Sum of INTERSTATE",'Pivot Table'!$A$28,"DAY","Fri")+GETPIVOTDATA("Sum of INTERSTATE",'Pivot Table'!$A$40,"DAY","Fri")+GETPIVOTDATA("Sum of INTERSTATE",'Pivot Table'!$A$52,"DAY","Fri")+GETPIVOTDATA("Sum of INTERSTATE",'Pivot Table'!$A$64,"DAY","Fri")+GETPIVOTDATA("Sum of INTERSTATE",'Pivot Table'!$A$76,"DAY","Fri")+GETPIVOTDATA("Sum of INTERSTATE",'Pivot Table'!$A$88,"DAY","Fri")+GETPIVOTDATA("Sum of INTERSTATE",'Pivot Table'!$A$100,"DAY","Fri")+GETPIVOTDATA("Sum of INTERSTATE",'Pivot Table'!$A$112,"DAY","Fri")+GETPIVOTDATA("Sum of INTERSTATE",'Pivot Table'!$A$124,"DAY","Fri")+GETPIVOTDATA("Sum of INTERSTATE",'Pivot Table'!$A$136,"DAY","Fri") -> 48 | Q13: Interstate | R13: =GETPIVOTDATA("Sum of INTERSTATE",'Pivot Table'!$A$4,"DAY","Sat")+GETPIVOTDATA("Sum of INTERSTATE",'Pivot Table'!$A$16,"DAY","Sat")+GETPIVOTDATA("Sum of INTERSTATE",'Pivot Table'!$A$28,"DAY","Sat")+GETPIVOTDATA("Sum of INTERSTATE",'Pivot Table'!$A$40,"DAY","Sat")+GETPIVOTDATA("Sum of INTERSTATE",'Pivot Table'!$A$52,"DAY","Sat")+GETPIVOTDATA("Sum of INTERSTATE",'Pivot Table'!$A$64,"DAY","Sat")+GETPIVOTDATA("Sum of INTERSTATE",'Pivot Table'!$A$76,"DAY","Sat")+GETPIVOTDATA("Sum of INTERSTATE",'Pivot Table'!$A$88,"DAY","Sat")+GETPIVOTDATA("Sum of INTERSTATE",'Pivot Table'!$A$100,"DAY","Sat")+GETPIVOTDATA("Sum of INTERSTATE",'Pivot Table'!$A$112,"DAY","Sat")+GETPIVOTDATA("Sum of INTERSTATE",'Pivot Table'!$A$124,"DAY","Sat")+GETPIVOTDATA("Sum of INTERSTATE",'Pivot Table'!$A$136,"DAY","Sat") -> 0 | T13: Interstate | U13: =GETPIVOTDATA("Sum of INTERSTATE",'Pivot Table'!$A$4,"DAY","Sun")+GETPIVOTDATA("Sum of INTERSTATE",'Pivot Table'!$A$16,"DAY","Sun")+GETPIVOTDATA("Sum of INTERSTATE",'Pivot Table'!$A$28,"DAY","Sun")+GETPIVOTDATA("Sum of INTERSTATE",'Pivot Table'!$A$40,"DAY","Sun")+GETPIVOTDATA("Sum of INTERSTATE",'Pivot Table'!$A$52,"DAY","Sun")+GETPIVOTDATA("Sum of INTERSTATE",'Pivot Table'!$A$64,"DAY","Sun")+GETPIVOTDATA("Sum of INTERSTATE",'Pivot Table'!$A$76,"DAY","Sun")+GETPIVOTDATA("Sum of INTERSTATE",'Pivot Table'!$A$88,"DAY","Sun")+GETPIVOTDATA("Sum of INTERSTATE",'Pivot Table'!$A$100,"DAY","Sun")+GETPIVOTDATA("Sum of INTERSTATE",'Pivot Table'!$A$112,"DAY","Sun")+GETPIVOTDATA("Sum of INTERSTATE",'Pivot Table'!$A$124,"DAY","Sun")+GETPIVOTDATA("Sum of INTERSTATE",'Pivot Table'!$A$136,"DAY","Sun") -> 1
B14: International | C14: =GETPIVOTDATA("Sum of INTERNATIONAL",'Pivot Table'!$A$4,"DAY","Mon")+GETPIVOTDATA("Sum of INTERNATIONAL",'Pivot Table'!$A$16,"DAY","Mon")+GETPIVOTDATA("Sum of INTERNATIONAL",'Pivot Table'!$A$28,"DAY","Mon")+GETPIVOTDATA("Sum of INTERNATIONAL",'Pivot Table'!$A$40,"DAY","Mon")+GETPIVOTDATA("Sum of INTERNATIONAL",'Pivot Table'!$A$52,"DAY","Mon")+GETPIVOTDATA("Sum of INTERNATIONAL",'Pivot Table'!$A$64,"DAY","Mon")+GETPIVOTDATA("Sum of INTERNATIONAL",'Pivot Table'!$A$76,"DAY","Mon")+GETPIVOTDATA("Sum of INTERNATIONAL",'Pivot Table'!$A$88,"DAY","Mon")+GETPIVOTDATA("Sum of INTERNATIONAL",'Pivot Table'!$A$100,"DAY","Mon")+GETPIVOTDATA("Sum of INTERNATIONAL",'Pivot Table'!$A$112,"DAY","Mon")+GETPIVOTDATA("Sum of INTERNATIONAL",'Pivot Table'!$A$124,"DAY","Mon")+GETPIVOTDATA("Sum of INTERNATIONAL",'Pivot Table'!$A$136,"DAY","Mon") -> 87 | E14: International | F14: =GETPIVOTDATA("Sum of INTERNATIONAL",'Pivot Table'!$A$4,"DAY","Tue")+GETPIVOTDATA("Sum of INTERNATIONAL",'Pivot Table'!$A$16,"DAY","Tue")+GETPIVOTDATA("Sum of INTERNATIONAL",'Pivot Table'!$A$28,"DAY","Tue")+GETPIVOTDATA("Sum of INTERNATIONAL",'Pivot Table'!$A$40,"DAY","Tue")+GETPIVOTDATA("Sum of INTERNATIONAL",'Pivot Table'!$A$52,"DAY","Tue")+GETPIVOTDATA("Sum of INTERNATIONAL",'Pivot Table'!$A$64,"DAY","Tue")+GETPIVOTDATA("Sum of INTERNATIONAL",'Pivot Table'!$A$76,"DAY","Tue")+GETPIVOTDATA("Sum of INTERNATIONAL",'Pivot Table'!$A$88,"DAY","Tue")+GETPIVOTDATA("Sum of INTERNATIONAL",'Pivot Table'!$A$100,"DAY","Tue")+GETPIVOTDATA("Sum of INTERNATIONAL",'Pivot Table'!$A$112,"DAY","Tue")+GETPIVOTDATA("Sum of INTERNATIONAL",'Pivot Table'!$A$124,"DAY","Tue")+GETPIVOTDATA("Sum of INTERNATIONAL",'Pivot Table'!$A$136,"DAY","Tue") -> 18 | H14: International | I14: =GETPIVOTDATA("Sum of INTERNATIONAL",'Pivot Table'!$A$4,"DAY","Wed")+GETPIVOTDATA("Sum of INTERNATIONAL",'Pivot Table'!$A$16,"DAY","Wed")+GETPIVOTDATA("Sum of INTERNATIONAL",'Pivot Table'!$A$28,"DAY","Wed")+GETPIVOTDATA("Sum of INTERNATIONAL",'Pivot Table'!$A$40,"DAY","Wed")+GETPIVOTDATA("Sum of INTERNATIONAL",'Pivot Table'!$A$52,"DAY","Wed")+GETPIVOTDATA("Sum of INTERNATIONAL",'Pivot Table'!$A$64,"DAY","Wed")+GETPIVOTDATA("Sum of INTERNATIONAL",'Pivot Table'!$A$76,"DAY","Wed")+GETPIVOTDATA("Sum of INTERNATIONAL",'Pivot Table'!$A$88,"DAY","Wed")+GETPIVOTDATA("Sum of INTERNATIONAL",'Pivot Table'!$A$100,"DAY","Wed")+GETPIVOTDATA("Sum of INTERNATIONAL",'Pivot Table'!$A$112,"DAY","Wed")+GETPIVOTDATA("Sum of INTERNATIONAL",'Pivot Table'!$A$124,"DAY","Wed")+GETPIVOTDATA("Sum of INTERNATIONAL",'Pivot Table'!$A$136,"DAY","Wed") -> 169 | K14: International | L14: =GETPIVOTDATA("Sum of INTERNATIONAL",'Pivot Table'!$A$4,"DAY","Thu")+GETPIVOTDATA("Sum of INTERNATIONAL",'Pivot Table'!$A$16,"DAY","Thu")+GETPIVOTDATA("Sum of INTERNATIONAL",'Pivot Table'!$A$28,"DAY","Thu")+GETPIVOTDATA("Sum of INTERNATIONAL",'Pivot Table'!$A$40,"DAY","Thu")+GETPIVOTDATA("Sum of INTERNATIONAL",'Pivot Table'!$A$52,"DAY","Thu")+GETPIVOTDATA("Sum of INTERNATIONAL",'Pivot Table'!$A$64,"DAY","Thu")+GETPIVOTDATA("Sum of INTERNATIONAL",'Pivot Table'!$A$76,"DAY","Thu")+GETPIVOTDATA("Sum of INTERNATIONAL",'Pivot Table'!$A$88,"DAY","Thu")+GETPIVOTDATA("Sum of INTERNATIONAL",'Pivot Table'!$A$100,"DAY","Thu")+GETPIVOTDATA("Sum of INTERNATIONAL",'Pivot Table'!$A$112,"DAY","Thu")+GETPIVOTDATA("Sum of INTERNATIONAL",'Pivot Table'!$A$124,"DAY","Thu")+GETPIVOTDATA("Sum of INTERNATIONAL",'Pivot Table'!$A$136,"DAY","Thu") -> 1 | N14: International | O14: =GETPIVOTDATA("Sum of INTERNATIONAL",'Pivot Table'!$A$4,"DAY","Fri")+GETPIVOTDATA("Sum of INTERNATIONAL",'Pivot Table'!$A$16,"DAY","Fri")+GETPIVOTDATA("Sum of INTERNATIONAL",'Pivot Table'!$A$28,"DAY","Fri")+GETPIVOTDATA("Sum of INTERNATIONAL",'Pivot Table'!$A$40,"DAY","Fri")+GETPIVOTDATA("Sum of INTERNATIONAL",'Pivot Table'!$A$52,"DAY","Fri")+GETPIVOTDATA("Sum of INTERNATIONAL",'Pivot Table'!$A$64,"DAY","Fri")+GETPIVOTDATA("Sum of INTERNATIONAL",'Pivot Table'!$A$76,"DAY","Fri")+GETPIVOTDATA("Sum of INTERNATIONAL",'Pivot Table'!$A$88,"DAY","Fri")+GETPIVOTDATA("Sum of INTERNATIONAL",'Pivot Table'!$A$100,"DAY","Fri")+GETPIVOTDATA("Sum of INTERNATIONAL",'Pivot Table'!$A$112,"DAY","Fri")+GETPIVOTDATA("Sum of INTERNATIONAL",'Pivot Table'!$A$124,"DAY","Fri")+GETPIVOTDATA("Sum of INTERNATIONAL",'Pivot Table'!$A$136,"DAY","Fri") -> 47 | Q14: International | R14: =GETPIVOTDATA("Sum of INTERNATIONAL",'Pivot Table'!$A$4,"DAY","Sat")+GETPIVOTDATA("Sum of INTERNATIONAL",'Pivot Table'!$A$16,"DAY","Sat")+GETPIVOTDATA("Sum of INTERNATIONAL",'Pivot Table'!$A$28,"DAY","Sat")+GETPIVOTDATA("Sum of INTERNATIONAL",'Pivot Table'!$A$40,"DAY","Sat")+GETPIVOTDATA("Sum of INTERNATIONAL",'Pivot Table'!$A$52,"DAY","Sat")+GETPIVOTDATA("Sum of INTERNATIONAL",'Pivot Table'!$A$64,"DAY","Sat")+GETPIVOTDATA("Sum of INTERNATIONAL",'Pivot Table'!$A$76,"DAY","Sat")+GETPIVOTDATA("Sum of INTERNATIONAL",'Pivot Table'!$A$88,"DAY","Sat")+GETPIVOTDATA("Sum of INTERNATIONAL",'Pivot Table'!$A$100,"DAY","Sat")+GETPIVOTDATA("Sum of INTERNATIONAL",'Pivot Table'!$A$112,"DAY","Sat")+GETPIVOTDATA("Sum of INTERNATIONAL",'Pivot Table'!$A$124,"DAY","Sat")+GETPIVOTDATA("Sum of INTERNATIONAL",'Pivot Table'!$A$136,"DAY","Sat") -> 3 | T14: International | U14: =GETPIVOTDATA("Sum of INTERNATIONAL",'Pivot Table'!$A$4,"DAY","Sun")+GETPIVOTDATA("Sum of INTERNATIONAL",'Pivot Table'!$A$16,"DAY","Sun")+GETPIVOTDATA("Sum of INTERNATIONAL",'Pivot Table'!$A$28,"DAY","Sun")+GETPIVOTDATA("Sum of INTERNATIONAL",'Pivot Table'!$A$40,"DAY","Sun")+GETPIVOTDATA("Sum of INTERNATIONAL",'Pivot Table'!$A$52,"DAY","Sun")+GETPIVOTDATA("Sum of INTERNATIONAL",'Pivot Table'!$A$64,"DAY","Sun")+GETPIVOTDATA("Sum of INTERNATIONAL",'Pivot Table'!$A$76,"DAY","Sun")+GETPIVOTDATA("Sum of INTERNATIONAL",'Pivot Table'!$A$88,"DAY","Sun")+GETPIVOTDATA("Sum of INTERNATIONAL",'Pivot Table'!$A$100,"DAY","Sun")+GETPIVOTDATA("Sum of INTERNATIONAL",'Pivot Table'!$A$112,"DAY","Sun")+GETPIVOTDATA("Sum of INTERNATIONAL",'Pivot Table'!$A$124,"DAY","Sun")+GETPIVOTDATA("Sum of INTERNATIONAL",'Pivot Table'!$A$136,"DAY","Sun") -> 7
B15: Industry Guest | C15: =GETPIVOTDATA("Sum of INDUSTRY GUEST",'Pivot Table'!$A$4,"DAY","Mon")+GETPIVOTDATA("Sum of INDUSTRY GUEST",'Pivot Table'!$A$16,"DAY","Mon")+GETPIVOTDATA("Sum of INDUSTRY GUEST",'Pivot Table'!$A$28,"DAY","Mon")+GETPIVOTDATA("Sum of INDUSTRY GUEST",'Pivot Table'!$A$40,"DAY","Mon")+GETPIVOTDATA("Sum of INDUSTRY GUEST",'Pivot Table'!$A$52,"DAY","Mon")+GETPIVOTDATA("Sum of INDUSTRY GUEST",'Pivot Table'!$A$64,"DAY","Mon")+GETPIVOTDATA("Sum of INDUSTRY GUEST",'Pivot Table'!$A$76,"DAY","Mon")+GETPIVOTDATA("Sum of INDUSTRY GUEST",'Pivot Table'!$A$88,"DAY","Mon")+GETPIVOTDATA("Sum of INDUSTRY GUEST",'Pivot Table'!$A$100,"DAY","Mon")+GETPIVOTDATA("Sum of INDUSTRY GUEST",'Pivot Table'!$A$112,"DAY","Mon")+GETPIVOTDATA("Sum of INDUSTRY GUEST",'Pivot Table'!$A$124,"DAY","Mon")+GETPIVOTDATA("Sum of INDUSTRY GUEST",'Pivot Table'!$A$136,"DAY","Mon") -> 12 | E15: Industry Guest | F15: =GETPIVOTDATA("Sum of INDUSTRY GUEST",'Pivot Table'!$A$4,"DAY","Tue")+GETPIVOTDATA("Sum of INDUSTRY GUEST",'Pivot Table'!$A$16,"DAY","Tue")+GETPIVOTDATA("Sum of INDUSTRY GUEST",'Pivot Table'!$A$28,"DAY","Tue")+GETPIVOTDATA("Sum of INDUSTRY GUEST",'Pivot Table'!$A$40,"DAY","Tue")+GETPIVOTDATA("Sum of INDUSTRY GUEST",'Pivot Table'!$A$52,"DAY","Tue")+GETPIVOTDATA("Sum of INDUSTRY GUEST",'Pivot Table'!$A$64,"DAY","Tue")+GETPIVOTDATA("Sum of INDUSTRY GUEST",'Pivot Table'!$A$76,"DAY","Tue")+GETPIVOTDATA("Sum of INDUSTRY GUEST",'Pivot Table'!$A$88,"DAY","Tue")+GETPIVOTDATA("Sum of INDUSTRY GUEST",'Pivot Table'!$A$100,"DAY","Tue")+GETPIVOTDATA("Sum of INDUSTRY GUEST",'Pivot Table'!$A$112,"DAY","Tue")+GETPIVOTDATA("Sum of INDUSTRY GUEST",'Pivot Table'!$A$124,"DAY","Tue")+GETPIVOTDATA("Sum of INDUSTRY GUEST",'Pivot Table'!$A$136,"DAY","Tue") -> 13 | H15: Industry Guest | I15: =GETPIVOTDATA("Sum of INDUSTRY GUEST",'Pivot Table'!$A$4,"DAY","Wed")+GETPIVOTDATA("Sum of INDUSTRY GUEST",'Pivot Table'!$A$16,"DAY","Wed")+GETPIVOTDATA("Sum of INDUSTRY GUEST",'Pivot Table'!$A$28,"DAY","Wed")+GETPIVOTDATA("Sum of INDUSTRY GUEST",'Pivot Table'!$A$40,"DAY","Wed")+GETPIVOTDATA("Sum of INDUSTRY GUEST",'Pivot Table'!$A$52,"DAY","Wed")+GETPIVOTDATA("Sum of INDUSTRY GUEST",'Pivot Table'!$A$64,"DAY","Wed")+GETPIVOTDATA("Sum of INDUSTRY GUEST",'Pivot Table'!$A$76,"DAY","Wed")+GETPIVOTDATA("Sum of INDUSTRY GUEST",'Pivot Table'!$A$88,"DAY","Wed")+GETPIVOTDATA("Sum of INDUSTRY GUEST",'Pivot Table'!$A$100,"DAY","Wed")+GETPIVOTDATA("Sum of INDUSTRY GUEST",'Pivot Table'!$A$112,"DAY","Wed")+GETPIVOTDATA("Sum of INDUSTRY GUEST",'Pivot Table'!$A$124,"DAY","Wed")+GETPIVOTDATA("Sum of INDUSTRY GUEST",'Pivot Table'!$A$136,"DAY","Wed") -> 45 | K15: Industry Guest | L15: =GETPIVOTDATA("Sum of INDUSTRY GUEST",'Pivot Table'!$A$4,"DAY","Thu")+GETPIVOTDATA("Sum of INDUSTRY GUEST",'Pivot Table'!$A$16,"DAY","Thu")+GETPIVOTDATA("Sum of INDUSTRY GUEST",'Pivot Table'!$A$28,"DAY","Thu")+GETPIVOTDATA("Sum of INDUSTRY GUEST",'Pivot Table'!$A$40,"DAY","Thu")+GETPIVOTDATA("Sum of INDUSTRY GUEST",'Pivot Table'!$A$52,"DAY","Thu")+GETPIVOTDATA("Sum of INDUSTRY GUEST",'Pivot Table'!$A$64,"DAY","Thu")+GETPIVOTDATA("Sum of INDUSTRY GUEST",'Pivot Table'!$A$76,"DAY","Thu")+GETPIVOTDATA("Sum of INDUSTRY GUEST",'Pivot Table'!$A$88,"DAY","Thu")+GETPIVOTDATA("Sum of INDUSTRY GUEST",'Pivot Table'!$A$100,"DAY","Thu")+GETPIVOTDATA("Sum of INDUSTRY GUEST",'Pivot Table'!$A$112,"DAY","Thu")+GETPIVOTDATA("Sum of INDUSTRY GUEST",'Pivot Table'!$A$124,"DAY","Thu")+GETPIVOTDATA("Sum of INDUSTRY GUEST",'Pivot Table'!$A$136,"DAY","Thu") -> 7 | N15: Industry Guest | O15: =GETPIVOTDATA("Sum of INDUSTRY GUEST",'Pivot Table'!$A$4,"DAY","Fri")+GETPIVOTDATA("Sum of INDUSTRY GUEST",'Pivot Table'!$A$16,"DAY","Fri")+GETPIVOTDATA("Sum of INDUSTRY GUEST",'Pivot Table'!$A$28,"DAY","Fri")+GETPIVOTDATA("Sum of INDUSTRY GUEST",'Pivot Table'!$A$40,"DAY","Fri")+GETPIVOTDATA("Sum of INDUSTRY GUEST",'Pivot Table'!$A$52,"DAY","Fri")+GETPIVOTDATA("Sum of INDUSTRY GUEST",'Pivot Table'!$A$64,"DAY","Fri")+GETPIVOTDATA("Sum of INDUSTRY GUEST",'Pivot Table'!$A$76,"DAY","Fri")+GETPIVOTDATA("Sum of INDUSTRY GUEST",'Pivot Table'!$A$88,"DAY","Fri")+GETPIVOTDATA("Sum of INDUSTRY GUEST",'Pivot Table'!$A$100,"DAY","Fri")+GETPIVOTDATA("Sum of INDUSTRY GUEST",'Pivot Table'!$A$112,"DAY","Fri")+GETPIVOTDATA("Sum of INDUSTRY GUEST",'Pivot Table'!$A$124,"DAY","Fri")+GETPIVOTDATA("Sum of INDUSTRY GUEST",'Pivot Table'!$A$136,"DAY","Fri") -> 19 | Q15: Industry Guest | R15: =GETPIVOTDATA("Sum of INDUSTRY GUEST",'Pivot Table'!$A$4,"DAY","Sat")+GETPIVOTDATA("Sum of INDUSTRY GUEST",'Pivot Table'!$A$16,"DAY","Sat")+GETPIVOTDATA("Sum of INDUSTRY GUEST",'Pivot Table'!$A$28,"DAY","Sat")+GETPIVOTDATA("Sum of INDUSTRY GUEST",'Pivot Table'!$A$40,"DAY","Sat")+GETPIVOTDATA("Sum of INDUSTRY GUEST",'Pivot Table'!$A$52,"DAY","Sat")+GETPIVOTDATA("Sum of INDUSTRY GUEST",'Pivot Table'!$A$64,"DAY","Sat")+GETPIVOTDATA("Sum of INDUSTRY GUEST",'Pivot Table'!$A$76,"DAY","Sat")+GETPIVOTDATA("Sum of INDUSTRY GUEST",'Pivot Table'!$A$88,"DAY","Sat")+GETPIVOTDATA("Sum of INDUSTRY GUEST",'Pivot Table'!$A$100,"DAY","Sat")+GETPIVOTDATA("Sum of INDUSTRY GUEST",'Pivot Table'!$A$112,"DAY","Sat")+GETPIVOTDATA("Sum of INDUSTRY GUEST",'Pivot Table'!$A$124,"DAY","Sat")+GETPIVOTDATA("Sum of INDUSTRY GUEST",'Pivot Table'!$A$136,"DAY","Sat") -> 0 | T15: Industry Guest | U15: =GETPIVOTDATA("Sum of INDUSTRY GUEST",'Pivot Table'!$A$4,"DAY","Sun")+GETPIVOTDATA("Sum of INDUSTRY GUEST",'Pivot Table'!$A$16,"DAY","Sun")+GETPIVOTDATA("Sum of INDUSTRY GUEST",'Pivot Table'!$A$28,"DAY","Sun")+GETPIVOTDATA("Sum of INDUSTRY GUEST",'Pivot Table'!$A$40,"DAY","Sun")+GETPIVOTDATA("Sum of INDUSTRY GUEST",'Pivot Table'!$A$52,"DAY","Sun")+GETPIVOTDATA("Sum of INDUSTRY GUEST",'Pivot Table'!$A$64,"DAY","Sun")+GETPIVOTDATA("Sum of INDUSTRY GUEST",'Pivot Table'!$A$76,"DAY","Sun")+GETPIVOTDATA("Sum of INDUSTRY GUEST",'Pivot Table'!$A$88,"DAY","Sun")+GETPIVOTDATA("Sum of INDUSTRY GUEST",'Pivot Table'!$A$100,"DAY","Sun")+GETPIVOTDATA("Sum of INDUSTRY GUEST",'Pivot Table'!$A$112,"DAY","Sun")+GETPIVOTDATA("Sum of INDUSTRY GUEST",'Pivot Table'!$A$124,"DAY","Sun")+GETPIVOTDATA("Sum of INDUSTRY GUEST",'Pivot Table'!$A$136,"DAY","Sun") -> 5
B16: Member Intro | C16: =GETPIVOTDATA("Sum of MEMB GUEST MICLUB",'Pivot Table'!$A$4,"DAY","Mon")+GETPIVOTDATA("Sum of MEMB GUEST MICLUB",'Pivot Table'!$A$16,"DAY","Mon")+GETPIVOTDATA("Sum of MEMB GUEST MICLUB",'Pivot Table'!$A$28,"DAY","Mon")+GETPIVOTDATA("Sum of MEMB GUEST MICLUB",'Pivot Table'!$A$40,"DAY","Mon")+GETPIVOTDATA("Sum of MEMB GUEST MICLUB",'Pivot Table'!$A$52,"DAY","Mon")+GETPIVOTDATA("Sum of MEMB GUEST MICLUB",'Pivot Table'!$A$64,"DAY","Mon")+GETPIVOTDATA("Sum of MEMB GUEST MICLUB",'Pivot Table'!$A$76,"DAY","Mon")+GETPIVOTDATA("Sum of MEMB GUEST MICLUB",'Pivot Table'!$A$88,"DAY","Mon")+GETPIVOTDATA("Sum of MEMB GUEST MICLUB",'Pivot Table'!$A$100,"DAY","Mon")+GETPIVOTDATA("Sum of MEMB GUEST MICLUB",'Pivot Table'!$A$112,"DAY","Mon")+GETPIVOTDATA("Sum of MEMB GUEST MICLUB",'Pivot Table'!$A$124,"DAY","Mon")+GETPIVOTDATA("Sum of MEMB GUEST MICLUB",'Pivot Table'!$A$136,"DAY","Mon") -> 473 | E16: Member Intro | F16: =GETPIVOTDATA("Sum of MEMB GUEST MICLUB",'Pivot Table'!$A$4,"DAY","Tue")+GETPIVOTDATA("Sum of MEMB GUEST MICLUB",'Pivot Table'!$A$16,"DAY","Tue")+GETPIVOTDATA("Sum of MEMB GUEST MICLUB",'Pivot Table'!$A$28,"DAY","Tue")+GETPIVOTDATA("Sum of MEMB GUEST MICLUB",'Pivot Table'!$A$40,"DAY","Tue")+GETPIVOTDATA("Sum of MEMB GUEST MICLUB",'Pivot Table'!$A$52,"DAY","Tue")+GETPIVOTDATA("Sum of MEMB GUEST MICLUB",'Pivot Table'!$A$64,"DAY","Tue")+GETPIVOTDATA("Sum of MEMB GUEST MICLUB",'Pivot Table'!$A$76,"DAY","Tue")+GETPIVOTDATA("Sum of MEMB GUEST MICLUB",'Pivot Table'!$A$88,"DAY","Tue")+GETPIVOTDATA("Sum of MEMB GUEST MICLUB",'Pivot Table'!$A$100,"DAY","Tue")+GETPIVOTDATA("Sum of MEMB GUEST MICLUB",'Pivot Table'!$A$112,"DAY","Tue")+GETPIVOTDATA("Sum of MEMB GUEST MICLUB",'Pivot Table'!$A$124,"DAY","Tue")+GETPIVOTDATA("Sum of MEMB GUEST MICLUB",'Pivot Table'!$A$136,"DAY","Tue") -> 149 | H16: Member Intro | I16: =GETPIVOTDATA("Sum of MEMB GUEST MICLUB",'Pivot Table'!$A$4,"DAY","Wed")+GETPIVOTDATA("Sum of MEMB GUEST MICLUB",'Pivot Table'!$A$16,"DAY","Wed")+GETPIVOTDATA("Sum of MEMB GUEST MICLUB",'Pivot Table'!$A$28,"DAY","Wed")+GETPIVOTDATA("Sum of MEMB GUEST MICLUB",'Pivot Table'!$A$40,"DAY","Wed")+GETPIVOTDATA("Sum of MEMB GUEST MICLUB",'Pivot Table'!$A$52,"DAY","Wed")+GETPIVOTDATA("Sum of MEMB GUEST MICLUB",'Pivot Table'!$A$64,"DAY","Wed")+GETPIVOTDATA("Sum of MEMB GUEST MICLUB",'Pivot Table'!$A$76,"DAY","Wed")+GETPIVOTDATA("Sum of MEMB GUEST MICLUB",'Pivot Table'!$A$88,"DAY","Wed")+GETPIVOTDATA("Sum of MEMB GUEST MICLUB",'Pivot Table'!$A$100,"DAY","Wed")+GETPIVOTDATA("Sum of MEMB GUEST MICLUB",'Pivot Table'!$A$112,"DAY","Wed")+GETPIVOTDATA("Sum of MEMB GUEST MICLUB",'Pivot Table'!$A$124,"DAY","Wed")+GETPIVOTDATA("Sum of MEMB GUEST MICLUB",'Pivot Table'!$A$136,"DAY","Wed") -> 641 | K16: Member Intro | L16: =GETPIVOTDATA("Sum of MEMB GUEST MICLUB",'Pivot Table'!$A$4,"DAY","Thu")+GETPIVOTDATA("Sum of MEMB GUEST MICLUB",'Pivot Table'!$A$16,"DAY","Thu")+GETPIVOTDATA("Sum of MEMB GUEST MICLUB",'Pivot Table'!$A$28,"DAY","Thu")+GETPIVOTDATA("Sum of MEMB GUEST MICLUB",'Pivot Table'!$A$40,"DAY","Thu")+GETPIVOTDATA("Sum of MEMB GUEST MICLUB",'Pivot Table'!$A$52,"DAY","Thu")+GETPIVOTDATA("Sum of MEMB GUEST MICLUB",'Pivot Table'!$A$64,"DAY","Thu")+GETPIVOTDATA("Sum of MEMB GUEST MICLUB",'Pivot Table'!$A$76,"DAY","Thu")+GETPIVOTDATA("Sum of MEMB GUEST MICLUB",'Pivot Table'!$A$88,"DAY","Thu")+GETPIVOTDATA("Sum of MEMB GUEST MICLUB",'Pivot Table'!$A$100,"DAY","Thu")+GETPIVOTDATA("Sum of MEMB GUEST MICLUB",'Pivot Table'!$A$112,"DAY","Thu")+GETPIVOTDATA("Sum of MEMB GUEST MICLUB",'Pivot Table'!$A$124,"DAY","Thu")+GETPIVOTDATA("Sum of MEMB GUEST MICLUB",'Pivot Table'!$A$136,"DAY","Thu") -> 38 | N16: Member Intro | O16: =GETPIVOTDATA("Sum of MEMB GUEST MICLUB",'Pivot Table'!$A$4,"DAY","Fri")+GETPIVOTDATA("Sum of MEMB GUEST MICLUB",'Pivot Table'!$A$16,"DAY","Fri")+GETPIVOTDATA("Sum of MEMB GUEST MICLUB",'Pivot Table'!$A$28,"DAY","Fri")+GETPIVOTDATA("Sum of MEMB GUEST MICLUB",'Pivot Table'!$A$40,"DAY","Fri")+GETPIVOTDATA("Sum of MEMB GUEST MICLUB",'Pivot Table'!$A$52,"DAY","Fri")+GETPIVOTDATA("Sum of MEMB GUEST MICLUB",'Pivot Table'!$A$64,"DAY","Fri")+GETPIVOTDATA("Sum of MEMB GUEST MICLUB",'Pivot Table'!$A$76,"DAY","Fri")+GETPIVOTDATA("Sum of MEMB GUEST MICLUB",'Pivot Table'!$A$88,"DAY","Fri")+GETPIVOTDATA("Sum of MEMB GUEST MICLUB",'Pivot Table'!$A$100,"DAY","Fri")+GETPIVOTDATA("Sum of MEMB GUEST MICLUB",'Pivot Table'!$A$112,"DAY","Fri")+GETPIVOTDATA("Sum of MEMB GUEST MICLUB",'Pivot Table'!$A$124,"DAY","Fri")+GETPIVOTDATA("Sum of MEMB GUEST MICLUB",'Pivot Table'!$A$136,"DAY","Fri") -> 1397 | Q16: Member Intro | R16: =GETPIVOTDATA("Sum of MEMB GUEST MICLUB",'Pivot Table'!$A$4,"DAY","Sat")+GETPIVOTDATA("Sum of MEMB GUEST MICLUB",'Pivot Table'!$A$16,"DAY","Sat")+GETPIVOTDATA("Sum of MEMB GUEST MICLUB",'Pivot Table'!$A$28,"DAY","Sat")+GETPIVOTDATA("Sum of MEMB GUEST MICLUB",'Pivot Table'!$A$40,"DAY","Sat")+GETPIVOTDATA("Sum of MEMB GUEST MICLUB",'Pivot Table'!$A$52,"DAY","Sat")+GETPIVOTDATA("Sum of MEMB GUEST MICLUB",'Pivot Table'!$A$64,"DAY","Sat")+GETPIVOTDATA("Sum of MEMB GUEST MICLUB",'Pivot Table'!$A$76,"DAY","Sat")+GETPIVOTDATA("Sum of MEMB GUEST MICLUB",'Pivot Table'!$A$88,"DAY","Sat")+GETPIVOTDATA("Sum of MEMB GUEST MICLUB",'Pivot Table'!$A$100,"DAY","Sat")+GETPIVOTDATA("Sum of MEMB GUEST MICLUB",'Pivot Table'!$A$112,"DAY","Sat")+GETPIVOTDATA("Sum of MEMB GUEST MICLUB",'Pivot Table'!$A$124,"DAY","Sat")+GETPIVOTDATA("Sum of MEMB GUEST MICLUB",'Pivot Table'!$A$136,"DAY","Sat") -> 163 | T16: Member Intro | U16: =GETPIVOTDATA("Sum of MEMB GUEST MICLUB",'Pivot Table'!$A$4,"DAY","Sun")+GETPIVOTDATA("Sum of MEMB GUEST MICLUB",'Pivot Table'!$A$16,"DAY","Sun")+GETPIVOTDATA("Sum of MEMB GUEST MICLUB",'Pivot Table'!$A$28,"DAY","Sun")+GETPIVOTDATA("Sum of MEMB GUEST MICLUB",'Pivot Table'!$A$40,"DAY","Sun")+GETPIVOTDATA("Sum of MEMB GUEST MICLUB",'Pivot Table'!$A$52,"DAY","Sun")+GETPIVOTDATA("Sum of MEMB GUEST MICLUB",'Pivot Table'!$A$64,"DAY","Sun")+GETPIVOTDATA("Sum of MEMB GUEST MICLUB",'Pivot Table'!$A$76,"DAY","Sun")+GETPIVOTDATA("Sum of MEMB GUEST MICLUB",'Pivot Table'!$A$88,"DAY","Sun")+GETPIVOTDATA("Sum of MEMB GUEST MICLUB",'Pivot Table'!$A$100,"DAY","Sun")+GETPIVOTDATA("Sum of MEMB GUEST MICLUB",'Pivot Table'!$A$112,"DAY","Sun")+GETPIVOTDATA("Sum of MEMB GUEST MICLUB",'Pivot Table'!$A$124,"DAY","Sun")+GETPIVOTDATA("Sum of MEMB GUEST MICLUB",'Pivot Table'!$A$136,"DAY","Sun") -> 841
B17: Member Guest Unaccompanied | C17: =GETPIVOTDATA("Sum of MEMB GUEST UNACCOMPANIED",'Pivot Table'!$A$4,"DAY","Mon")+GETPIVOTDATA("Sum of MEMB GUEST UNACCOMPANIED",'Pivot Table'!$A$16,"DAY","Mon")+GETPIVOTDATA("Sum of MEMB GUEST UNACCOMPANIED",'Pivot Table'!$A$28,"DAY","Mon")+GETPIVOTDATA("Sum of MEMB GUEST UNACCOMPANIED",'Pivot Table'!$A$40,"DAY","Mon")+GETPIVOTDATA("Sum of MEMB GUEST UNACCOMPANIED",'Pivot Table'!$A$52,"DAY","Mon")+GETPIVOTDATA("Sum of MEMB GUEST UNACCOMPANIED",'Pivot Table'!$A$64,"DAY","Mon")+GETPIVOTDATA("Sum of MEMB GUEST UNACCOMPANIED",'Pivot Table'!$A$76,"DAY","Mon")+GETPIVOTDATA("Sum of MEMB GUEST UNACCOMPANIED",'Pivot Table'!$A$88,"DAY","Mon")+GETPIVOTDATA("Sum of MEMB GUEST UNACCOMPANIED",'Pivot Table'!$A$100,"DAY","Mon")+GETPIVOTDATA("Sum of MEMB GUEST UNACCOMPANIED",'Pivot Table'!$A$112,"DAY","Mon")+GETPIVOTDATA("Sum of MEMB GUEST UNACCOMPANIED",'Pivot Table'!$A$124,"DAY","Mon")+GETPIVOTDATA("Sum of MEMB GUEST UNACCOMPANIED",'Pivot Table'!$A$136,"DAY","Mon") -> 14 | E17: Member Guest Unaccompanied | F17: =GETPIVOTDATA("Sum of MEMB GUEST UNACCOMPANIED",'Pivot Table'!$A$4,"DAY","Tue")+GETPIVOTDATA("Sum of MEMB GUEST UNACCOMPANIED",'Pivot Table'!$A$16,"DAY","Tue")+GETPIVOTDATA("Sum of MEMB GUEST UNACCOMPANIED",'Pivot Table'!$A$28,"DAY","Tue")+GETPIVOTDATA("Sum of MEMB GUEST UNACCOMPANIED",'Pivot Table'!$A$40,"DAY","Tue")+GETPIVOTDATA("Sum of MEMB GUEST UNACCOMPANIED",'Pivot Table'!$A$52,"DAY","Tue")+GETPIVOTDATA("Sum of MEMB GUEST UNACCOMPANIED",'Pivot Table'!$A$64,"DAY","Tue")+GETPIVOTDATA("Sum of MEMB GUEST UNACCOMPANIED",'Pivot Table'!$A$76,"DAY","Tue")+GETPIVOTDATA("Sum of MEMB GUEST UNACCOMPANIED",'Pivot Table'!$A$88,"DAY","Tue")+GETPIVOTDATA("Sum of MEMB GUEST UNACCOMPANIED",'Pivot Table'!$A$100,"DAY","Tue")+GETPIVOTDATA("Sum of MEMB GUEST UNACCOMPANIED",'Pivot Table'!$A$112,"DAY","Tue")+GETPIVOTDATA("Sum of MEMB GUEST UNACCOMPANIED",'Pivot Table'!$A$124,"DAY","Tue")+GETPIVOTDATA("Sum of MEMB GUEST UNACCOMPANIED",'Pivot Table'!$A$136,"DAY","Tue") -> 0 | H17: Member Guest Unaccompanied | I17: =GETPIVOTDATA("Sum of MEMB GUEST UNACCOMPANIED",'Pivot Table'!$A$4,"DAY","Wed")+GETPIVOTDATA("Sum of MEMB GUEST UNACCOMPANIED",'Pivot Table'!$A$16,"DAY","Wed")+GETPIVOTDATA("Sum of MEMB GUEST UNACCOMPANIED",'Pivot Table'!$A$28,"DAY","Wed")+GETPIVOTDATA("Sum of MEMB GUEST UNACCOMPANIED",'Pivot Table'!$A$40,"DAY","Wed")+GETPIVOTDATA("Sum of MEMB GUEST UNACCOMPANIED",'Pivot Table'!$A$52,"DAY","Wed")+GETPIVOTDATA("Sum of MEMB GUEST UNACCOMPANIED",'Pivot Table'!$A$64,"DAY","Wed")+GETPIVOTDATA("Sum of MEMB GUEST UNACCOMPANIED",'Pivot Table'!$A$76,"DAY","Wed")+GETPIVOTDATA("Sum of MEMB GUEST UNACCOMPANIED",'Pivot Table'!$A$88,"DAY","Wed")+GETPIVOTDATA("Sum of MEMB GUEST UNACCOMPANIED",'Pivot Table'!$A$100,"DAY","Wed")+GETPIVOTDATA("Sum of MEMB GUEST UNACCOMPANIED",'Pivot Table'!$A$112,"DAY","Wed")+GETPIVOTDATA("Sum of MEMB GUEST UNACCOMPANIED",'Pivot Table'!$A$124,"DAY","Wed")+GETPIVOTDATA("Sum of MEMB GUEST UNACCOMPANIED",'Pivot Table'!$A$136,"DAY","Wed") -> 18 | K17: Member Guest Unaccompanied | L17: =GETPIVOTDATA("Sum of MEMB GUEST UNACCOMPANIED",'Pivot Table'!$A$4,"DAY","Thu")+GETPIVOTDATA("Sum of MEMB GUEST UNACCOMPANIED",'Pivot Table'!$A$16,"DAY","Thu")+GETPIVOTDATA("Sum of MEMB GUEST UNACCOMPANIED",'Pivot Table'!$A$28,"DAY","Thu")+GETPIVOTDATA("Sum of MEMB GUEST UNACCOMPANIED",'Pivot Table'!$A$40,"DAY","Thu")+GETPIVOTDATA("Sum of MEMB GUEST UNACCOMPANIED",'Pivot Table'!$A$52,"DAY","Thu")+GETPIVOTDATA("Sum of MEMB GUEST UNACCOMPANIED",'Pivot Table'!$A$64,"DAY","Thu")+GETPIVOTDATA("Sum of MEMB GUEST UNACCOMPANIED",'Pivot Table'!$A$76,"DAY","Thu")+GETPIVOTDATA("Sum of MEMB GUEST UNACCOMPANIED",'Pivot Table'!$A$88,"DAY","Thu")+GETPIVOTDATA("Sum of MEMB GUEST UNACCOMPANIED",'Pivot Table'!$A$100,"DAY","Thu")+GETPIVOTDATA("Sum of MEMB GUEST UNACCOMPANIED",'Pivot Table'!$A$112,"DAY","Thu")+GETPIVOTDATA("Sum of MEMB GUEST UNACCOMPANIED",'Pivot Table'!$A$124,"DAY","Thu")+GETPIVOTDATA("Sum of MEMB GUEST UNACCOMPANIED",'Pivot Table'!$A$136,"DAY","Thu") -> 0 | N17: Member Guest Unaccompanied | O17: =GETPIVOTDATA("Sum of MEMB GUEST UNACCOMPANIED",'Pivot Table'!$A$4,"DAY","Fri")+GETPIVOTDATA("Sum of MEMB GUEST UNACCOMPANIED",'Pivot Table'!$A$16,"DAY","Fri")+GETPIVOTDATA("Sum of MEMB GUEST UNACCOMPANIED",'Pivot Table'!$A$28,"DAY","Fri")+GETPIVOTDATA("Sum of MEMB GUEST UNACCOMPANIED",'Pivot Table'!$A$40,"DAY","Fri")+GETPIVOTDATA("Sum of MEMB GUEST UNACCOMPANIED",'Pivot Table'!$A$52,"DAY","Fri")+GETPIVOTDATA("Sum of MEMB GUEST UNACCOMPANIED",'Pivot Table'!$A$64,"DAY","Fri")+GETPIVOTDATA("Sum of MEMB GUEST UNACCOMPANIED",'Pivot Table'!$A$76,"DAY","Fri")+GETPIVOTDATA("Sum of MEMB GUEST UNACCOMPANIED",'Pivot Table'!$A$88,"DAY","Fri")+GETPIVOTDATA("Sum of MEMB GUEST UNACCOMPANIED",'Pivot Table'!$A$100,"DAY","Fri")+GETPIVOTDATA("Sum of MEMB GUEST UNACCOMPANIED",'Pivot Table'!$A$112,"DAY","Fri")+GETPIVOTDATA("Sum of MEMB GUEST UNACCOMPANIED",'Pivot Table'!$A$124,"DAY","Fri")+GETPIVOTDATA("Sum of MEMB GUEST UNACCOMPANIED",'Pivot Table'!$A$136,"DAY","Fri") -> 12 | Q17: Member Guest Unaccompanied | R17: =GETPIVOTDATA("Sum of MEMB GUEST UNACCOMPANIED",'Pivot Table'!$A$4,"DAY","Sat")+GETPIVOTDATA("Sum of MEMB GUEST UNACCOMPANIED",'Pivot Table'!$A$16,"DAY","Sat")+GETPIVOTDATA("Sum of MEMB GUEST UNACCOMPANIED",'Pivot Table'!$A$28,"DAY","Sat")+GETPIVOTDATA("Sum of MEMB GUEST UNACCOMPANIED",'Pivot Table'!$A$40,"DAY","Sat")+GETPIVOTDATA("Sum of MEMB GUEST UNACCOMPANIED",'Pivot Table'!$A$52,"DAY","Sat")+GETPIVOTDATA("Sum of MEMB GUEST UNACCOMPANIED",'Pivot Table'!$A$64,"DAY","Sat")+GETPIVOTDATA("Sum of MEMB GUEST UNACCOMPANIED",'Pivot Table'!$A$76,"DAY","Sat")+GETPIVOTDATA("Sum of MEMB GUEST UNACCOMPANIED",'Pivot Table'!$A$88,"DAY","Sat")+GETPIVOTDATA("Sum of MEMB GUEST UNACCOMPANIED",'Pivot Table'!$A$100,"DAY","Sat")+GETPIVOTDATA("Sum of MEMB GUEST UNACCOMPANIED",'Pivot Table'!$A$112,"DAY","Sat")+GETPIVOTDATA("Sum of MEMB GUEST UNACCOMPANIED",'Pivot Table'!$A$124,"DAY","Sat")+GETPIVOTDATA("Sum of MEMB GUEST UNACCOMPANIED",'Pivot Table'!$A$136,"DAY","Sat") -> 0 | T17: Member Guest Unaccompanied | U17: =GETPIVOTDATA("Sum of MEMB GUEST UNACCOMPANIED",'Pivot Table'!$A$4,"DAY","Sun")+GETPIVOTDATA("Sum of MEMB GUEST UNACCOMPANIED",'Pivot Table'!$A$16,"DAY","Sun")+GETPIVOTDATA("Sum of MEMB GUEST UNACCOMPANIED",'Pivot Table'!$A$28,"DAY","Sun")+GETPIVOTDATA("Sum of MEMB GUEST UNACCOMPANIED",'Pivot Table'!$A$40,"DAY","Sun")+GETPIVOTDATA("Sum of MEMB GUEST UNACCOMPANIED",'Pivot Table'!$A$52,"DAY","Sun")+GETPIVOTDATA("Sum of MEMB GUEST UNACCOMPANIED",'Pivot Table'!$A$64,"DAY","Sun")+GETPIVOTDATA("Sum of MEMB GUEST UNACCOMPANIED",'Pivot Table'!$A$76,"DAY","Sun")+GETPIVOTDATA("Sum of MEMB GUEST UNACCOMPANIED",'Pivot Table'!$A$88,"DAY","Sun")+GETPIVOTDATA("Sum of MEMB GUEST UNACCOMPANIED",'Pivot Table'!$A$100,"DAY","Sun")+GETPIVOTDATA("Sum of MEMB GUEST UNACCOMPANIED",'Pivot Table'!$A$112,"DAY","Sun")+GETPIVOTDATA("Sum of MEMB GUEST UNACCOMPANIED",'Pivot Table'!$A$124,"DAY","Sun")+GETPIVOTDATA("Sum of MEMB GUEST UNACCOMPANIED",'Pivot Table'!$A$136,"DAY","Sun") -> 0
B18: Corporate | C18: =GETPIVOTDATA("Sum of CORPORATE",'Pivot Table'!$A$4,"DAY","Mon")+GETPIVOTDATA("Sum of CORPORATE",'Pivot Table'!$A$16,"DAY","Mon")+GETPIVOTDATA("Sum of CORPORATE",'Pivot Table'!$A$28,"DAY","Mon")+GETPIVOTDATA("Sum of CORPORATE",'Pivot Table'!$A$40,"DAY","Mon")+GETPIVOTDATA("Sum of CORPORATE",'Pivot Table'!$A$52,"DAY","Mon")+GETPIVOTDATA("Sum of CORPORATE",'Pivot Table'!$A$64,"DAY","Mon")+GETPIVOTDATA("Sum of CORPORATE",'Pivot Table'!$A$76,"DAY","Mon")+GETPIVOTDATA("Sum of CORPORATE",'Pivot Table'!$A$88,"DAY","Mon")+GETPIVOTDATA("Sum of CORPORATE",'Pivot Table'!$A$100,"DAY","Mon")+GETPIVOTDATA("Sum of CORPORATE",'Pivot Table'!$A$112,"DAY","Mon")+GETPIVOTDATA("Sum of CORPORATE",'Pivot Table'!$A$124,"DAY","Mon")+GETPIVOTDATA("Sum of CORPORATE",'Pivot Table'!$A$136,"DAY","Mon") -> 36 | E18: Corporate | F18: =GETPIVOTDATA("Sum of CORPORATE",'Pivot Table'!$A$4,"DAY","Tue")+GETPIVOTDATA("Sum of CORPORATE",'Pivot Table'!$A$16,"DAY","Tue")+GETPIVOTDATA("Sum of CORPORATE",'Pivot Table'!$A$28,"DAY","Tue")+GETPIVOTDATA("Sum of CORPORATE",'Pivot Table'!$A$40,"DAY","Tue")+GETPIVOTDATA("Sum of CORPORATE",'Pivot Table'!$A$52,"DAY","Tue")+GETPIVOTDATA("Sum of CORPORATE",'Pivot Table'!$A$64,"DAY","Tue")+GETPIVOTDATA("Sum of CORPORATE",'Pivot Table'!$A$76,"DAY","Tue")+GETPIVOTDATA("Sum of CORPORATE",'Pivot Table'!$A$88,"DAY","Tue")+GETPIVOTDATA("Sum of CORPORATE",'Pivot Table'!$A$100,"DAY","Tue")+GETPIVOTDATA("Sum of CORPORATE",'Pivot Table'!$A$112,"DAY","Tue")+GETPIVOTDATA("Sum of CORPORATE",'Pivot Table'!$A$124,"DAY","Tue")+GETPIVOTDATA("Sum of CORPORATE",'Pivot Table'!$A$136,"DAY","Tue") -> 0 | H18: Corporate | I18: =GETPIVOTDATA("Sum of CORPORATE",'Pivot Table'!$A$4,"DAY","Wed")+GETPIVOTDATA("Sum of CORPORATE",'Pivot Table'!$A$16,"DAY","Wed")+GETPIVOTDATA("Sum of CORPORATE",'Pivot Table'!$A$28,"DAY","Wed")+GETPIVOTDATA("Sum of CORPORATE",'Pivot Table'!$A$40,"DAY","Wed")+GETPIVOTDATA("Sum of CORPORATE",'Pivot Table'!$A$52,"DAY","Wed")+GETPIVOTDATA("Sum of CORPORATE",'Pivot Table'!$A$64,"DAY","Wed")+GETPIVOTDATA("Sum of CORPORATE",'Pivot Table'!$A$76,"DAY","Wed")+GETPIVOTDATA("Sum of CORPORATE",'Pivot Table'!$A$88,"DAY","Wed")+GETPIVOTDATA("Sum of CORPORATE",'Pivot Table'!$A$100,"DAY","Wed")+GETPIVOTDATA("Sum of CORPORATE",'Pivot Table'!$A$112,"DAY","Wed")+GETPIVOTDATA("Sum of CORPORATE",'Pivot Table'!$A$124,"DAY","Wed")+GETPIVOTDATA("Sum of CORPORATE",'Pivot Table'!$A$136,"DAY","Wed") -> 2103 | K18: Corporate | L18: =GETPIVOTDATA("Sum of CORPORATE",'Pivot Table'!$A$4,"DAY","Thu")+GETPIVOTDATA("Sum of CORPORATE",'Pivot Table'!$A$16,"DAY","Thu")++GETPIVOTDATA("Sum of CORPORATE",'Pivot Table'!$A$28,"DAY","Thu")+GETPIVOTDATA("Sum of CORPORATE",'Pivot Table'!$A$40,"DAY","Thu")+GETPIVOTDATA("Sum of CORPORATE",'Pivot Table'!$A$52,"DAY","Thu")+GETPIVOTDATA("Sum of CORPORATE",'Pivot Table'!$A$64,"DAY","Thu")+GETPIVOTDATA("Sum of CORPORATE",'Pivot Table'!$A$76,"DAY","Thu")+GETPIVOTDATA("Sum of CORPORATE",'Pivot Table'!$A$88,"DAY","Thu")+GETPIVOTDATA("Sum of CORPORATE",'Pivot Table'!$A$100,"DAY","Thu")+GETPIVOTDATA("Sum of CORPORATE",'Pivot Table'!$A$112,"DAY","Thu")+GETPIVOTDATA("Sum of CORPORATE",'Pivot Table'!$A$124,"DAY","Thu")+GETPIVOTDATA("Sum of CORPORATE",'Pivot Table'!$A$136,"DAY","Thu") -> 0 | N18: Corporate | O18: =GETPIVOTDATA("Sum of CORPORATE",'Pivot Table'!$A$4,"DAY","Fri")+GETPIVOTDATA("Sum of CORPORATE",'Pivot Table'!$A$16,"DAY","Fri")+GETPIVOTDATA("Sum of CORPORATE",'Pivot Table'!$A$28,"DAY","Fri")+GETPIVOTDATA("Sum of CORPORATE",'Pivot Table'!$A$40,"DAY","Fri")+GETPIVOTDATA("Sum of CORPORATE",'Pivot Table'!$A$52,"DAY","Fri")+GETPIVOTDATA("Sum of CORPORATE",'Pivot Table'!$A$64,"DAY","Fri")+GETPIVOTDATA("Sum of CORPORATE",'Pivot Table'!$A$76,"DAY","Sat")+GETPIVOTDATA("Sum of CORPORATE",'Pivot Table'!$A$88,"DAY","Fri")+GETPIVOTDATA("Sum of CORPORATE",'Pivot Table'!$A$100,"DAY","Fri")+GETPIVOTDATA("Sum of CORPORATE",'Pivot Table'!$A$112,"DAY","Fri")+GETPIVOTDATA("Sum of CORPORATE",'Pivot Table'!$A$124,"DAY","Fri")+GETPIVOTDATA("Sum of CORPORATE",'Pivot Table'!$A$136,"DAY","Fri") -> 513 | Q18: Corporate | R18: =GETPIVOTDATA("Sum of CORPORATE",'Pivot Table'!$A$4,"DAY","Sat")+GETPIVOTDATA("Sum of CORPORATE",'Pivot Table'!$A$16,"DAY","Sat")+GETPIVOTDATA("Sum of CORPORATE",'Pivot Table'!$A$28,"DAY","Sat")+GETPIVOTDATA("Sum of CORPORATE",'Pivot Table'!$A$40,"DAY","Sat")+GETPIVOTDATA("Sum of CORPORATE",'Pivot Table'!$A$52,"DAY","Sat")+GETPIVOTDATA("Sum of CORPORATE",'Pivot Table'!$A$64,"DAY","Sat")+GETPIVOTDATA("Sum of CORPORATE",'Pivot Table'!$A$76,"DAY","Sat")+GETPIVOTDATA("Sum of CORPORATE",'Pivot Table'!$A$88,"DAY","Sat")+GETPIVOTDATA("Sum of CORPORATE",'Pivot Table'!$A$100,"DAY","Sat")+GETPIVOTDATA("Sum of CORPORATE",'Pivot Table'!$A$112,"DAY","Sat")+GETPIVOTDATA("Sum of CORPORATE",'Pivot Table'!$A$124,"DAY","Sat")+GETPIVOTDATA("Sum of CORPORATE",'Pivot Table'!$A$136,"DAY","Sat") -> 0 | T18: Corporate | U18: =GETPIVOTDATA("Sum of CORPORATE",'Pivot Table'!$A$4,"DAY","Sun")+GETPIVOTDATA("Sum of CORPORATE",'Pivot Table'!$A$16,"DAY","Sun")+GETPIVOTDATA("Sum of CORPORATE",'Pivot Table'!$A$28,"DAY","Sun")+GETPIVOTDATA("Sum of CORPORATE",'Pivot Table'!$A$40,"DAY","Sun")+GETPIVOTDATA("Sum of CORPORATE",'Pivot Table'!$A$52,"DAY","Sun")+GETPIVOTDATA("Sum of CORPORATE",'Pivot Table'!$A$64,"DAY","Sun")+GETPIVOTDATA("Sum of CORPORATE",'Pivot Table'!$A$76,"DAY","Sun")+GETPIVOTDATA("Sum of CORPORATE",'Pivot Table'!$A$88,"DAY","Sun")+GETPIVOTDATA("Sum of CORPORATE",'Pivot Table'!$A$100,"DAY","Sun")+GETPIVOTDATA("Sum of CORPORATE",'Pivot Table'!$A$112,"DAY","Sun")+GETPIVOTDATA("Sum of CORPORATE",'Pivot Table'!$A$124,"DAY","Sun")+GETPIVOTDATA("Sum of CORPORATE",'Pivot Table'!$A$136,"DAY","Sun") -> 0
B19: Non Playing | C19: =GETPIVOTDATA("Sum of NON-PLAYING",'Pivot Table'!$A$4,"DAY","Mon")+GETPIVOTDATA("Sum of NON-PLAYING",'Pivot Table'!$A$16,"DAY","Mon")+GETPIVOTDATA("Sum of NON-PLAYING",'Pivot Table'!$A$28,"DAY","Mon")+GETPIVOTDATA("Sum of NON-PLAYING",'Pivot Table'!$A$40,"DAY","Mon")+GETPIVOTDATA("Sum of NON-PLAYING",'Pivot Table'!$A$52,"DAY","Mon")+GETPIVOTDATA("Sum of NON-PLAYING",'Pivot Table'!$A$64,"DAY","Mon")+GETPIVOTDATA("Sum of NON-PLAYING",'Pivot Table'!$A$76,"DAY","Mon")+GETPIVOTDATA("Sum of NON-PLAYING",'Pivot Table'!$A$88,"DAY","Mon")+GETPIVOTDATA("Sum of NON-PLAYING",'Pivot Table'!$A$100,"DAY","Mon")+GETPIVOTDATA("Sum of NON-PLAYING",'Pivot Table'!$A$112,"DAY","Mon")+GETPIVOTDATA("Sum of NON-PLAYING",'Pivot Table'!$A$124,"DAY","Mon")+GETPIVOTDATA("Sum of NON-PLAYING",'Pivot Table'!$A$136,"DAY","Mon") -> 30 | E19: Non Playing | F19: =GETPIVOTDATA("Sum of NON-PLAYING",'Pivot Table'!$A$4,"DAY","Tue")+GETPIVOTDATA("Sum of NON-PLAYING",'Pivot Table'!$A$16,"DAY","Tue")+GETPIVOTDATA("Sum of NON-PLAYING",'Pivot Table'!$A$28,"DAY","Tue")+GETPIVOTDATA("Sum of NON-PLAYING",'Pivot Table'!$A$40,"DAY","Tue")+GETPIVOTDATA("Sum of NON-PLAYING",'Pivot Table'!$A$52,"DAY","Tue")+GETPIVOTDATA("Sum of NON-PLAYING",'Pivot Table'!$A$64,"DAY","Tue")+GETPIVOTDATA("Sum of NON-PLAYING",'Pivot Table'!$A$76,"DAY","Tue")+GETPIVOTDATA("Sum of NON-PLAYING",'Pivot Table'!$A$88,"DAY","Tue")+GETPIVOTDATA("Sum of NON-PLAYING",'Pivot Table'!$A$100,"DAY","Tue")+GETPIVOTDATA("Sum of NON-PLAYING",'Pivot Table'!$A$112,"DAY","Tue")+GETPIVOTDATA("Sum of NON-PLAYING",'Pivot Table'!$A$124,"DAY","Tue")+GETPIVOTDATA("Sum of NON-PLAYING",'Pivot Table'!$A$136,"DAY","Tue") -> 33 | H19: Non Playing | I19: =GETPIVOTDATA("Sum of NON-PLAYING",'Pivot Table'!$A$4,"DAY","Wed")+GETPIVOTDATA("Sum of NON-PLAYING",'Pivot Table'!$A$16,"DAY","Wed")+GETPIVOTDATA("Sum of NON-PLAYING",'Pivot Table'!$A$28,"DAY","Wed")+GETPIVOTDATA("Sum of NON-PLAYING",'Pivot Table'!$A$40,"DAY","Wed")+GETPIVOTDATA("Sum of NON-PLAYING",'Pivot Table'!$A$52,"DAY","Wed")+GETPIVOTDATA("Sum of NON-PLAYING",'Pivot Table'!$A$64,"DAY","Wed")+GETPIVOTDATA("Sum of NON-PLAYING",'Pivot Table'!$A$76,"DAY","Wed")+GETPIVOTDATA("Sum of NON-PLAYING",'Pivot Table'!$A$88,"DAY","Wed")+GETPIVOTDATA("Sum of NON-PLAYING",'Pivot Table'!$A$100,"DAY","Wed")+GETPIVOTDATA("Sum of NON-PLAYING",'Pivot Table'!$A$112,"DAY","Wed")+GETPIVOTDATA("Sum of NON-PLAYING",'Pivot Table'!$A$124,"DAY","Wed")+GETPIVOTDATA("Sum of NON-PLAYING",'Pivot Table'!$A$136,"DAY","Wed") -> 20 | K19: Non Playing | L19: =GETPIVOTDATA("Sum of NON-PLAYING",'Pivot Table'!$A$4,"DAY","Thu")+GETPIVOTDATA("Sum of NON-PLAYING",'Pivot Table'!$A$16,"DAY","Thu")+GETPIVOTDATA("Sum of NON-PLAYING",'Pivot Table'!$A$28,"DAY","Thu")+GETPIVOTDATA("Sum of NON-PLAYING",'Pivot Table'!$A$40,"DAY","Thu")+GETPIVOTDATA("Sum of NON-PLAYING",'Pivot Table'!$A$52,"DAY","Thu")+GETPIVOTDATA("Sum of NON-PLAYING",'Pivot Table'!$A$64,"DAY","Thu")+GETPIVOTDATA("Sum of NON-PLAYING",'Pivot Table'!$A$76,"DAY","Thu")+GETPIVOTDATA("Sum of NON-PLAYING",'Pivot Table'!$A$88,"DAY","Thu")+GETPIVOTDATA("Sum of NON-PLAYING",'Pivot Table'!$A$100,"DAY","Thu")+GETPIVOTDATA("Sum of NON-PLAYING",'Pivot Table'!$A$112,"DAY","Thu")+GETPIVOTDATA("Sum of NON-PLAYING",'Pivot Table'!$A$124,"DAY","Thu")+GETPIVOTDATA("Sum of NON-PLAYING",'Pivot Table'!$A$136,"DAY","Thu") -> 29 | N19: Non Playing | O19: =GETPIVOTDATA("Sum of NON-PLAYING",'Pivot Table'!$A$4,"DAY","Fri")+GETPIVOTDATA("Sum of NON-PLAYING",'Pivot Table'!$A$16,"DAY","Fri")+GETPIVOTDATA("Sum of NON-PLAYING",'Pivot Table'!$A$28,"DAY","Fri")+GETPIVOTDATA("Sum of NON-PLAYING",'Pivot Table'!$A$40,"DAY","Fri")+GETPIVOTDATA("Sum of NON-PLAYING",'Pivot Table'!$A$52,"DAY","Fri")+GETPIVOTDATA("Sum of NON-PLAYING",'Pivot Table'!$A$64,"DAY","Fri")+GETPIVOTDATA("Sum of NON-PLAYING",'Pivot Table'!$A$76,"DAY","Fri")+GETPIVOTDATA("Sum of NON-PLAYING",'Pivot Table'!$A$88,"DAY","Fri")+GETPIVOTDATA("Sum of NON-PLAYING",'Pivot Table'!$A$100,"DAY","Fri")+GETPIVOTDATA("Sum of NON-PLAYING",'Pivot Table'!$A$112,"DAY","Fri")+GETPIVOTDATA("Sum of NON-PLAYING",'Pivot Table'!$A$124,"DAY","Fri")+GETPIVOTDATA("Sum of NON-PLAYING",'Pivot Table'!$A$136,"DAY","Fri") -> 55 | Q19: Non Playing | R19: =GETPIVOTDATA("Sum of NON-PLAYING",'Pivot Table'!$A$4,"DAY","Sat")+GETPIVOTDATA("Sum of NON-PLAYING",'Pivot Table'!$A$16,"DAY","Sat")+GETPIVOTDATA("Sum of NON-PLAYING",'Pivot Table'!$A$28,"DAY","Sat")+GETPIVOTDATA("Sum of NON-PLAYING",'Pivot Table'!$A$40,"DAY","Sat")+GETPIVOTDATA("Sum of NON-PLAYING",'Pivot Table'!$A$52,"DAY","Sat")+GETPIVOTDATA("Sum of NON-PLAYING",'Pivot Table'!$A$64,"DAY","Sat")+GETPIVOTDATA("Sum of NON-PLAYING",'Pivot Table'!$A$76,"DAY","Sat")+GETPIVOTDATA("Sum of NON-PLAYING",'Pivot Table'!$A$88,"DAY","Sat")+GETPIVOTDATA("Sum of NON-PLAYING",'Pivot Table'!$A$100,"DAY","Sat")+GETPIVOTDATA("Sum of NON-PLAYING",'Pivot Table'!$A$112,"DAY","Sat")+GETPIVOTDATA("Sum of NON-PLAYING",'Pivot Table'!$A$124,"DAY","Sat")+GETPIVOTDATA("Sum of NON-PLAYING",'Pivot Table'!$A$136,"DAY","Sat") -> 14 | T19: Non Playing | U19: =GETPIVOTDATA("Sum of NON-PLAYING",'Pivot Table'!$A$4,"DAY","Sun")+GETPIVOTDATA("Sum of NON-PLAYING",'Pivot Table'!$A$16,"DAY","Sun")+GETPIVOTDATA("Sum of NON-PLAYING",'Pivot Table'!$A$28,"DAY","Sun")+GETPIVOTDATA("Sum of NON-PLAYING",'Pivot Table'!$A$40,"DAY","Sun")+GETPIVOTDATA("Sum of NON-PLAYING",'Pivot Table'!$A$52,"DAY","Sun")+GETPIVOTDATA("Sum of NON-PLAYING",'Pivot Table'!$A$64,"DAY","Sun")+GETPIVOTDATA("Sum of NON-PLAYING",'Pivot Table'!$A$76,"DAY","Sun")+GETPIVOTDATA("Sum of NON-PLAYING",'Pivot Table'!$A$88,"DAY","Sun")+GETPIVOTDATA("Sum of NON-PLAYING",'Pivot Table'!$A$100,"DAY","Sun")+GETPIVOTDATA("Sum of NON-PLAYING",'Pivot Table'!$A$112,"DAY","Sun")+GETPIVOTDATA("Sum of NON-PLAYING",'Pivot Table'!$A$124,"DAY","Sun")+GETPIVOTDATA("Sum of NON-PLAYING",'Pivot Table'!$A$136,"DAY","Sun") -> 48
B20: Voucher | C20: =GETPIVOTDATA("Sum of VOUCHER",'Pivot Table'!$A$4,"DAY","Mon")+GETPIVOTDATA("Sum of VOUCHER",'Pivot Table'!$A$16,"DAY","Mon")+GETPIVOTDATA("Sum of VOUCHER",'Pivot Table'!$A$28,"DAY","Mon")+GETPIVOTDATA("Sum of VOUCHER",'Pivot Table'!$A$40,"DAY","Mon")+GETPIVOTDATA("Sum of VOUCHER",'Pivot Table'!$A$52,"DAY","Mon")+GETPIVOTDATA("Sum of VOUCHER",'Pivot Table'!$A$64,"DAY","Mon")+GETPIVOTDATA("Sum of VOUCHER",'Pivot Table'!$A$76,"DAY","Mon")+GETPIVOTDATA("Sum of VOUCHER",'Pivot Table'!$A$88,"DAY","Mon")+GETPIVOTDATA("Sum of VOUCHER",'Pivot Table'!$A$100,"DAY","Mon")+GETPIVOTDATA("Sum of VOUCHER",'Pivot Table'!$A$112,"DAY","Mon")+GETPIVOTDATA("Sum of VOUCHER",'Pivot Table'!$A$124,"DAY","Mon")+GETPIVOTDATA("Sum of VOUCHER",'Pivot Table'!$A$136,"DAY","Mon") -> 106 | E20: Voucher | F20: =GETPIVOTDATA("Sum of VOUCHER",'Pivot Table'!$A$4,"DAY","Tue")+GETPIVOTDATA("Sum of VOUCHER",'Pivot Table'!$A$16,"DAY","Tue")+GETPIVOTDATA("Sum of VOUCHER",'Pivot Table'!$A$28,"DAY","Tue")+GETPIVOTDATA("Sum of VOUCHER",'Pivot Table'!$A$40,"DAY","Tue")+GETPIVOTDATA("Sum of VOUCHER",'Pivot Table'!$A$52,"DAY","Tue")+GETPIVOTDATA("Sum of VOUCHER",'Pivot Table'!$A$64,"DAY","Tue")+GETPIVOTDATA("Sum of VOUCHER",'Pivot Table'!$A$76,"DAY","Tue")+GETPIVOTDATA("Sum of VOUCHER",'Pivot Table'!$A$88,"DAY","Tue")+GETPIVOTDATA("Sum of VOUCHER",'Pivot Table'!$A$100,"DAY","Tue")+GETPIVOTDATA("Sum of VOUCHER",'Pivot Table'!$A$112,"DAY","Tue")+GETPIVOTDATA("Sum of VOUCHER",'Pivot Table'!$A$124,"DAY","Tue")+GETPIVOTDATA("Sum of VOUCHER",'Pivot Table'!$A$136,"DAY","Tue") -> 8 | H20: Voucher | I20: =GETPIVOTDATA("Sum of VOUCHER",'Pivot Table'!$A$4,"DAY","Wed")+GETPIVOTDATA("Sum of VOUCHER",'Pivot Table'!$A$16,"DAY","Wed")+GETPIVOTDATA("Sum of VOUCHER",'Pivot Table'!$A$28,"DAY","Wed")+GETPIVOTDATA("Sum of VOUCHER",'Pivot Table'!$A$40,"DAY","Wed")+GETPIVOTDATA("Sum of VOUCHER",'Pivot Table'!$A$52,"DAY","Wed")+GETPIVOTDATA("Sum of VOUCHER",'Pivot Table'!$A$64,"DAY","Wed")+GETPIVOTDATA("Sum of VOUCHER",'Pivot Table'!$A$76,"DAY","Wed")+GETPIVOTDATA("Sum of VOUCHER",'Pivot Table'!$A$88,"DAY","Wed")+GETPIVOTDATA("Sum of VOUCHER",'Pivot Table'!$A$100,"DAY","Wed")+GETPIVOTDATA("Sum of VOUCHER",'Pivot Table'!$A$112,"DAY","Wed")+GETPIVOTDATA("Sum of VOUCHER",'Pivot Table'!$A$124,"DAY","Wed")+GETPIVOTDATA("Sum of VOUCHER",'Pivot Table'!$A$136,"DAY","Wed") -> 214 | K20: Voucher | L20: =GETPIVOTDATA("Sum of VOUCHER",'Pivot Table'!$A$4,"DAY","Thu")+GETPIVOTDATA("Sum of VOUCHER",'Pivot Table'!$A$16,"DAY","Thu")+GETPIVOTDATA("Sum of VOUCHER",'Pivot Table'!$A$28,"DAY","Thu")+GETPIVOTDATA("Sum of VOUCHER",'Pivot Table'!$A$40,"DAY","Thu")+GETPIVOTDATA("Sum of VOUCHER",'Pivot Table'!$A$52,"DAY","Thu")+GETPIVOTDATA("Sum of VOUCHER",'Pivot Table'!$A$64,"DAY","Thu")+GETPIVOTDATA("Sum of VOUCHER",'Pivot Table'!$A$76,"DAY","Thu")+GETPIVOTDATA("Sum of VOUCHER",'Pivot Table'!$A$88,"DAY","Thu")+GETPIVOTDATA("Sum of VOUCHER",'Pivot Table'!$A$100,"DAY","Thu")+GETPIVOTDATA("Sum of VOUCHER",'Pivot Table'!$A$112,"DAY","Thu")+GETPIVOTDATA("Sum of VOUCHER",'Pivot Table'!$A$124,"DAY","Thu")+GETPIVOTDATA("Sum of VOUCHER",'Pivot Table'!$A$136,"DAY","Thu") -> 4 | N20: Voucher | O20: =GETPIVOTDATA("Sum of VOUCHER",'Pivot Table'!$A$4,"DAY","Fri")+GETPIVOTDATA("Sum of VOUCHER",'Pivot Table'!$A$16,"DAY","Fri")+GETPIVOTDATA("Sum of VOUCHER",'Pivot Table'!$A$28,"DAY","Fri")+GETPIVOTDATA("Sum of VOUCHER",'Pivot Table'!$A$40,"DAY","Fri")+GETPIVOTDATA("Sum of VOUCHER",'Pivot Table'!$A$52,"DAY","Fri")+GETPIVOTDATA("Sum of VOUCHER",'Pivot Table'!$A$64,"DAY","Fri")+GETPIVOTDATA("Sum of VOUCHER",'Pivot Table'!$A$76,"DAY","Fri")+GETPIVOTDATA("Sum of VOUCHER",'Pivot Table'!$A$88,"DAY","Fri")+GETPIVOTDATA("Sum of VOUCHER",'Pivot Table'!$A$100,"DAY","Fri")+GETPIVOTDATA("Sum of VOUCHER",'Pivot Table'!$A$112,"DAY","Fri")+GETPIVOTDATA("Sum of VOUCHER",'Pivot Table'!$A$124,"DAY","Fri")+GETPIVOTDATA("Sum of VOUCHER",'Pivot Table'!$A$136,"DAY","Fri") -> 139 | Q20: Voucher | R20: =GETPIVOTDATA("Sum of VOUCHER",'Pivot Table'!$A$4,"DAY","Sat")+GETPIVOTDATA("Sum of VOUCHER",'Pivot Table'!$A$16,"DAY","Sat")+GETPIVOTDATA("Sum of VOUCHER",'Pivot Table'!$A$28,"DAY","Sat")+GETPIVOTDATA("Sum of VOUCHER",'Pivot Table'!$A$40,"DAY","Sat")+GETPIVOTDATA("Sum of VOUCHER",'Pivot Table'!$A$52,"DAY","Sat")+GETPIVOTDATA("Sum of VOUCHER",'Pivot Table'!$A$64,"DAY","Sat")+GETPIVOTDATA("Sum of VOUCHER",'Pivot Table'!$A$76,"DAY","Sat")+GETPIVOTDATA("Sum of VOUCHER",'Pivot Table'!$A$88,"DAY","Sat")+GETPIVOTDATA("Sum of VOUCHER",'Pivot Table'!$A$100,"DAY","Sat")+GETPIVOTDATA("Sum of VOUCHER",'Pivot Table'!$A$112,"DAY","Sat")+GETPIVOTDATA("Sum of VOUCHER",'Pivot Table'!$A$124,"DAY","Sat")+GETPIVOTDATA("Sum of VOUCHER",'Pivot Table'!$A$136,"DAY","Sat") -> 0 | T20: Voucher | U20: =GETPIVOTDATA("Sum of VOUCHER",'Pivot Table'!$A$4,"DAY","Sun")+GETPIVOTDATA("Sum of VOUCHER",'Pivot Table'!$A$16,"DAY","Sun")+GETPIVOTDATA("Sum of VOUCHER",'Pivot Table'!$A$28,"DAY","Sun")+GETPIVOTDATA("Sum of VOUCHER",'Pivot Table'!$A$40,"DAY","Sun")+GETPIVOTDATA("Sum of VOUCHER",'Pivot Table'!$A$52,"DAY","Sun")+GETPIVOTDATA("Sum of VOUCHER",'Pivot Table'!$A$64,"DAY","Sun")+GETPIVOTDATA("Sum of VOUCHER",'Pivot Table'!$A$76,"DAY","Sun")+GETPIVOTDATA("Sum of VOUCHER",'Pivot Table'!$A$88,"DAY","Sun")+GETPIVOTDATA("Sum of VOUCHER",'Pivot Table'!$A$100,"DAY","Sun")+GETPIVOTDATA("Sum of VOUCHER",'Pivot Table'!$A$112,"DAY","Sun")+GETPIVOTDATA("Sum of VOUCHER",'Pivot Table'!$A$124,"DAY","Sun")+GETPIVOTDATA("Sum of VOUCHER",'Pivot Table'!$A$136,"DAY","Sun") -> 157
B21: Reciprocal | C21: =GETPIVOTDATA("Sum of RECIP",'Pivot Table'!$A$4,"DAY","Mon")+GETPIVOTDATA("Sum of RECIP",'Pivot Table'!$A$16,"DAY","Mon")+GETPIVOTDATA("Sum of RECIP",'Pivot Table'!$A$28,"DAY","Mon")+GETPIVOTDATA("Sum of RECIP",'Pivot Table'!$A$40,"DAY","Mon")+GETPIVOTDATA("Sum of RECIP",'Pivot Table'!$A$52,"DAY","Mon")+GETPIVOTDATA("Sum of RECIP",'Pivot Table'!$A$64,"DAY","Mon")+GETPIVOTDATA("Sum of RECIP",'Pivot Table'!$A$76,"DAY","Mon")+GETPIVOTDATA("Sum of RECIP",'Pivot Table'!$A$88,"DAY","Mon")+GETPIVOTDATA("Sum of RECIP",'Pivot Table'!$A$100,"DAY","Mon")+GETPIVOTDATA("Sum of RECIP",'Pivot Table'!$A$112,"DAY","Mon")+GETPIVOTDATA("Sum of RECIP",'Pivot Table'!$A$124,"DAY","Mon")+GETPIVOTDATA("Sum of RECIP",'Pivot Table'!$A$136,"DAY","Mon") -> 178 | E21: Reciprocal | F21: =GETPIVOTDATA("Sum of RECIP",'Pivot Table'!$A$4,"DAY","Tue")+GETPIVOTDATA("Sum of RECIP",'Pivot Table'!$A$16,"DAY","Tue")+GETPIVOTDATA("Sum of RECIP",'Pivot Table'!$A$28,"DAY","Tue")+GETPIVOTDATA("Sum of RECIP",'Pivot Table'!$A$40,"DAY","Tue")+GETPIVOTDATA("Sum of RECIP",'Pivot Table'!$A$52,"DAY","Tue")+GETPIVOTDATA("Sum of RECIP",'Pivot Table'!$A$64,"DAY","Tue")+GETPIVOTDATA("Sum of RECIP",'Pivot Table'!$A$76,"DAY","Tue")+GETPIVOTDATA("Sum of RECIP",'Pivot Table'!$A$88,"DAY","Tue")+GETPIVOTDATA("Sum of RECIP",'Pivot Table'!$A$100,"DAY","Tue")+GETPIVOTDATA("Sum of RECIP",'Pivot Table'!$A$112,"DAY","Tue")+GETPIVOTDATA("Sum of RECIP",'Pivot Table'!$A$124,"DAY","Tue")+GETPIVOTDATA("Sum of RECIP",'Pivot Table'!$A$136,"DAY","Tue") -> 16 | H21: Reciprocal | I21: =GETPIVOTDATA("Sum of RECIP",'Pivot Table'!$A$4,"DAY","Wed")+GETPIVOTDATA("Sum of RECIP",'Pivot Table'!$A$16,"DAY","Wed")+GETPIVOTDATA("Sum of RECIP",'Pivot Table'!$A$28,"DAY","Wed")+GETPIVOTDATA("Sum of RECIP",'Pivot Table'!$A$40,"DAY","Wed")+GETPIVOTDATA("Sum of RECIP",'Pivot Table'!$A$52,"DAY","Wed")+GETPIVOTDATA("Sum of RECIP",'Pivot Table'!$A$64,"DAY","Wed")+GETPIVOTDATA("Sum of RECIP",'Pivot Table'!$A$76,"DAY","Wed")+GETPIVOTDATA("Sum of RECIP",'Pivot Table'!$A$88,"DAY","Wed")+GETPIVOTDATA("Sum of RECIP",'Pivot Table'!$A$100,"DAY","Wed")+GETPIVOTDATA("Sum of RECIP",'Pivot Table'!$A$112,"DAY","Wed")+GETPIVOTDATA("Sum of RECIP",'Pivot Table'!$A$124,"DAY","Wed")+GETPIVOTDATA("Sum of RECIP",'Pivot Table'!$A$136,"DAY","Wed") -> 189 | K21: Reciprocal | L21: =GETPIVOTDATA("Sum of RECIP",'Pivot Table'!$A$4,"DAY","Thu")+GETPIVOTDATA("Sum of RECIP",'Pivot Table'!$A$16,"DAY","Thu")+GETPIVOTDATA("Sum of RECIP",'Pivot Table'!$A$28,"DAY","Thu")+GETPIVOTDATA("Sum of RECIP",'Pivot Table'!$A$40,"DAY","Thu")+GETPIVOTDATA("Sum of RECIP",'Pivot Table'!$A$52,"DAY","Thu")+GETPIVOTDATA("Sum of RECIP",'Pivot Table'!$A$64,"DAY","Thu")+GETPIVOTDATA("Sum of RECIP",'Pivot Table'!$A$76,"DAY","Thu")+GETPIVOTDATA("Sum of RECIP",'Pivot Table'!$A$88,"DAY","Thu")+GETPIVOTDATA("Sum of RECIP",'Pivot Table'!$A$100,"DAY","Thu")+GETPIVOTDATA("Sum of RECIP",'Pivot Table'!$A$112,"DAY","Thu")+GETPIVOTDATA("Sum of RECIP",'Pivot Table'!$A$124,"DAY","Thu")+GETPIVOTDATA("Sum of RECIP",'Pivot Table'!$A$136,"DAY","Thu") -> 44 | N21: Reciprocal | O21: =GETPIVOTDATA("Sum of RECIP",'Pivot Table'!$A$4,"DAY","Fri")+GETPIVOTDATA("Sum of RECIP",'Pivot Table'!$A$16,"DAY","Fri")+GETPIVOTDATA("Sum of RECIP",'Pivot Table'!$A$28,"DAY","Fri")+GETPIVOTDATA("Sum of RECIP",'Pivot Table'!$A$40,"DAY","Fri")+GETPIVOTDATA("Sum of RECIP",'Pivot Table'!$A$52,"DAY","Fri")+GETPIVOTDATA("Sum of RECIP",'Pivot Table'!$A$64,"DAY","Fri")+GETPIVOTDATA("Sum of RECIP",'Pivot Table'!$A$76,"DAY","Fri")+GETPIVOTDATA("Sum of RECIP",'Pivot Table'!$A$88,"DAY","Fri")+GETPIVOTDATA("Sum of RECIP",'Pivot Table'!$A$100,"DAY","Fri")+GETPIVOTDATA("Sum of RECIP",'Pivot Table'!$A$112,"DAY","Fri")+GETPIVOTDATA("Sum of RECIP",'Pivot Table'!$A$124,"DAY","Fri")+GETPIVOTDATA("Sum of RECIP",'Pivot Table'!$A$136,"DAY","Fri") -> 164 | Q21: Reciprocal | R21: =GETPIVOTDATA("Sum of RECIP",'Pivot Table'!$A$4,"DAY","Sat")+GETPIVOTDATA("Sum of RECIP",'Pivot Table'!$A$16,"DAY","Sat")+GETPIVOTDATA("Sum of RECIP",'Pivot Table'!$A$28,"DAY","Sat")+GETPIVOTDATA("Sum of RECIP",'Pivot Table'!$A$40,"DAY","Sat")+GETPIVOTDATA("Sum of RECIP",'Pivot Table'!$A$52,"DAY","Sat")+GETPIVOTDATA("Sum of RECIP",'Pivot Table'!$A$64,"DAY","Sat")+GETPIVOTDATA("Sum of RECIP",'Pivot Table'!$A$76,"DAY","Sat")+GETPIVOTDATA("Sum of RECIP",'Pivot Table'!$A$88,"DAY","Sat")+GETPIVOTDATA("Sum of RECIP",'Pivot Table'!$A$100,"DAY","Sat")+GETPIVOTDATA("Sum of RECIP",'Pivot Table'!$A$112,"DAY","Sat")+GETPIVOTDATA("Sum of RECIP",'Pivot Table'!$A$124,"DAY","Sat")+GETPIVOTDATA("Sum of RECIP",'Pivot Table'!$A$136,"DAY","Sat") -> 54 | T21: Reciprocal | U21: =GETPIVOTDATA("Sum of RECIP",'Pivot Table'!$A$4,"DAY","Sun")+GETPIVOTDATA("Sum of RECIP",'Pivot Table'!$A$16,"DAY","Sun")+GETPIVOTDATA("Sum of RECIP",'Pivot Table'!$A$28,"DAY","Sun")+GETPIVOTDATA("Sum of RECIP",'Pivot Table'!$A$40,"DAY","Sun")+GETPIVOTDATA("Sum of RECIP",'Pivot Table'!$A$52,"DAY","Sun")+GETPIVOTDATA("Sum of RECIP",'Pivot Table'!$A$64,"DAY","Sun")+GETPIVOTDATA("Sum of RECIP",'Pivot Table'!$A$76,"DAY","Sun")+GETPIVOTDATA("Sum of RECIP",'Pivot Table'!$A$88,"DAY","Sun")+GETPIVOTDATA("Sum of RECIP",'Pivot Table'!$A$100,"DAY","Sun")+GETPIVOTDATA("Sum of RECIP",'Pivot Table'!$A$112,"DAY","Sun")+GETPIVOTDATA("Sum of RECIP",'Pivot Table'!$A$124,"DAY","Sun")+GETPIVOTDATA("Sum of RECIP",'Pivot Table'!$A$136,"DAY","Sun") -> 132
B22: Competition | C22: =GETPIVOTDATA("Sum of COMP",'Pivot Table'!$A$4,"DAY","Mon")+GETPIVOTDATA("Sum of COMP",'Pivot Table'!$A$16,"DAY","Mon")+GETPIVOTDATA("Sum of COMP",'Pivot Table'!$A$28,"DAY","Mon")+GETPIVOTDATA("Sum of COMP",'Pivot Table'!$A$40,"DAY","Mon")+GETPIVOTDATA("Sum of COMP",'Pivot Table'!$A$52,"DAY","Mon")+GETPIVOTDATA("Sum of COMP",'Pivot Table'!$A$64,"DAY","Mon")+GETPIVOTDATA("Sum of COMP",'Pivot Table'!$A$76,"DAY","Mon")+GETPIVOTDATA("Sum of COMP",'Pivot Table'!$A$88,"DAY","Mon")+GETPIVOTDATA("Sum of COMP",'Pivot Table'!$A$100,"DAY","Mon")+GETPIVOTDATA("Sum of COMP",'Pivot Table'!$A$112,"DAY","Mon")+GETPIVOTDATA("Sum of COMP",'Pivot Table'!$A$124,"DAY","Mon")+GETPIVOTDATA("Sum of COMP",'Pivot Table'!$A$136,"DAY","Mon") -> 2701 | E22: Competition | F22: =GETPIVOTDATA("Sum of COMP",'Pivot Table'!$A$4,"DAY","Tue")+GETPIVOTDATA("Sum of COMP",'Pivot Table'!$A$16,"DAY","Tue")+GETPIVOTDATA("Sum of COMP",'Pivot Table'!$A$28,"DAY","Tue")+GETPIVOTDATA("Sum of COMP",'Pivot Table'!$A$40,"DAY","Tue")+GETPIVOTDATA("Sum of COMP",'Pivot Table'!$A$52,"DAY","Tue")+GETPIVOTDATA("Sum of COMP",'Pivot Table'!$A$64,"DAY","Tue")+GETPIVOTDATA("Sum of COMP",'Pivot Table'!$A$76,"DAY","Tue")+GETPIVOTDATA("Sum of COMP",'Pivot Table'!$A$88,"DAY","Tue")+GETPIVOTDATA("Sum of COMP",'Pivot Table'!$A$100,"DAY","Tue")+GETPIVOTDATA("Sum of COMP",'Pivot Table'!$A$112,"DAY","Tue")+GETPIVOTDATA("Sum of COMP",'Pivot Table'!$A$124,"DAY","Tue")+GETPIVOTDATA("Sum of COMP",'Pivot Table'!$A$136,"DAY","Tue") -> 140 | H22: Competition | I22: =GETPIVOTDATA("Sum of COMP",'Pivot Table'!$A$4,"DAY","Wed")+GETPIVOTDATA("Sum of COMP",'Pivot Table'!$A$16,"DAY","Wed")+GETPIVOTDATA("Sum of COMP",'Pivot Table'!$A$28,"DAY","Wed")+GETPIVOTDATA("Sum of COMP",'Pivot Table'!$A$40,"DAY","Wed")+GETPIVOTDATA("Sum of COMP",'Pivot Table'!$A$52,"DAY","Wed")+GETPIVOTDATA("Sum of COMP",'Pivot Table'!$A$64,"DAY","Wed")+GETPIVOTDATA("Sum of COMP",'Pivot Table'!$A$76,"DAY","Wed")+GETPIVOTDATA("Sum of COMP",'Pivot Table'!$A$88,"DAY","Wed")+GETPIVOTDATA("Sum of COMP",'Pivot Table'!$A$100,"DAY","Wed")+GETPIVOTDATA("Sum of COMP",'Pivot Table'!$A$112,"DAY","Wed")+GETPIVOTDATA("Sum of COMP",'Pivot Table'!$A$124,"DAY","Wed")+GETPIVOTDATA("Sum of COMP",'Pivot Table'!$A$136,"DAY","Wed") -> 1038 | K22: Competition | L22: =GETPIVOTDATA("Sum of COMP",'Pivot Table'!$A$4,"DAY","Thu")+GETPIVOTDATA("Sum of COMP",'Pivot Table'!$A$16,"DAY","Thu")+GETPIVOTDATA("Sum of COMP",'Pivot Table'!$A$28,"DAY","Thu")+GETPIVOTDATA("Sum of COMP",'Pivot Table'!$A$40,"DAY","Thu")+GETPIVOTDATA("Sum of COMP",'Pivot Table'!$A$52,"DAY","Thu")+GETPIVOTDATA("Sum of COMP",'Pivot Table'!$A$64,"DAY","Thu")+GETPIVOTDATA("Sum of COMP",'Pivot Table'!$A$76,"DAY","Thu")+GETPIVOTDATA("Sum of COMP",'Pivot Table'!$A$88,"DAY","Thu")+GETPIVOTDATA("Sum of COMP",'Pivot Table'!$A$100,"DAY","Thu")+GETPIVOTDATA("Sum of COMP",'Pivot Table'!$A$112,"DAY","Thu")+GETPIVOTDATA("Sum of COMP",'Pivot Table'!$A$124,"DAY","Thu")+GETPIVOTDATA("Sum of COMP",'Pivot Table'!$A$136,"DAY","Thu") -> 7228 | N22: Competition | O22: =GETPIVOTDATA("Sum of COMP",'Pivot Table'!$A$4,"DAY","Fri")+GETPIVOTDATA("Sum of COMP",'Pivot Table'!$A$16,"DAY","Fri")+GETPIVOTDATA("Sum of COMP",'Pivot Table'!$A$28,"DAY","Fri")+GETPIVOTDATA("Sum of COMP",'Pivot Table'!$A$40,"DAY","Fri")+GETPIVOTDATA("Sum of COMP",'Pivot Table'!$A$52,"DAY","Fri")+GETPIVOTDATA("Sum of COMP",'Pivot Table'!$A$64,"DAY","Fri")+GETPIVOTDATA("Sum of COMP",'Pivot Table'!$A$76,"DAY","Fri")+GETPIVOTDATA("Sum of COMP",'Pivot Table'!$A$88,"DAY","Fri")+GETPIVOTDATA("Sum of COMP",'Pivot Table'!$A$100,"DAY","Fri")+GETPIVOTDATA("Sum of COMP",'Pivot Table'!$A$112,"DAY","Fri")+GETPIVOTDATA("Sum of COMP",'Pivot Table'!$A$124,"DAY","Fri")+GETPIVOTDATA("Sum of COMP",'Pivot Table'!$A$136,"DAY","Fri") -> 3090 | Q22: Competition | R22: =GETPIVOTDATA("Sum of COMP",'Pivot Table'!$A$4,"DAY","Sat")+GETPIVOTDATA("Sum of COMP",'Pivot Table'!$A$16,"DAY","Sat")+GETPIVOTDATA("Sum of COMP",'Pivot Table'!$A$28,"DAY","Sat")+GETPIVOTDATA("Sum of COMP",'Pivot Table'!$A$40,"DAY","Sat")+GETPIVOTDATA("Sum of COMP",'Pivot Table'!$A$52,"DAY","Sat")+GETPIVOTDATA("Sum of COMP",'Pivot Table'!$A$64,"DAY","Sat")+GETPIVOTDATA("Sum of COMP",'Pivot Table'!$A$76,"DAY","Sat")+GETPIVOTDATA("Sum of COMP",'Pivot Table'!$A$88,"DAY","Sat")+GETPIVOTDATA("Sum of COMP",'Pivot Table'!$A$100,"DAY","Sat")+GETPIVOTDATA("Sum of COMP",'Pivot Table'!$A$112,"DAY","Sat")+GETPIVOTDATA("Sum of COMP",'Pivot Table'!$A$124,"DAY","Sat")+GETPIVOTDATA("Sum of COMP",'Pivot Table'!$A$136,"DAY","Sat") -> 6688 | T22: Competition | U22: =GETPIVOTDATA("Sum of COMP",'Pivot Table'!$A$4,"DAY","Sun")+GETPIVOTDATA("Sum of COMP",'Pivot Table'!$A$16,"DAY","Sun")+GETPIVOTDATA("Sum of COMP",'Pivot Table'!$A$28,"DAY","Sun")+GETPIVOTDATA("Sum of COMP",'Pivot Table'!$A$40,"DAY","Sun")+GETPIVOTDATA("Sum of COMP",'Pivot Table'!$A$52,"DAY","Sun")+GETPIVOTDATA("Sum of COMP",'Pivot Table'!$A$64,"DAY","Sun")+GETPIVOTDATA("Sum of COMP",'Pivot Table'!$A$76,"DAY","Sun")+GETPIVOTDATA("Sum of COMP",'Pivot Table'!$A$88,"DAY","Sun")+GETPIVOTDATA("Sum of COMP",'Pivot Table'!$A$100,"DAY","Sun")+GETPIVOTDATA("Sum of COMP",'Pivot Table'!$A$112,"DAY","Sun")+GETPIVOTDATA("Sum of COMP",'Pivot Table'!$A$124,"DAY","Sun")+GETPIVOTDATA("Sum of COMP",'Pivot Table'!$A$136,"DAY","Sun") -> 5882
B25: Averages (Day)
B27: Monday | E27: Tuesday | H27: Wednesday | K27: Thursday | N27: Friday | Q27: Saturday | T27: Sunday
B29: AM Field | C29: =C6 /52 -> 43.461538 | E29: AM Field | F29: =F6 /52 -> 81.153846 | H29: AM Field | I29: =I6 /52 -> 64.461538 | K29: AM Field | L29: =L6 /52 -> 74.5 | N29: AM Field | O29: =O6 /52 -> 88.057692 | Q29: AM Field | R29: =R6 /52 -> 82.788462 | T29: AM Field | U29: =U6 /52 -> 83.192308
B30: PM Field | C30: =C7 /52 -> 65.365385 | E30: PM Field | F30: =F7 /52 -> 31.442308 | H30: PM Field | I30: =I7 /52 -> 68.442308 | K30: PM Field | L30: =L7 /52 -> 73.576923 | N30: PM Field | O30: =O7 /52 -> 72.288462 | Q30: PM Field | R30: =R7 /52 -> 63.75 | T30: PM Field | U30: =U7 /52 -> 72.923077
B31: Total Field | C31: =C8 /52 -> 108.82692 | E31: Total Field | F31: =F8 /52 -> 112.59615 | H31: Total Field | I31: =I8 /52 -> 132.90385 | K31: Total Field | L31: =L8 /52 -> 148.07692 | N31: Total Field | O31: =O8 /52 -> 160.34615 | Q31: Total Field | R31: =R8 /52 -> 146.53846 | T31: Total Field | U31: =U8 /52 -> 156.11538
B32: Guests | C32: =C9 /52 -> 28.211538 | E32: Guests | F32: =F9 /52 -> 6.0769231 | H32: Guests | I32: =I9 /52 -> 67.442308 | K32: Guests | L32: =L9 /52 -> 1.9230769 | N32: Guests | O32: =O9 /52 -> 49.980769 | Q32: Guests | R32: =R9 /52 -> 4.2307692 | T32: Guests | U32: =U9 /52 -> 26.307692
B33: Member / Guest Ratio | C33: =SUM(C32/C31) -> 0.25923308 | E33: Member / Guest Ratio | F33: =SUM(F32/F31) -> 0.053970965 | H33: Member / Guest Ratio | I33: =SUM(I32/I31) -> 0.50745189 | K33: Member / Guest Ratio | L33: =SUM(L32/L31) -> 0.012987013 | N33: Member / Guest Ratio | O33: =SUM(O32/O31) -> 0.31170544 | Q33: Member / Guest Ratio | R33: =SUM(R32/R31) -> 0.028871391 | T33: Member / Guest Ratio | U33: =SUM(U32/U31) -> 0.16851441
B34: Member Play | C34: =C11 /52 -> 0 | E34: Member Play | F34: =F11 /52 -> 105.88462 | H34: Member Play | I34: =I11 /52 -> 65.076923 | K34: Member Play | L34: =L11 /52 -> 145.59615 | N34: Member Play | O34: =O11 /52 -> 109.30769 | Q34: Member Play | R34: =R11 /52 -> 142.03846 | T34: Member Play | U34: =U11 /52 -> 128.88462
B35: Manger Intro | C35: =C12 /52 -> 0.55769231 | E35: Manger Intro | F35: =F12 /52 -> 0 | H35: Manger Intro | I35: =I12 /52 -> 0.90384615 | K35: Manger Intro | L35: =L12 /52 -> 0.076923077 | N35: Manger Intro | O35: =O12 /52 -> 1.2692308 | Q35: Manger Intro | R35: =R12 /52 -> 0 | T35: Manger Intro | U35: =U12 /52 -> 0.86538462
B36: Interstate | C36: =C13 /52 -> 0.75 | E36: Interstate | F36: =F13 /52 -> 0 | H36: Interstate | I36: =I13 /52 -> 1.0961538 | K36: Interstate | L36: =L13 /52 -> 0.038461538 | N36: Interstate | O36: =O13 /52 -> 0.92307692 | Q36: Interstate | R36: =R13 /52 -> 0 | T36: Interstate | U36: =U13 /52 -> 0.019230769
B37: International | C37: =C14 /52 -> 1.6730769 | E37: International | F37: =F14 /52 -> 0.34615385 | H37: International | I37: =I14 /52 -> 3.25 | K37: International | L37: =L14 /52 -> 0.019230769 | N37: International | O37: =O14 /52 -> 0.90384615 | Q37: International | R37: =R14 /52 -> 0.057692308 | T37: International | U37: =U14 /52 -> 0.13461538
B38: Industry Guest | C38: =C15 /52 -> 0.23076923 | E38: Industry Guest | F38: =F15 /52 -> 0.25 | H38: Industry Guest | I38: =I15 /52 -> 0.86538462 | K38: Industry Guest | L38: =L15 /52 -> 0.13461538 | N38: Industry Guest | O38: =O15 /52 -> 0.36538462 | Q38: Industry Guest | R38: =R15 /52 -> 0 | T38: Industry Guest | U38: =U15 /52 -> 0.096153846
B39: Member Intro | C39: =C16 /52 -> 9.0961538 | E39: Member Intro | F39: =F16 /52 -> 2.8653846 | H39: Member Intro | I39: =I16 /52 -> 12.326923 | K39: Member Intro | L39: =L16 /52 -> 0.73076923 | N39: Member Intro | O39: =O16 /52 -> 26.865385 | Q39: Member Intro | R39: =R16 /52 -> 3.1346154 | T39: Member Intro | U39: =U16 /52 -> 16.173077
B40: Member Guest Unaccompanied | C40: =C17 /52 -> 0.26923077 | E40: Member Guest Unaccompanied | F40: =F17 /52 -> 0 | H40: Member Guest Unaccompanied | I40: =I17 /52 -> 0.34615385 | K40: Member Guest Unaccompanied | L40: =L17 /52 -> 0 | N40: Member Guest Unaccompanied | O40: =O17 /52 -> 0.23076923 | Q40: Member Guest Unaccompanied | R40: =R17 /52 -> 0 | T40: Member Guest Unaccompanied | U40: =U17 /52 -> 0
B41: Corporate | C41: =C18 /52 -> 0.69230769 | E41: Corporate | F41: =F18 /52 -> 0 | H41: Corporate | I41: =I18 /52 -> 40.442308 | K41: Corporate | L41: =L18 /52 -> 0 | N41: Corporate | O41: =O18 /52 -> 9.8653846 | Q41: Corporate | R41: =R18 /52 -> 0 | T41: Corporate | U41: =U18 /52 -> 0
B42: Non Playing | C42: =C19 /52 -> 0.57692308 | E42: Non Playing | F42: =F19 /52 -> 0.63461538 | H42: Non Playing | I42: =I19 /52 -> 0.38461538 | K42: Non Playing | L42: =L19 /52 -> 0.55769231 | N42: Non Playing | O42: =O19 /52 -> 1.0576923 | Q42: Non Playing | R42: =R19 /52 -> 0.26923077 | T42: Non Playing | U42: =U19 /52 -> 0.92307692
B43: Voucher | C43: =C20 /52 -> 2.0384615 | E43: Voucher | F43: =F20 /52 -> 0.15384615 | H43: Voucher | I43: =I20 /52 -> 4.1153846 | K43: Voucher | L43: =L20 /52 -> 0.076923077 | N43: Voucher | O43: =O20 /52 -> 2.6730769 | Q43: Voucher | R43: =R20 /52 -> 0 | T43: Voucher | U43: =U20 /52 -> 3.0192308
B44: Reciprocal | C44: =C21 /52 -> 3.4230769 | E44: Reciprocal | F44: =F21 /52 -> 0.30769231 | H44: Reciprocal | I44: =I21 /52 -> 3.6346154 | K44: Reciprocal | L44: =L21 /52 -> 0.84615385 | N44: Reciprocal | O44: =O21 /52 -> 3.1538462 | Q44: Reciprocal | R44: =R21 /52 -> 1.0384615 | T44: Reciprocal | U44: =U21 /52 -> 2.5384615
B45: Competition | C45: =C22 /52 -> 51.942308 | E45: Competition | F45: =F22 /52 -> 2.6923077 | H45: Competition | I45: =I22 /52 -> 19.961538 | K45: Competition | L45: =L22 /52 -> 139 | N45: Competition | O45: =O22 /52 -> 59.423077 | Q45: Competition | R45: =R22 /52 -> 128.61538 | T45: Competition | U45: =U22 /52 -> 113.11538
B48: Monday | C48: =GETPIVOTDATA("Sum of TOTAL FIELD",'Pivot Table'!$A$4,"DAY","Mon")+GETPIVOTDATA("Sum of TOTAL FIELD",'Pivot Table'!$A$16,"DAY","Mon")+GETPIVOTDATA("Sum of TOTAL FIELD",'Pivot Table'!$A$28,"DAY","Mon")+GETPIVOTDATA("Sum of TOTAL FIELD",'Pivot Table'!$A$40,"DAY","Mon")+GETPIVOTDATA("Sum of TOTAL FIELD",'Pivot Table'!$A$52,"DAY","Mon")+GETPIVOTDATA("Sum of TOTAL FIELD",'Pivot Table'!$A$64,"DAY","Mon")+GETPIVOTDATA("Sum of TOTAL FIELD",'Pivot Table'!$A$76,"DAY","Mon")+GETPIVOTDATA("Sum of TOTAL FIELD",'Pivot Table'!$A$88,"DAY","Mon")+GETPIVOTDATA("Sum of TOTAL FIELD",'Pivot Table'!$A$100,"DAY","Mon")+GETPIVOTDATA("Sum of TOTAL FIELD",'Pivot Table'!$A$112,"DAY","Mon")+GETPIVOTDATA("Sum of TOTAL FIELD",'Pivot Table'!$A$124,"DAY","Mon")+GETPIVOTDATA("Sum of TOTAL FIELD",'Pivot Table'!$A$136,"DAY","Mon") -> 5659 | D48: =SUM(C48/C55) -> 0.11272684
B49: Tuesday | C49: =GETPIVOTDATA("Sum of TOTAL FIELD",'Pivot Table'!$A$4,"DAY","Tue")+GETPIVOTDATA("Sum of TOTAL FIELD",'Pivot Table'!$A$16,"DAY","Tue")+GETPIVOTDATA("Sum of TOTAL FIELD",'Pivot Table'!$A$28,"DAY","Tue")+GETPIVOTDATA("Sum of TOTAL FIELD",'Pivot Table'!$A$40,"DAY","Tue")+GETPIVOTDATA("Sum of TOTAL FIELD",'Pivot Table'!$A$52,"DAY","Tue")+GETPIVOTDATA("Sum of TOTAL FIELD",'Pivot Table'!$A$64,"DAY","Tue")+GETPIVOTDATA("Sum of TOTAL FIELD",'Pivot Table'!$A$76,"DAY","Tue")+GETPIVOTDATA("Sum of TOTAL FIELD",'Pivot Table'!$A$88,"DAY","Tue")+GETPIVOTDATA("Sum of TOTAL FIELD",'Pivot Table'!$A$100,"DAY","Tue")+GETPIVOTDATA("Sum of TOTAL FIELD",'Pivot Table'!$A$112,"DAY","Tue")+GETPIVOTDATA("Sum of TOTAL FIELD",'Pivot Table'!$A$124,"DAY","Tue")+GETPIVOTDATA("Sum of TOTAL FIELD",'Pivot Table'!$A$136,"DAY","Tue") -> 5855 | D49: =SUM(C49/C55) -> 0.11663114
B50: Wednesday | C50: =GETPIVOTDATA("Sum of TOTAL FIELD",'Pivot Table'!$A$4,"DAY","Wed")+GETPIVOTDATA("Sum of TOTAL FIELD",'Pivot Table'!$A$16,"DAY","Wed")+GETPIVOTDATA("Sum of TOTAL FIELD",'Pivot Table'!$A$28,"DAY","Wed")+GETPIVOTDATA("Sum of TOTAL FIELD",'Pivot Table'!$A$40,"DAY","Wed")+GETPIVOTDATA("Sum of TOTAL FIELD",'Pivot Table'!$A$52,"DAY","Wed")+GETPIVOTDATA("Sum of TOTAL FIELD",'Pivot Table'!$A$64,"DAY","Wed")+GETPIVOTDATA("Sum of TOTAL FIELD",'Pivot Table'!$A$76,"DAY","Wed")+GETPIVOTDATA("Sum of TOTAL FIELD",'Pivot Table'!$A$88,"DAY","Wed")+GETPIVOTDATA("Sum of TOTAL FIELD",'Pivot Table'!$A$100,"DAY","Wed")+GETPIVOTDATA("Sum of TOTAL FIELD",'Pivot Table'!$A$112,"DAY","Wed")+GETPIVOTDATA("Sum of TOTAL FIELD",'Pivot Table'!$A$124,"DAY","Wed")+GETPIVOTDATA("Sum of TOTAL FIELD",'Pivot Table'!$A$136,"DAY","Wed") -> 6911 | D50: =SUM(C50/C55) -> 0.13766658
B51: Thursday | C51: =GETPIVOTDATA("Sum of TOTAL FIELD",'Pivot Table'!$A$4,"DAY","Thu")+GETPIVOTDATA("Sum of TOTAL FIELD",'Pivot Table'!$A$16,"DAY","Thu")+GETPIVOTDATA("Sum of TOTAL FIELD",'Pivot Table'!$A$28,"DAY","Thu")+GETPIVOTDATA("Sum of TOTAL FIELD",'Pivot Table'!$A$40,"DAY","Thu")+GETPIVOTDATA("Sum of TOTAL FIELD",'Pivot Table'!$A$52,"DAY","Thu")+GETPIVOTDATA("Sum of TOTAL FIELD",'Pivot Table'!$A$64,"DAY","Thu")+GETPIVOTDATA("Sum of TOTAL FIELD",'Pivot Table'!$A$76,"DAY","Thu")+GETPIVOTDATA("Sum of TOTAL FIELD",'Pivot Table'!$A$88,"DAY","Thu")+GETPIVOTDATA("Sum of TOTAL FIELD",'Pivot Table'!$A$100,"DAY","Thu")+GETPIVOTDATA("Sum of TOTAL FIELD",'Pivot Table'!$A$112,"DAY","Thu")+GETPIVOTDATA("Sum of TOTAL FIELD",'Pivot Table'!$A$124,"DAY","Thu")+GETPIVOTDATA("Sum of TOTAL FIELD",'Pivot Table'!$A$136,"DAY","Thu") -> 7700 | D51: =SUM(C51/C55) -> 0.1533834
B52: Friday | C52: =GETPIVOTDATA("Sum of TOTAL FIELD",'Pivot Table'!$A$4,"DAY","Fri")+GETPIVOTDATA("Sum of TOTAL FIELD",'Pivot Table'!$A$16,"DAY","Fri")+GETPIVOTDATA("Sum of TOTAL FIELD",'Pivot Table'!$A$28,"DAY","Fri")+GETPIVOTDATA("Sum of TOTAL FIELD",'Pivot Table'!$A$40,"DAY","Fri")+GETPIVOTDATA("Sum of TOTAL FIELD",'Pivot Table'!$A$52,"DAY","Fri")+GETPIVOTDATA("Sum of TOTAL FIELD",'Pivot Table'!$A$64,"DAY","Fri")+GETPIVOTDATA("Sum of TOTAL FIELD",'Pivot Table'!$A$76,"DAY","Fri")+GETPIVOTDATA("Sum of TOTAL FIELD",'Pivot Table'!$A$88,"DAY","Fri")+GETPIVOTDATA("Sum of TOTAL FIELD",'Pivot Table'!$A$100,"DAY","Fri")+GETPIVOTDATA("Sum of TOTAL FIELD",'Pivot Table'!$A$112,"DAY","Fri")+GETPIVOTDATA("Sum of TOTAL FIELD",'Pivot Table'!$A$124,"DAY","Fri")+GETPIVOTDATA("Sum of TOTAL FIELD",'Pivot Table'!$A$136,"DAY","Fri") -> 8338 | D52: =SUM(C52/C55) -> 0.16609231
B53: Saturday | C53: =GETPIVOTDATA("Sum of TOTAL FIELD",'Pivot Table'!$A$4,"DAY","Sat")+GETPIVOTDATA("Sum of TOTAL FIELD",'Pivot Table'!$A$16,"DAY","Sat")+GETPIVOTDATA("Sum of TOTAL FIELD",'Pivot Table'!$A$28,"DAY","Sat")+GETPIVOTDATA("Sum of TOTAL FIELD",'Pivot Table'!$A$40,"DAY","Sat")+GETPIVOTDATA("Sum of TOTAL FIELD",'Pivot Table'!$A$52,"DAY","Sat")+GETPIVOTDATA("Sum of TOTAL FIELD",'Pivot Table'!$A$64,"DAY","Sat")+GETPIVOTDATA("Sum of TOTAL FIELD",'Pivot Table'!$A$76,"DAY","Sat")+GETPIVOTDATA("Sum of TOTAL FIELD",'Pivot Table'!$A$88,"DAY","Sat")+GETPIVOTDATA("Sum of TOTAL FIELD",'Pivot Table'!$A$100,"DAY","Sat")+GETPIVOTDATA("Sum of TOTAL FIELD",'Pivot Table'!$A$112,"DAY","Sat")+GETPIVOTDATA("Sum of TOTAL FIELD",'Pivot Table'!$A$124,"DAY","Sat")+GETPIVOTDATA("Sum of TOTAL FIELD",'Pivot Table'!$A$136,"DAY","Sat") -> 7620 | D53: =SUM(C53/C55) -> 0.1517898
B54: Sunday | C54: =GETPIVOTDATA("Sum of TOTAL FIELD",'Pivot Table'!$A$4,"DAY","Sun")+GETPIVOTDATA("Sum of TOTAL FIELD",'Pivot Table'!$A$16,"DAY","Sun")+GETPIVOTDATA("Sum of TOTAL FIELD",'Pivot Table'!$A$28,"DAY","Sun")+GETPIVOTDATA("Sum of TOTAL FIELD",'Pivot Table'!$A$40,"DAY","Sun")+GETPIVOTDATA("Sum of TOTAL FIELD",'Pivot Table'!$A$52,"DAY","Sun")+GETPIVOTDATA("Sum of TOTAL FIELD",'Pivot Table'!$A$64,"DAY","Sun")+GETPIVOTDATA("Sum of TOTAL FIELD",'Pivot Table'!$A$76,"DAY","Sun")+GETPIVOTDATA("Sum of TOTAL FIELD",'Pivot Table'!$A$88,"DAY","Sun")+GETPIVOTDATA("Sum of TOTAL FIELD",'Pivot Table'!$A$100,"DAY","Sun")+GETPIVOTDATA("Sum of TOTAL FIELD",'Pivot Table'!$A$112,"DAY","Sun")+GETPIVOTDATA("Sum of TOTAL FIELD",'Pivot Table'!$A$124,"DAY","Sun")+GETPIVOTDATA("Sum of TOTAL FIELD",'Pivot Table'!$A$136,"DAY","Sun") -> 8118 | D54: =SUM(C54/C55) -> 0.16170993
B55: Total | C55: =SUM(C48:C54) -> 50201 | D55: =SUM(D48:D54) -> 1

Sheet Day Trends
B2: January | H2: February | N2: March | T2: April
C5: Bookings | D5: Total Field | E5: Percentage | I5: Bookings | J5: Total Field | K5: Percentage | O5: Bookings | P5: Total Field | Q5: Percentage | U5: Bookings | V5: Total Field | W5: Percentage
B6: Monday | C6: 615 | D6: 4605 | E6: =SUM(C6/D6) -> 0.13355049 | H6: Monday | I6: 466 | J6: 4410 | K6: =SUM(I6/J6) -> 0.10566893 | N6: Monday | O6: 470 | P6: 4414 | Q6: =SUM(O6/P6) -> 0.10647938 | T6: Monday | U6: 571 | V6: 4400 | W6: =SUM(U6/V6) -> 0.12977273
B7: Tuesday | C7: 533 | E7: =SUM(C7/D6) -> 0.11574376 | H7: Tuesday | I7: 474 | K7: =SUM(I7/J6) -> 0.10748299 | N7: Tuesday | O7: 480 | Q7: =SUM(O7/P6) -> 0.1087449 | T7: Tuesday | U7: 549 | W7: =SUM(U7/V6) -> 0.12477273
B8: Wednesday | C8: 823 | E8: =SUM(C8/D6) -> 0.17871878 | H8: Wednesday | I8: 648 | K8: =SUM(I8/J6) -> 0.14693878 | N8: Wednesday | O8: 569 | Q8: =SUM(O8/P6) -> 0.12890802 | T8: Wednesday | U8: 641 | W8: =SUM(U8/V6) -> 0.14568182
B9: Thursday | C9: 624 | E9: =SUM(C9/D6) -> 0.13550489 | H9: Thursday | I9: 768 | K9: =SUM(I9/J6) -> 0.17414966 | N9: Thursday | O9: 605 | Q9: =SUM(O9/P6) -> 0.13706389 | T9: Thursday | U9: 686 | W9: =SUM(U9/V6) -> 0.15590909
B10: Friday | C10: 686 | E10: =SUM(C10/D6) -> 0.14896851 | H10: Friday | I10: 698 | K10: =SUM(I10/J6) -> 0.15827664 | N10: Friday | O10: 942 | Q10: =SUM(O10/P6) -> 0.21341187 | T10: Friday | U10: 682 | W10: =SUM(U10/V6) -> 0.155
B11: Saturday | C11: 614 | E11: =SUM(C11/D6) -> 0.13333333 | H11: Saturday | I11: 677 | K11: =SUM(I11/J6) -> 0.15351474 | N11: Saturday | O11: 694 | Q11: =SUM(O11/P6) -> 0.157227 | T11: Saturday | U11: 611 | W11: =SUM(U11/V6) -> 0.13886364
B12: Sunday | C12: 710 | E12: =SUM(C12/D6) -> 0.15418024 | H12: Sunday | I12: 679 | K12: =SUM(I12/J6) -> 0.15396825 | N12: Sunday | O12: 654 | Q12: =SUM(O12/P6) -> 0.14816493 | T12: Sunday | U12: 660 | W12: =SUM(U12/V6) -> 0.15
B15: May | H15: June | N15: July | T15: August
C18: Bookings | D18: Total Field | E18: Percentage | I18: Bookings | J18: Total Field | K18: Percentage | O18: Bookings | P18: Total Field | Q18: Percentage | U18: Bookings | V18: Total Field | W18: Percentage
B19: Monday | C19: 456 | D19: 4660 | E19: =SUM(C19/D19) -> 0.097854077 | H19: Monday | I19: 458 | J19: 3913 | K19: =SUM(I19/J19) -> 0.11704574 | N19: Monday | O19: 476 | P19: 3750 | Q19: =SUM(O19/P19) -> 0.12693333 | T19: Monday | U19: 351 | V19: 4055 | W19: =SUM(U19/V19) -> 0.086559803
B20: Tuesday | C20: 489 | E20: =SUM(C20/D19) -> 0.10493562 | H20: Tuesday | I20: 346 | K20: =SUM(I20/J19) -> 0.088423205 | N20: Tuesday | O20: 464 | Q20: =SUM(O20/P19) -> 0.12373333 | T20: Tuesday | U20: 434 | W20: =SUM(U20/V19) -> 0.10702836
B21: Wednesday | C21: 718 | E21: =SUM(C21/D19) -> 0.15407725 | H21: Wednesday | I21: 534 | K21: =SUM(I21/J19) -> 0.13646818 | N21: Wednesday | O21: 553 | Q21: =SUM(O21/P19) -> 0.14746667 | T21: Wednesday | U21: 406 | W21: =SUM(U21/V19) -> 0.1001233
B22: Thursday | C22: 768 | E22: =SUM(C22/D19) -> 0.16480687 | H22: Thursday | I22: 572 | K22: =SUM(I22/J19) -> 0.1461794 | N22: Thursday | O22: 517 | Q22: =SUM(O22/P19) -> 0.13786667 | T22: Thursday | U22: 701 | W22: =SUM(U22/V19) -> 0.172873
B23: Friday | C23: 865 | E23: =SUM(C23/D19) -> 0.18562232 | H23: Friday | I23: 604 | K23: =SUM(I23/J19) -> 0.15435727 | N23: Friday | O23: 613 | Q23: =SUM(O23/P19) -> 0.16346667 | T23: Friday | U23: 712 | W23: =SUM(U23/V19) -> 0.1755857
B24: Saturday | C24: 651 | E24: =SUM(C24/D19) -> 0.13969957 | H24: Saturday | I24: 607 | K24: =SUM(I24/J19) -> 0.15512395 | N24: Saturday | O24: 512 | Q24: =SUM(O24/P19) -> 0.13653333 | T24: Saturday | U24: 787 | W24: =SUM(U24/V19) -> 0.19408138
B25: Sunday | C25: 713 | E25: =SUM(C25/D19) -> 0.15300429 | H25: Sunday | I25: 792 | K25: =SUM(I25/J19) -> 0.20240225 | N25: Sunday | O25: 615 | Q25: =SUM(O25/P19) -> 0.164 | T25: Sunday | U25: 664 | W25: =SUM(U25/V19) -> 0.16374846
B28: September | H28: October | N28: November | T28: December
C32: Bookings | D32: Total Field | E32: Percentage | I32: Bookings | J32: Total Field | K32: Percentage | O32: Bookings | P32: Total Field | Q32: Percentage | U32: Bookings | V32: Total Field | W32: Percentage
B33: Monday | C33: 511 | D33: 4089 | E33: =SUM(C33/D33) -> 0.12496943 | H33: Monday | I33: 381 | J33: 4158 | K33: =SUM(I33/J33) -> 0.091630592 | N33: Monday | O33: 326 | P33: 3553 | Q33: =SUM(O33/P33) -> 0.091753448 | T33: Monday | U33: 578 | V33: 4199 | W33: =SUM(U33/V33) -> 0.13765182
B34: Tuesday | C34: 442 | E34: =SUM(C34/D33) -> 0.10809489 | H34: Tuesday | I34: 680 | K34: =SUM(I34/J33) -> 0.16354016 | N34: Tuesday | O34: 466 | Q34: =SUM(O34/P33) -> 0.13115677 | T34: Tuesday | U34: 498 | W34: =SUM(U34/V33) -> 0.11859967
B35: Wednesday | C35: 602 | E35: =SUM(C35/D33) -> 0.14722426 | H35: Wednesday | I35: 675 | K35: =SUM(I35/J33) -> 0.16233766 | N35: Wednesday | O35: 394 | Q35: =SUM(O35/P33) -> 0.1108922 | T35: Wednesday | U35: 356 | W35: =SUM(U35/V33) -> 0.084782091
B36: Thursday | C36: 588 | E36: =SUM(C36/D33) -> 0.14380044 | H36: Thursday | I36: 857 | K36: =SUM(I36/J33) -> 0.20610871 | N36: Thursday | O36: 472 | Q36: =SUM(O36/P33) -> 0.13284548 | T36: Thursday | U36: 542 | W36: =SUM(U36/V33) -> 0.12907835
B37: Friday | C37: 654 | E37: =SUM(C37/D33) -> 0.15994131 | H37: Friday | I37: 507 | K37: =SUM(I37/J33) -> 0.12193362 | N37: Friday | O37: 695 | Q37: =SUM(O37/P33) -> 0.19560934 | T37: Friday | U37: 677 | W37: =SUM(U37/V33) -> 0.16122886
B38: Saturday | C38: 518 | E38: =SUM(C38/D33) -> 0.12668134 | H38: Saturday | I38: 560 | K38: =SUM(I38/J33) -> 0.13468013 | N38: Saturday | O38: 733 | Q38: =SUM(O38/P33) -> 0.20630453 | T38: Saturday | U38: 656 | W38: =SUM(U38/V33) -> 0.15622767
B39: Sunday | C39: 774 | E39: =SUM(C39/D33) -> 0.18928833 | H39: Sunday | I39: 498 | K39: =SUM(I39/J33) -> 0.11976912 | N39: Sunday | O39: 467 | Q39: =SUM(O39/P33) -> 0.13143822 | T39: Sunday | U39: 892 | W39: =SUM(U39/V33) -> 0.21243153
B41: 2024
B44: Monday | C44: =GETPIVOTDATA("Sum of TOTAL FIELD",'Pivot Table'!$A$4,"DAY","Mon")+GETPIVOTDATA("Sum of TOTAL FIELD",'Pivot Table'!$A$16,"DAY","Mon")+GETPIVOTDATA("Sum of TOTAL FIELD",'Pivot Table'!$A$28,"DAY","Mon")+GETPIVOTDATA("Sum of TOTAL FIELD",'Pivot Table'!$A$40,"DAY","Mon")+GETPIVOTDATA("Sum of TOTAL FIELD",'Pivot Table'!$A$52,"DAY","Mon")+GETPIVOTDATA("Sum of TOTAL FIELD",'Pivot Table'!$A$64,"DAY","Mon")+GETPIVOTDATA("Sum of TOTAL FIELD",'Pivot Table'!$A$76,"DAY","Mon")+GETPIVOTDATA("Sum of TOTAL FIELD",'Pivot Table'!$A$88,"DAY","Mon")+GETPIVOTDATA("Sum of TOTAL FIELD",'Pivot Table'!$A$100,"DAY","Mon")+GETPIVOTDATA("Sum of TOTAL FIELD",'Pivot Table'!$A$112,"DAY","Mon")+GETPIVOTDATA("Sum of TOTAL FIELD",'Pivot Table'!$A$124,"DAY","Mon")+GETPIVOTDATA("Sum of TOTAL FIELD",'Pivot Table'!$A$136,"DAY","Mon") -> 5659 | D44: =SUM(C44/C51) -> 0.11272684
B45: Tuesday | C45: =GETPIVOTDATA("Sum of TOTAL FIELD",'Pivot Table'!$A$4,"DAY","Tue")+GETPIVOTDATA("Sum of TOTAL FIELD",'Pivot Table'!$A$16,"DAY","Tue")+GETPIVOTDATA("Sum of TOTAL FIELD",'Pivot Table'!$A$28,"DAY","Tue")+GETPIVOTDATA("Sum of TOTAL FIELD",'Pivot Table'!$A$40,"DAY","Tue")+GETPIVOTDATA("Sum of TOTAL FIELD",'Pivot Table'!$A$52,"DAY","Tue")+GETPIVOTDATA("Sum of TOTAL FIELD",'Pivot Table'!$A$64,"DAY","Tue")+GETPIVOTDATA("Sum of TOTAL FIELD",'Pivot Table'!$A$76,"DAY","Tue")+GETPIVOTDATA("Sum of TOTAL FIELD",'Pivot Table'!$A$88,"DAY","Tue")+GETPIVOTDATA("Sum of TOTAL FIELD",'Pivot Table'!$A$100,"DAY","Tue")+GETPIVOTDATA("Sum of TOTAL FIELD",'Pivot Table'!$A$112,"DAY","Tue")+GETPIVOTDATA("Sum of TOTAL FIELD",'Pivot Table'!$A$124,"DAY","Tue")+GETPIVOTDATA("Sum of TOTAL FIELD",'Pivot Table'!$A$136,"DAY","Tue") -> 5855 | D45: =SUM(C45/C51) -> 0.11663114
B46: Wednesday | C46: =GETPIVOTDATA("Sum of TOTAL FIELD",'Pivot Table'!$A$4,"DAY","Wed")+GETPIVOTDATA("Sum of TOTAL FIELD",'Pivot Table'!$A$16,"DAY","Wed")+GETPIVOTDATA("Sum of TOTAL FIELD",'Pivot Table'!$A$28,"DAY","Wed")+GETPIVOTDATA("Sum of TOTAL FIELD",'Pivot Table'!$A$40,"DAY","Wed")+GETPIVOTDATA("Sum of TOTAL FIELD",'Pivot Table'!$A$52,"DAY","Wed")+GETPIVOTDATA("Sum of TOTAL FIELD",'Pivot Table'!$A$64,"DAY","Wed")+GETPIVOTDATA("Sum of TOTAL FIELD",'Pivot Table'!$A$76,"DAY","Wed")+GETPIVOTDATA("Sum of TOTAL FIELD",'Pivot Table'!$A$88,"DAY","Wed")+GETPIVOTDATA("Sum of TOTAL FIELD",'Pivot Table'!$A$100,"DAY","Wed")+GETPIVOTDATA("Sum of TOTAL FIELD",'Pivot Table'!$A$112,"DAY","Wed")+GETPIVOTDATA("Sum of TOTAL FIELD",'Pivot Table'!$A$124,"DAY","Wed")+GETPIVOTDATA("Sum of TOTAL FIELD",'Pivot Table'!$A$136,"DAY","Wed") -> 6911 | D46: =SUM(C46/C51) -> 0.13766658
B47: Thursday | C47: =GETPIVOTDATA("Sum of TOTAL FIELD",'Pivot Table'!$A$4,"DAY","Thu")+GETPIVOTDATA("Sum of TOTAL FIELD",'Pivot Table'!$A$16,"DAY","Thu")+GETPIVOTDATA("Sum of TOTAL FIELD",'Pivot Table'!$A$28,"DAY","Thu")+GETPIVOTDATA("Sum of TOTAL FIELD",'Pivot Table'!$A$40,"DAY","Thu")+GETPIVOTDATA("Sum of TOTAL FIELD",'Pivot Table'!$A$52,"DAY","Thu")+GETPIVOTDATA("Sum of TOTAL FIELD",'Pivot Table'!$A$64,"DAY","Thu")+GETPIVOTDATA("Sum of TOTAL FIELD",'Pivot Table'!$A$76,"DAY","Thu")+GETPIVOTDATA("Sum of TOTAL FIELD",'Pivot Table'!$A$88,"DAY","Thu")+GETPIVOTDATA("Sum of TOTAL FIELD",'Pivot Table'!$A$100,"DAY","Thu")+GETPIVOTDATA("Sum of TOTAL FIELD",'Pivot Table'!$A$112,"DAY","Thu")+GETPIVOTDATA("Sum of TOTAL FIELD",'Pivot Table'!$A$124,"DAY","Thu")+GETPIVOTDATA("Sum of TOTAL FIELD",'Pivot Table'!$A$136,"DAY","Thu") -> 7700 | D47: =SUM(C47/C51) -> 0.1533834
B48: Friday | C48: =GETPIVOTDATA("Sum of TOTAL FIELD",'Pivot Table'!$A$4,"DAY","Fri")+GETPIVOTDATA("Sum of TOTAL FIELD",'Pivot Table'!$A$16,"DAY","Fri")+GETPIVOTDATA("Sum of TOTAL FIELD",'Pivot Table'!$A$28,"DAY","Fri")+GETPIVOTDATA("Sum of TOTAL FIELD",'Pivot Table'!$A$40,"DAY","Fri")+GETPIVOTDATA("Sum of TOTAL FIELD",'Pivot Table'!$A$52,"DAY","Fri")+GETPIVOTDATA("Sum of TOTAL FIELD",'Pivot Table'!$A$64,"DAY","Fri")+GETPIVOTDATA("Sum of TOTAL FIELD",'Pivot Table'!$A$76,"DAY","Fri")+GETPIVOTDATA("Sum of TOTAL FIELD",'Pivot Table'!$A$88,"DAY","Fri")+GETPIVOTDATA("Sum of TOTAL FIELD",'Pivot Table'!$A$100,"DAY","Fri")+GETPIVOTDATA("Sum of TOTAL FIELD",'Pivot Table'!$A$112,"DAY","Fri")+GETPIVOTDATA("Sum of TOTAL FIELD",'Pivot Table'!$A$124,"DAY","Fri")+GETPIVOTDATA("Sum of TOTAL FIELD",'Pivot Table'!$A$136,"DAY","Fri") -> 8338 | D48: =SUM(C48/C51) -> 0.16609231
B49: Saturday | C49: =GETPIVOTDATA("Sum of TOTAL FIELD",'Pivot Table'!$A$4,"DAY","Sat")+GETPIVOTDATA("Sum of TOTAL FIELD",'Pivot Table'!$A$16,"DAY","Sat")+GETPIVOTDATA("Sum of TOTAL FIELD",'Pivot Table'!$A$28,"DAY","Sat")+GETPIVOTDATA("Sum of TOTAL FIELD",'Pivot Table'!$A$40,"DAY","Sat")+GETPIVOTDATA("Sum of TOTAL FIELD",'Pivot Table'!$A$52,"DAY","Sat")+GETPIVOTDATA("Sum of TOTAL FIELD",'Pivot Table'!$A$64,"DAY","Sat")+GETPIVOTDATA("Sum of TOTAL FIELD",'Pivot Table'!$A$76,"DAY","Sat")+GETPIVOTDATA("Sum of TOTAL FIELD",'Pivot Table'!$A$88,"DAY","Sat")+GETPIVOTDATA("Sum of TOTAL FIELD",'Pivot Table'!$A$100,"DAY","Sat")+GETPIVOTDATA("Sum of TOTAL FIELD",'Pivot Table'!$A$112,"DAY","Sat")+GETPIVOTDATA("Sum of TOTAL FIELD",'Pivot Table'!$A$124,"DAY","Sat")+GETPIVOTDATA("Sum of TOTAL FIELD",'Pivot Table'!$A$136,"DAY","Sat") -> 7620 | D49: =SUM(C49/C51) -> 0.1517898
B50: Sunday | C50: =GETPIVOTDATA("Sum of TOTAL FIELD",'Pivot Table'!$A$4,"DAY","Sun")+GETPIVOTDATA("Sum of TOTAL FIELD",'Pivot Table'!$A$16,"DAY","Sun")+GETPIVOTDATA("Sum of TOTAL FIELD",'Pivot Table'!$A$28,"DAY","Sun")+GETPIVOTDATA("Sum of TOTAL FIELD",'Pivot Table'!$A$40,"DAY","Sun")+GETPIVOTDATA("Sum of TOTAL FIELD",'Pivot Table'!$A$52,"DAY","Sun")+GETPIVOTDATA("Sum of TOTAL FIELD",'Pivot Table'!$A$64,"DAY","Sun")+GETPIVOTDATA("Sum of TOTAL FIELD",'Pivot Table'!$A$76,"DAY","Sun")+GETPIVOTDATA("Sum of TOTAL FIELD",'Pivot Table'!$A$88,"DAY","Sun")+GETPIVOTDATA("Sum of TOTAL FIELD",'Pivot Table'!$A$100,"DAY","Sun")+GETPIVOTDATA("Sum of TOTAL FIELD",'Pivot Table'!$A$112,"DAY","Sun")+GETPIVOTDATA("Sum of TOTAL FIELD",'Pivot Table'!$A$124,"DAY","Sun")+GETPIVOTDATA("Sum of TOTAL FIELD",'Pivot Table'!$A$136,"DAY","Sun") -> 8118 | D50: =SUM(C50/C51) -> 0.16170993
B51: Total | C51: =SUM(C44:C50) -> 50201 | D51: =SUM(D44:D50) -> 1

Sheet Monthly Averages
B3: January | D3: Weekly | E3: Daily | G3: February | I3: Weekly | J3: Daily | L3: March | N3: Weekly | O3: Daily | Q3: April | S3: Weekly | T3: Daily
B5: AM Field | C5: =GETPIVOTDATA("Sum of AM FIELD",'Pivot Table'!$A$4) -> 2561 | D5: =SUM(C5/4.4286) -> 578.28659 | E5: =SUM(C5/31) -> 82.612903 | G5: AM Field | H5: =GETPIVOTDATA("Sum of AM FIELD",'Pivot Table'!$A$16) -> 2248 | I5: =SUM(H5/4.1429) -> 542.61508 | J5: =SUM(H5/29) -> 77.517241 | L5: AM Field | M5: =GETPIVOTDATA("Sum of AM FIELD",'Pivot Table'!$A$28) -> 2385 | N5: =SUM(M5/4.4286) -> 538.54491 | O5: =SUM(M5/31) -> 76.935484 | Q5: AM Field | R5: =GETPIVOTDATA("Sum of AM FIELD",'Pivot Table'!$A$40) -> 2280 | S5: =SUM(R5/4.2857) -> 532.00177 | T5: =SUM(R5/30) -> 76
B6: PM Field | C6: =GETPIVOTDATA("Sum of PM FIELD",'Pivot Table'!$A$4) -> 2044 | D6: =SUM(C6/4.4286) -> 461.54541 | E6: =SUM(C6/31) -> 65.935484 | G6: PM Field | H6: =GETPIVOTDATA("Sum of PM FIELD",'Pivot Table'!$A$16) -> 2165 | I6: =SUM(H6/4.1429) -> 522.5808 | J6: =SUM(H6/29) -> 74.655172 | L6: PM Field | M6: =GETPIVOTDATA("Sum of PM FIELD",'Pivot Table'!$A$28) -> 2029 | N6: =SUM(M6/4.4286) -> 458.15833 | O6: =SUM(M6/31) -> 65.451613 | Q6: PM Field | R6: =GETPIVOTDATA("Sum of PM FIELD",'Pivot Table'!$A$40) -> 2120 | S6: =SUM(R6/4.2857) -> 494.66832 | T6: =SUM(R6/30) -> 70.666667
B7: Total Field | C7: =GETPIVOTDATA("Sum of TOTAL FIELD",'Pivot Table'!$A$4) -> 4605 | D7: =SUM(C7/4.4286) -> 1039.832 | E7: =SUM(C7/31) -> 148.54839 | G7: Total Field | H7: =GETPIVOTDATA("Sum of TOTAL FIELD",'Pivot Table'!$A$16) -> 4413 | I7: =SUM(H7/4.1429) -> 1065.1959 | J7: =SUM(H7/29) -> 152.17241 | L7: Total Field | M7: =GETPIVOTDATA("Sum of TOTAL FIELD",'Pivot Table'!$A$28) -> 4414 | N7: =SUM(M7/4.4286) -> 996.70325 | O7: =SUM(M7/31) -> 142.3871 | Q7: Total Field | R7: =GETPIVOTDATA("Sum of TOTAL FIELD",'Pivot Table'!$A$40) -> 4400 | S7: =SUM(R7/4.2857) -> 1026.6701 | T7: =SUM(R7/30) -> 146.66667
B8: Guests | C8: =GETPIVOTDATA("Sum of No. GUESTS",'Pivot Table'!$A$4) -> 865 | D8: =SUM(C8/4.4286) -> 195.32132 | E8: =SUM(C8/31) -> 27.903226 | G8: Guests | H8: =GETPIVOTDATA("Sum of No. GUESTS",'Pivot Table'!$A$16) -> 843 | I8: =SUM(H8/4.1429) -> 203.48065 | J8: =SUM(H8/29) -> 29.068966 | L8: Guests | M8: =GETPIVOTDATA("Sum of No. GUESTS",'Pivot Table'!$A$28) -> 1023 | N8: =SUM(M8/4.4286) -> 230.99851 | O8: =SUM(M8/31) -> 33 | Q8: Guests | R8: =GETPIVOTDATA("Sum of No. GUESTS",'Pivot Table'!$A$40) -> 915 | S8: =SUM(R8/4.2857) -> 213.50071 | T8: =SUM(R8/30) -> 30.5
B9: Member / Guest Ratio | C9: =SUM(C8/C7) -> 0.18783931 | D9: =SUM(C9/4.4286) -> 0.042415053 | E9: =SUM(C9/31) -> 0.0060593324 | G9: Member / Guest Ratio | H9: =SUM(H8/H7) -> 0.19102651 | I9: =SUM(H9/4.1429) -> 0.046109371 | J9: =SUM(H9/29) -> 0.0065871211 | L9: Member / Guest Ratio | M9: =SUM(M8/M7) -> 0.23176257 | N9: =SUM(M9/4.4286) -> 0.052333147 | O9: =SUM(M9/31) -> 0.0074762121 | Q9: Member / Guest Ratio | R9: =SUM(R8/R7) -> 0.20795455 | S9: =SUM(R9/4.2857) -> 0.048522889 | T9: =SUM(R9/30) -> 0.0069318182
B10: Member Play | C10: =GETPIVOTDATA("Sum of MEMBER",'Pivot Table'!$A$4) -> 3697 | D10: =SUM(C10/4.4286) -> 834.80107 | E10: =SUM(C10/31) -> 119.25806 | G10: Member Play | H10: =GETPIVOTDATA("Sum of MEMBER",'Pivot Table'!$A$16) -> 3529 | I10: =SUM(H10/4.1429) -> 851.81877 | J10: =SUM(H10/29) -> 121.68966 | L10: Member Play | M10: =GETPIVOTDATA("Sum of MEMBER",'Pivot Table'!$A$28) -> 3361 | N10: =SUM(M10/4.4286) -> 758.93059 | O10: =SUM(M10/31) -> 108.41935 | Q10: Member Play | R10: =GETPIVOTDATA("Sum of MEMBER",'Pivot Table'!$A$40) -> 3463 | S10: =SUM(R10/4.2857) -> 808.03603 | T10: =SUM(R10/30) -> 115.43333
B11: Manger Intro | C11: =GETPIVOTDATA("Sum of MANAGER INTRO",'Pivot Table'!$A$4) -> 6 | D11: =SUM(C11/4.4286) -> 1.35483 | E11: =SUM(C11/31) -> 0.19354839 | G11: Manger Intro | H11: =GETPIVOTDATA("Sum of MANAGER INTRO",'Pivot Table'!$A$16) -> 28 | I11: =SUM(H11/4.1429) -> 6.7585508 | J11: =SUM(H11/29) -> 0.96551724 | L11: Manger Intro | M11: =GETPIVOTDATA("Sum of MANAGER INTRO",'Pivot Table'!$A$28) -> 33 | N11: =SUM(M11/4.4286) -> 7.4515648 | O11: =SUM(M11/31) -> 1.0645161 | Q11: Manger Intro | R11: =GETPIVOTDATA("Sum of MANAGER INTRO",'Pivot Table'!$A$40) -> 15 | S11: =SUM(R11/4.2857) -> 3.5000117 | T11: =SUM(R11/30) -> 0.5
B12: Interstate | C12: =GETPIVOTDATA("Sum of INTERSTATE",'Pivot Table'!$A$4) -> 17 | D12: =SUM(C12/4.4286) -> 3.8386849 | E12: =SUM(C12/31) -> 0.5483871 | G12: Interstate | H12: =GETPIVOTDATA("Sum of INTERSTATE",'Pivot Table'!$A$16) -> 10 | I12: =SUM(H12/4.1429) -> 2.4137681 | J12: =SUM(H12/29) -> 0.34482759 | L12: Interstate | M12: =GETPIVOTDATA("Sum of INTERSTATE",'Pivot Table'!$A$28) -> 31 | N12: =SUM(M12/4.4286) -> 6.9999548 | O12: =SUM(M12/31) -> 1 | Q12: Interstate | R12: =GETPIVOTDATA("Sum of INTERSTATE",'Pivot Table'!$A$40) -> 13 | S12: =SUM(R12/4.2857) -> 3.0333434 | T12: =SUM(R12/30) -> 0.43333333
B13: International | C13: =GETPIVOTDATA("Sum of INTERNATIONAL",'Pivot Table'!$A$4) -> 91 | D13: =SUM(C13/4.4286) -> 20.548255 | E13: =SUM(C13/31) -> 2.9354839 | G13: International | H13: =GETPIVOTDATA("Sum of INTERNATIONAL",'Pivot Table'!$A$16) -> 87 | I13: =SUM(H13/4.1429) -> 20.999783 | J13: =SUM(H13/29) -> 3 | L13: International | M13: =GETPIVOTDATA("Sum of INTERNATIONAL",'Pivot Table'!$A$28) -> 37 | N13: =SUM(M13/4.4286) -> 8.3547848 | O13: =SUM(M13/31) -> 1.1935484 | Q13: International | R13: =GETPIVOTDATA("Sum of INTERNATIONAL",'Pivot Table'!$A$40) -> 14 | S13: =SUM(R13/4.2857) -> 3.2666776 | T13: =SUM(R13/30) -> 0.46666667
B14: Industry Guest | C14: =GETPIVOTDATA("Sum of INDUSTRY GUEST",'Pivot Table'!$A$4) -> 32 | D14: =SUM(C14/4.4286) -> 7.2257598 | E14: =SUM(C14/31) -> 1.0322581 | G14: Industry Guest | H14: =GETPIVOTDATA("Sum of INDUSTRY GUEST",'Pivot Table'!$A$16) -> 18 | I14: =SUM(H14/4.1429) -> 4.3447826 | J14: =SUM(H14/29) -> 0.62068966 | L14: Industry Guest | M14: =GETPIVOTDATA("Sum of INDUSTRY GUEST",'Pivot Table'!$A$28) -> 9 | N14: =SUM(M14/4.4286) -> 2.032245 | O14: =SUM(M14/31) -> 0.29032258 | Q14: Industry Guest | R14: =GETPIVOTDATA("Sum of INDUSTRY GUEST",'Pivot Table'!$A$40) -> 16 | S14: =SUM(R14/4.2857) -> 3.7333458 | T14: =SUM(R14/30) -> 0.53333333
B15: Member Intro | C15: =GETPIVOTDATA("Sum of MEMB GUEST MICLUB",'Pivot Table'!$A$4) -> 471 | D15: =SUM(C15/4.4286) -> 106.35415 | E15: =SUM(C15/31) -> 15.193548 | G15: Member Intro | H15: =GETPIVOTDATA("Sum of MEMB GUEST MICLUB",'Pivot Table'!$A$16) -> 349 | I15: =SUM(H15/4.1429) -> 84.240508 | J15: =SUM(H15/29) -> 12.034483 | L15: Member Intro | M15: =GETPIVOTDATA("Sum of MEMB GUEST MICLUB",'Pivot Table'!$A$28) -> 339 | N15: =SUM(M15/4.4286) -> 76.547893 | O15: =SUM(M15/31) -> 10.935484 | Q15: Member Intro | R15: =GETPIVOTDATA("Sum of MEMB GUEST MICLUB",'Pivot Table'!$A$40) -> 253 | S15: =SUM(R15/4.2857) -> 59.03353 | T15: =SUM(R15/30) -> 8.4333333
B16: Member Guest Unaccompanied | C16: =GETPIVOTDATA("Sum of MEMB GUEST UNACCOMPANIED",'Pivot Table'!$A$4) -> 6 | D16: =SUM(C16/4.4286) -> 1.35483 | E16: =SUM(C16/31) -> 0.19354839 | G16: Member Guest Unaccompanied | H16: =GETPIVOTDATA("Sum of MEMB GUEST UNACCOMPANIED",'Pivot Table'!$A$16) -> 8 | I16: =SUM(H16/4.1429) -> 1.9310145 | J16: =SUM(H16/29) -> 0.27586207 | L16: Member Guest Unaccompanied | M16: =GETPIVOTDATA("Sum of MEMB GUEST UNACCOMPANIED",'Pivot Table'!$A$28) -> 4 | N16: =SUM(M16/4.4286) -> 0.90321998 | O16: =SUM(M16/31) -> 0.12903226 | Q16: Member Guest Unaccompanied | R16: =GETPIVOTDATA("Sum of MEMB GUEST UNACCOMPANIED",'Pivot Table'!$A$40) -> 0 | S16: =SUM(R16/4.2857) -> 0 | T16: =SUM(R16/30) -> 0
B17: Corporate | C17: =GETPIVOTDATA("Sum of CORPORATE",'Pivot Table'!$A$4) -> 0 | D17: =SUM(C17/4.4286) -> 0 | E17: =SUM(C17/31) -> 0 | G17: Corporate | H17: =GETPIVOTDATA("Sum of CORPORATE",'Pivot Table'!$A$16) -> 220 | I17: =SUM(H17/4.1429) -> 53.102899 | J17: =SUM(H17/29) -> 7.5862069 | L17: Corporate | M17: =GETPIVOTDATA("Sum of CORPORATE",'Pivot Table'!$A$28) -> 309 | N17: =SUM(M17/4.4286) -> 69.773743 | O17: =SUM(M17/31) -> 9.9677419 | Q17: Corporate | R17: =GETPIVOTDATA("Sum of CORPORATE",'Pivot Table'!$A$40) -> 314 | S17: =SUM(R17/4.2857) -> 73.266911 | T17: =SUM(R17/30) -> 10.466667
B18: Event | C18: =GETPIVOTDATA("Sum of EVENT",'Pivot Table'!$A$4) -> 52 | D18: =SUM(C18/4.4286) -> 11.74186 | E18: =SUM(C18/31) -> 1.6774194 | G18: Event | H18: =GETPIVOTDATA("Sum of EVENT",'Pivot Table'!$A$16) -> 0 | I18: =SUM(H18/4.1429) -> 0 | J18: =SUM(H18/29) -> 0 | L18: Event | M18: =GETPIVOTDATA("Sum of EVENT",'Pivot Table'!$A$28) -> 152 | N18: =SUM(M18/4.4286) -> 34.322359 | O18: =SUM(M18/31) -> 4.9032258 | Q18: Event | R18: =GETPIVOTDATA("Sum of EVENT",'Pivot Table'!$A$40) -> 156 | S18: =SUM(R18/4.2857) -> 36.400121 | T18: =SUM(R18/30) -> 5.2
B19: Non Playing | C19: =GETPIVOTDATA("Sum of NON-PLAYING",'Pivot Table'!$A$4) -> 43 | D19: =SUM(C19/4.4286) -> 9.7096148 | E19: =SUM(C19/31) -> 1.3870968 | G19: Non Playing | H19: =GETPIVOTDATA("Sum of NON-PLAYING",'Pivot Table'!$A$16) -> 41 | I19: =SUM(H19/4.1429) -> 9.8964493 | J19: =SUM(H19/29) -> 1.4137931 | L19: Non Playing | M19: =GETPIVOTDATA("Sum of NON-PLAYING",'Pivot Table'!$A$28) -> 30 | N19: =SUM(M19/4.4286) -> 6.7741498 | O19: =SUM(M19/31) -> 0.96774194 | Q19: Non Playing | R19: =GETPIVOTDATA("Sum of NON-PLAYING",'Pivot Table'!$A$40) -> 22 | S19: =SUM(R19/4.2857) -> 5.1333504 | T19: =SUM(R19/30) -> 0.73333333
B20: Voucher | C20: =GETPIVOTDATA("Sum of VOUCHER",'Pivot Table'!$A$4) -> 37 | D20: =SUM(C20/4.4286) -> 8.3547848 | E20: =SUM(C20/31) -> 1.1935484 | G20: Voucher | H20: =GETPIVOTDATA("Sum of VOUCHER",'Pivot Table'!$A$16) -> 21 | I20: =SUM(H20/4.1429) -> 5.0689131 | J20: =SUM(H20/29) -> 0.72413793 | L20: Voucher | M20: =GETPIVOTDATA("Sum of VOUCHER",'Pivot Table'!$A$28) -> 37 | N20: =SUM(M20/4.4286) -> 8.3547848 | O20: =SUM(M20/31) -> 1.1935484 | Q20: Voucher | R20: =GETPIVOTDATA("Sum of VOUCHER",'Pivot Table'!$A$40) -> 45 | S20: =SUM(R20/4.2857) -> 10.500035 | T20: =SUM(R20/30) -> 1.5
B21: Reciprocal | C21: =GETPIVOTDATA("Sum of RECIP",'Pivot Table'!$A$4) -> 153 | D21: =SUM(C21/4.4286) -> 34.548164 | E21: =SUM(C21/31) -> 4.9354839 | G21: Reciprocal | H21: =GETPIVOTDATA("Sum of RECIP",'Pivot Table'!$A$16) -> 102 | I21: =SUM(H21/4.1429) -> 24.620435 | J21: =SUM(H21/29) -> 3.5172414 | L21: Reciprocal | M21: =GETPIVOTDATA("Sum of RECIP",'Pivot Table'!$A$28) -> 72 | N21: =SUM(M21/4.4286) -> 16.25796 | O21: =SUM(M21/31) -> 2.3225806 | Q21: Reciprocal | R21: =GETPIVOTDATA("Sum of RECIP",'Pivot Table'!$A$40) -> 89 | S21: =SUM(R21/4.2857) -> 20.766736 | T21: =SUM(R21/30) -> 2.9666667
B22: Competition | C22: =GETPIVOTDATA("Sum of COMP",'Pivot Table'!$A$4) -> 2711 | D22: =SUM(C22/4.4286) -> 612.15734 | E22: =SUM(C22/31) -> 87.451613 | G22: Competition | H22: =GETPIVOTDATA("Sum of COMP",'Pivot Table'!$A$16) -> 2275 | I22: =SUM(H22/4.1429) -> 549.13225 | J22: =SUM(H22/29) -> 78.448276 | L22: Competition | M22: =GETPIVOTDATA("Sum of COMP",'Pivot Table'!$A$28) -> 2107 | N22: =SUM(M22/4.4286) -> 475.77112 | O22: =SUM(M22/31) -> 67.967742 | Q22: Competition | R22: =GETPIVOTDATA("Sum of COMP",'Pivot Table'!$A$40) -> 2144 | S22: =SUM(R22/4.2857) -> 500.26833 | T22: =SUM(R22/30) -> 71.466667
B25: May | D25: Weekly | E25: Daily | G25: June | I25: Weekly | J25: Daily | L25: July | N25: Weekly | O25: Daily | Q25: August | S25: Weekly | T25: Daily
B27: AM Field | C27: =GETPIVOTDATA("Sum of AM FIELD",'Pivot Table'!$A$52) -> 2487 | D27: =SUM(C27/4.4286) -> 561.57702 | E27: =SUM(C27/31) -> 80.225806 | G27: AM Field | H27: =GETPIVOTDATA("Sum of AM FIELD",'Pivot Table'!$A$64) -> 2046 | I27: =SUM(H27/4.4286) -> 461.99702 | J27: =SUM(H27/30) -> 68.2 | L27: AM Field | M27: =GETPIVOTDATA("Sum of AM FIELD",'Pivot Table'!$A$76) -> 1966 | N27: =SUM(M27/4.4286) -> 443.93262 | O27: =SUM(M27/31) -> 63.419355 | Q27: AM Field | R27: =GETPIVOTDATA("Sum of AM FIELD",'Pivot Table'!$A$88) -> 2248 | S27: =SUM(R27/4.4286) -> 507.60963 | T27: =SUM(R27/31) -> 72.516129
B28: PM Field | C28: =GETPIVOTDATA("Sum of PM FIELD",'Pivot Table'!$A$52) -> 2173 | D28: =SUM(C28/4.4286) -> 490.67425 | E28: =SUM(C28/31) -> 70.096774 | G28: PM Field | H28: =GETPIVOTDATA("Sum of PM FIELD",'Pivot Table'!$A$64) -> 1859 | I28: =SUM(H28/4.4286) -> 419.77149 | J28: =SUM(H28/30) -> 61.966667 | L28: PM Field | M28: =GETPIVOTDATA("Sum of PM FIELD",'Pivot Table'!$A$76) -> 1784 | N28: =SUM(M28/4.4286) -> 402.83611 | O28: =SUM(M28/31) -> 57.548387 | Q28: PM Field | R28: =GETPIVOTDATA("Sum of PM FIELD",'Pivot Table'!$A$88) -> 1807 | S28: =SUM(R28/4.4286) -> 408.02963 | T28: =SUM(R28/31) -> 58.290323
B29: Total Field | C29: =GETPIVOTDATA("Sum of TOTAL FIELD",'Pivot Table'!$A$52) -> 4660 | D29: =SUM(C29/4.4286) -> 1052.2513 | E29: =SUM(C29/31) -> 150.32258 | G29: Total Field | H29: =GETPIVOTDATA("Sum of TOTAL FIELD",'Pivot Table'!$A$64) -> 3905 | I29: =SUM(H29/4.4286) -> 881.7685 | J29: =SUM(H29/30) -> 130.16667 | L29: Total Field | M29: =GETPIVOTDATA("Sum of TOTAL FIELD",'Pivot Table'!$A$76) -> 3750 | N29: =SUM(M29/4.4286) -> 846.76873 | O29: =SUM(M29/31) -> 120.96774 | Q29: Total Field | R29: =SUM(R27:R28) -> 4055 | S29: =SUM(R29/4.4286) -> 915.63925 | T29: =SUM(R29/31) -> 130.80645
B30: Guests | C30: =GETPIVOTDATA("Sum of No. GUESTS",'Pivot Table'!$A$52) -> 837 | D30: =SUM(C30/4.4286) -> 188.99878 | E30: =SUM(C30/31) -> 27 | G30: Guests | H30: =GETPIVOTDATA("Sum of No. GUESTS",'Pivot Table'!$A$64) -> 587 | I30: =SUM(H30/4.4286) -> 132.54753 | J30: =SUM(H30/30) -> 19.566667 | L30: Guests | M30: =GETPIVOTDATA("Sum of No. GUESTS",'Pivot Table'!$A$76) -> 668 | N30: =SUM(M30/4.4286) -> 150.83774 | O30: =SUM(M30/31) -> 21.548387 | Q30: Guests | R30: =GETPIVOTDATA("Sum of No. GUESTS",'Pivot Table'!$A$88) -> 654 | S30: =SUM(R30/4.4286) -> 147.67647 | T30: =SUM(R30/31) -> 21.096774
B31: Member / Guest Ratio | C31: =SUM(C30/C29) -> 0.17961373 | D31: =SUM(C31/4.4286) -> 0.040557678 | E31: =SUM(C31/31) -> 0.0057939914 | G31: Member / Guest Ratio | H31: =SUM(H30/H29) -> 0.1503201 | I31: =SUM(H31/4.4286) -> 0.03394303 | J31: =SUM(H31/30) -> 0.0050106701 | L31: Member / Guest Ratio | M31: =SUM(M30/M29) -> 0.17813333 | N31: =SUM(M31/4.4286) -> 0.040223396 | O31: =SUM(M31/31) -> 0.0057462366 | Q31: Member / Guest Ratio | R31: =SUM(R30/R29) -> 0.16128237 | S31: =SUM(R31/4.4286) -> 0.036418364 | T31: =SUM(R31/31) -> 0.005202657
B32: Member Play | C32: =GETPIVOTDATA("Sum of MEMBER",'Pivot Table'!$A$52) -> 3800 | D32: =SUM(C32/4.4286) -> 858.05898 | E32: =SUM(C32/31) -> 122.58065 | G32: Member Play | H32: =GETPIVOTDATA("Sum of MEMBER",'Pivot Table'!$A$64) -> 3296 | I32: =SUM(H32/4.4286) -> 744.25326 | J32: =SUM(H32/30) -> 109.86667 | L32: Member Play | M32: =GETPIVOTDATA("Sum of MEMBER",'Pivot Table'!$A$76) -> 3070 | N32: =SUM(M32/4.4286) -> 693.22133 | O32: =SUM(M32/31) -> 99.032258 | Q32: Member Play | R32: =GETPIVOTDATA("Sum of MEMBER",'Pivot Table'!$A$88) -> 3391 | S32: =SUM(R32/4.4286) -> 765.70474 | T32: =SUM(R32/31) -> 109.3871
