Workbook

Sheet Yearly Total To Date
B4: Yearly Total | F4: Total Average (Month) | J4: Total Average (Week) | N4: Total Average (Day) | R4: 2025 Occupancy Totals
B6: AM Field | C6: ='Monthly Totals'!C5+'Monthly Totals'!F5+'Monthly Totals'!I5+'Monthly Totals'!L5+'Monthly Totals'!O5+'Monthly Totals'!R5+'Monthly Totals'!C28+'Monthly Totals'!F28+'Monthly Totals'!I28+'Monthly Totals'!L28+'Monthly Totals'!O28+'Monthly Totals'!R28 -> 4850 | F6: AM Field | G6: =C6 / 12 -> 404.16667 | J6: AM Field | K6: =C6 / 52 -> 93.269231 | N6: AM Field | O6: =C6 / 365 -> 13.287671 | R6: Time | S6: Bookings | T6: Spots Available | U6: Occupancy
B7: PM Field | C7: ='Monthly Totals'!C6+'Monthly Totals'!F6+'Monthly Totals'!I6+'Monthly Totals'!L6+'Monthly Totals'!O6+'Monthly Totals'!R6+'Monthly Totals'!C29+'Monthly Totals'!F29+'Monthly Totals'!I29+'Monthly Totals'!L29+'Monthly Totals'!O29+'Monthly Totals'!R29 -> 3580 | F7: PM Field | G7: =C7 / 12 -> 298.33333 | J7: PM Field | K7: =C7 / 52 -> 68.846154 | N7: PM Field | O7: =C7 / 365 -> 9.8082192 | R7: AM | S7: ='Occupancy Report Summarised'!L4+'Occupancy Report Summarised'!L8+'Occupancy Report Summarised'!L12+'Occupancy Report Summarised'!L16+'Occupancy Report Summarised'!L20+'Occupancy Report Summarised'!L24+'Occupancy Report Summarised'!L28+'Occupancy Report Summarised'!L32+'Occupancy Report Summarised'!L36+'Occupancy Report Summarised'!L40+'Occupancy Report Summarised'!L44+'Occupancy Report Summarised'!L48 -> 4850 | T7: ='Occupancy Report Summarised'!M4+'Occupancy Report Summarised'!M8+'Occupancy Report Summarised'!M12+'Occupancy Report Summarised'!M16+'Occupancy Report Summarised'!M20+'Occupancy Report Summarised'!M24+'Occupancy Report Summarised'!M28+'Occupancy Report Summarised'!M32+'Occupancy Report Summarised'!M36+'Occupancy Report Summarised'!M40+'Occupancy Report Summarised'!M44+'Occupancy Report Summarised'!M48 -> 5556 | U7: =SUM(S7/T7) -> 0.87293017
B8: After 3PM | C8: ='Monthly Totals'!C7+'Monthly Totals'!F7+'Monthly Totals'!I7+'Monthly Totals'!L7+'Monthly Totals'!O7+'Monthly Totals'!R7+'Monthly Totals'!C30+'Monthly Totals'!F30+'Monthly Totals'!I30+'Monthly Totals'!L30+'Monthly Totals'!O30+'Monthly Totals'!R30 -> 757 | F8: After 3PM | G8: =C8 / 12 -> 63.083333 | J8: After 3PM | K8: =C8 / 52 -> 14.557692 | N8: After 3PM | O8: =C8 / 365 -> 2.0739726 | R8: PM | S8: ='Occupancy Report Summarised'!L5+'Occupancy Report Summarised'!L9+'Occupancy Report Summarised'!L13+'Occupancy Report Summarised'!L17+'Occupancy Report Summarised'!L21+'Occupancy Report Summarised'!L25+'Occupancy Report Summarised'!L29+'Occupancy Report Summarised'!L33+'Occupancy Report Summarised'!L37+'Occupancy Report Summarised'!L41+'Occupancy Report Summarised'!L45+'Occupancy Report Summarised'!L49 -> 3580 | T8: ='Occupancy Report Summarised'!M5+'Occupancy Report Summarised'!M9+'Occupancy Report Summarised'!M13+'Occupancy Report Summarised'!M17+'Occupancy Report Summarised'!M21+'Occupancy Report Summarised'!M25+'Occupancy Report Summarised'!M29+'Occupancy Report Summarised'!M33+'Occupancy Report Summarised'!M37+'Occupancy Report Summarised'!M41+'Occupancy Report Summarised'!M45+'Occupancy Report Summarised'!M49 -> 4936 | U8: =SUM(S8/T8) -> 0.72528363
B9: Total Field | C9: ='Monthly Totals'!C8+'Monthly Totals'!F8+'Monthly Totals'!I8+'Monthly Totals'!L8+'Monthly Totals'!O8+'Monthly Totals'!R8+'Monthly Totals'!C31+'Monthly Totals'!F31+'Monthly Totals'!I31+'Monthly Totals'!L31+'Monthly Totals'!O31+'Monthly Totals'!R31 -> 9922 | F9: Total Field | G9: =C9 / 12 -> 826.83333 | J9: Total Field | K9: =C9 / 52 -> 190.80769 | N9: Total Field | O9: =C9 / 365 -> 27.183562 | R9: After 3PM | S9: ='After 3pm Data'!Z4+'After 3pm Data'!Z6+'After 3pm Data'!Z8 -> 1492 | T9: ='After 3pm Data'!AA4+'After 3pm Data'!AA6+'After 3pm Data'!AA8 -> 4692 | U9: =SUM(S9/T9) -> 0.31798806
B10: Guests | C10: ='Monthly Totals'!C9+'Monthly Totals'!F9+'Monthly Totals'!I9+'Monthly Totals'!L9+'Monthly Totals'!O9+'Monthly Totals'!R9+'Monthly Totals'!C32+'Monthly Totals'!F32+'Monthly Totals'!I32+'Monthly Totals'!L32+'Monthly Totals'!O32+'Monthly Totals'!R32 -> 2063 | F10: Guests | G10: =C10 / 12 -> 171.91667 | J10: Guests | K10: =C10 / 52 -> 39.673077 | N10: Guests | O10: =C10 / 365 -> 5.6520548 | R10: Total | S10: =SUM(S7:S9) -> 9922 | T10: =SUM(T7:T9) -> 15184 | U10: =SUM(S10/T10) -> 0.653451
B11: Member / Guest Ratio | C11: =SUM(C10/C9) -> 0.20792179 | F11: Member / Guest Ratio | G11: - | J11: Member / Guest Ratio | K11: - | N11: Member / Guest Ratio | O11: -
B12: Member Play | C12: ='Monthly Totals'!C11+'Monthly Totals'!F11+'Monthly Totals'!I11+'Monthly Totals'!L11+'Monthly Totals'!O11+'Monthly Totals'!R11+'Monthly Totals'!C34+'Monthly Totals'!F34+'Monthly Totals'!I34+'Monthly Totals'!L34+'Monthly Totals'!O34+'Monthly Totals'!R34 -> 7824 | F12: Member Play | G12: =C12 / 12 -> 652 | J12: Member Play | K12: =C12 / 52 -> 150.46154 | N12: Member Play | O12: =C12 / 365 -> 21.435616 | R12: Occupancy (Excluding 3pm)
B13: Manger Intro | C13: ='Monthly Totals'!C12+'Monthly Totals'!F12+'Monthly Totals'!I12+'Monthly Totals'!L12+'Monthly Totals'!O12+'Monthly Totals'!R12+'Monthly Totals'!C35+'Monthly Totals'!F35+'Monthly Totals'!I35+'Monthly Totals'!L35+'Monthly Totals'!O35+'Monthly Totals'!R35 -> 78 | F13: Manger Intro | G13: =C13 / 12 -> 6.5 | J13: Manger Intro | K13: =C13 / 52 -> 1.5 | N13: Manger Intro | O13: =C13 / 365 -> 0.21369863
B14: Interstate | C14: ='Monthly Totals'!C13+'Monthly Totals'!F13+'Monthly Totals'!I13+'Monthly Totals'!L13+'Monthly Totals'!O13+'Monthly Totals'!R13+'Monthly Totals'!C36+'Monthly Totals'!F36+'Monthly Totals'!I36+'Monthly Totals'!L36+'Monthly Totals'!O36+'Monthly Totals'!R36 -> 34 | F14: Interstate | G14: =C14 / 12 -> 2.8333333 | J14: Interstate | K14: =C14 / 52 -> 0.65384615 | N14: Interstate | O14: =C14 / 365 -> 0.093150685 | R14: Time | S14: Bookings | T14: Spots Available | U14: Occupancy
B15: International | C15: ='Monthly Totals'!C14+'Monthly Totals'!F14+'Monthly Totals'!I14+'Monthly Totals'!L14+'Monthly Totals'!O14+'Monthly Totals'!R14+'Monthly Totals'!C37+'Monthly Totals'!F37+'Monthly Totals'!I37+'Monthly Totals'!L37+'Monthly Totals'!O37+'Monthly Totals'!R37 -> 168 | F15: International | G15: =C15 / 12 -> 14 | J15: International | K15: =C15 / 52 -> 3.2307692 | N15: International | O15: =C15 / 365 -> 0.46027397 | R15: AM | S15: ='Occupancy Report Summarised'!L4+'Occupancy Report Summarised'!L8+'Occupancy Report Summarised'!L12+'Occupancy Report Summarised'!L16+'Occupancy Report Summarised'!L20+'Occupancy Report Summarised'!L24+'Occupancy Report Summarised'!L28+'Occupancy Report Summarised'!L32+'Occupancy Report Summarised'!L36+'Occupancy Report Summarised'!L40+'Occupancy Report Summarised'!L44+'Occupancy Report Summarised'!L48 -> 4850 | T15: ='Occupancy Report Summarised'!M4+'Occupancy Report Summarised'!M8+'Occupancy Report Summarised'!M12+'Occupancy Report Summarised'!M16+'Occupancy Report Summarised'!M20+'Occupancy Report Summarised'!M24+'Occupancy Report Summarised'!M28+'Occupancy Report Summarised'!M32+'Occupancy Report Summarised'!M36+'Occupancy Report Summarised'!M40+'Occupancy Report Summarised'!M44+'Occupancy Report Summarised'!M48 -> 5556 | U15: =SUM(S15/T15) -> 0.87293017
B16: Industry Guest | C16: ='Monthly Totals'!C15+'Monthly Totals'!F15+'Monthly Totals'!I15+'Monthly Totals'!L15+'Monthly Totals'!O15+'Monthly Totals'!R15+'Monthly Totals'!C38+'Monthly Totals'!F38+'Monthly Totals'!I38+'Monthly Totals'!L38+'Monthly Totals'!O38+'Monthly Totals'!R38 -> 19 | F16: Industry Guest | G16: =C16 / 12 -> 1.5833333 | J16: Industry Guest | K16: =C16 / 52 -> 0.36538462 | N16: Industry Guest | O16: =C16 / 365 -> 0.052054795 | R16: PM | S16: ='Occupancy Report Summarised'!L5+'Occupancy Report Summarised'!L9+'Occupancy Report Summarised'!L13+'Occupancy Report Summarised'!L17+'Occupancy Report Summarised'!L21+'Occupancy Report Summarised'!L25+'Occupancy Report Summarised'!L29+'Occupancy Report Summarised'!L33+'Occupancy Report Summarised'!L37+'Occupancy Report Summarised'!L41+'Occupancy Report Summarised'!L45+'Occupancy Report Summarised'!L49 -> 3580 | T16: ='Occupancy Report Summarised'!M5+'Occupancy Report Summarised'!M9+'Occupancy Report Summarised'!M13+'Occupancy Report Summarised'!M17+'Occupancy Report Summarised'!M21+'Occupancy Report Summarised'!M25+'Occupancy Report Summarised'!M29+'Occupancy Report Summarised'!M33+'Occupancy Report Summarised'!M37+'Occupancy Report Summarised'!M41+'Occupancy Report Summarised'!M45+'Occupancy Report Summarised'!M49 -> 4936 | U16: =SUM(S16/T16) -> 0.72528363
B17: Member Intro | C17: ='Monthly Totals'!C16+'Monthly Totals'!F16+'Monthly Totals'!I16+'Monthly Totals'!L16+'Monthly Totals'!O16+'Monthly Totals'!R16+'Monthly Totals'!C39+'Monthly Totals'!F39+'Monthly Totals'!I39+'Monthly Totals'!L39+'Monthly Totals'!O39+'Monthly Totals'!R39 -> 1011 | F17: Member Intro | G17: =C17 / 12 -> 84.25 | J17: Member Intro | K17: =C17 / 52 -> 19.442308 | N17: Member Intro | O17: =C17 / 365 -> 2.769863 | R17: Total | S17: =SUM(S15+S16) -> 8430 | T17: =SUM(T15+T16) -> 10492 | U17: =SUM(S17/T17) -> 0.80346931
B18: Member Guest Unaccompanied | C18: ='Monthly Totals'!C17+'Monthly Totals'!F17+'Monthly Totals'!I17+'Monthly Totals'!L17+'Monthly Totals'!O17+'Monthly Totals'!R17+'Monthly Totals'!C40+'Monthly Totals'!F40+'Monthly Totals'!I40+'Monthly Totals'!L40+'Monthly Totals'!O40+'Monthly Totals'!R40 -> 17 | F18: Member Guest Unaccompanied | G18: =C18 / 12 -> 1.4166667 | J18: Member Guest Unaccompanied | K18: =C18 / 52 -> 0.32692308 | N18: Member Guest Unaccompanied | O18: =C18 / 365 -> 0.046575342
B19: Corporate | C19: ='Monthly Totals'!C18+'Monthly Totals'!F18+'Monthly Totals'!I18+'Monthly Totals'!L18+'Monthly Totals'!O18+'Monthly Totals'!R18+'Monthly Totals'!C41+'Monthly Totals'!F41+'Monthly Totals'!I41+'Monthly Totals'!L41+'Monthly Totals'!O41+'Monthly Totals'!R41 -> 318 | F19: Corporate | G19: =C19 / 12 -> 26.5 | J19: Corporate | K19: =C19 / 52 -> 6.1153846 | N19: Corporate | O19: =C19 / 365 -> 0.87123288
B20: Event | C20: ='Monthly Totals'!C19+'Monthly Totals'!F19+'Monthly Totals'!I19+'Monthly Totals'!L19+'Monthly Totals'!O19+'Monthly Totals'!R19+'Monthly Totals'!C42+'Monthly Totals'!F42+'Monthly Totals'!I42+'Monthly Totals'!L42+'Monthly Totals'!O42+'Monthly Totals'!R42 -> 0 | F20: Event | G20: =C20 / 12 -> 0 | J20: Event | K20: =C20 / 52 -> 0 | N20: Event | O20: =C20 / 365 -> 0
B21: Non Playing | C21: ='Monthly Totals'!C20+'Monthly Totals'!F20+'Monthly Totals'!I20+'Monthly Totals'!L20+'Monthly Totals'!O20+'Monthly Totals'!R20+'Monthly Totals'!C43+'Monthly Totals'!F43+'Monthly Totals'!I43+'Monthly Totals'!L43+'Monthly Totals'!O43+'Monthly Totals'!R43 -> 35 | F21: Non Playing | G21: =C21 / 12 -> 2.9166667 | J21: Non Playing | K21: =C21 / 52 -> 0.67307692 | N21: Non Playing | O21: =C21 / 365 -> 0.095890411
B22: Voucher | C22: ='Monthly Totals'!C21+'Monthly Totals'!F21+'Monthly Totals'!I21+'Monthly Totals'!L21+'Monthly Totals'!O21+'Monthly Totals'!R21+'Monthly Totals'!C44+'Monthly Totals'!F44+'Monthly Totals'!I44+'Monthly Totals'!L44+'Monthly Totals'!O44+'Monthly Totals'!R44 -> 218 | F22: Voucher | G22: =C22 / 12 -> 18.166667 | J22: Voucher | K22: =C22 / 52 -> 4.1923077 | N22: Voucher | O22: =C22 / 365 -> 0.59726027
B23: Reciprocal | C23: ='Monthly Totals'!C22+'Monthly Totals'!F22+'Monthly Totals'!I22+'Monthly Totals'!L22+'Monthly Totals'!O22+'Monthly Totals'!R22+'Monthly Totals'!C45+'Monthly Totals'!F45+'Monthly Totals'!I45+'Monthly Totals'!L45+'Monthly Totals'!O45+'Monthly Totals'!R45 -> 178 | F23: Reciprocal | G23: =C23 / 12 -> 14.833333 | J23: Reciprocal | K23: =C23 / 52 -> 3.4230769 | N23: Reciprocal | O23: =C23 / 365 -> 0.48767123
B24: Competition | C24: ='Monthly Totals'!C23+'Monthly Totals'!F23+'Monthly Totals'!I23+'Monthly Totals'!L23+'Monthly Totals'!O23+'Monthly Totals'!R23+'Monthly Totals'!C46+'Monthly Totals'!F46+'Monthly Totals'!I46+'Monthly Totals'!L46+'Monthly Totals'!O46+'Monthly Totals'!R46 -> 5583 | F24: Competition | G24: =C24 / 12 -> 465.25 | J24: Competition | K24: =C24 / 52 -> 107.36538 | N24: Competition | O24: =C24 / 365 -> 15.29589

Sheet Occupancy Report
B2: January | D2: Bookings | E2: Spots Available | F2: Occupancy | G2: Notes | I2: Feburary | K2: Bookings | L2: Spots Available | M2: Occupancy | N2: Notes | P2: March | R2: Bookings | S2: Spots Available | T2: Occupancy | U2: Notes
B4: Monday | C4: AM | D4: =GETPIVOTDATA("Sum of AM FIELD",'Pivot Table'!$A$4,"DAY","Mon") -> 292 | E4: =108+108+0+96 -> 312 | F4: =SUM(D4/E4) -> 0.93589744 | I4: Monday | J4: AM | K4: =GETPIVOTDATA("Sum of AM FIELD",'Pivot Table'!$A$16,"DAY","Mon") -> 153 | L4: =88+88+0+68 -> 244 | M4: =SUM(K4/L4) -> 0.62704918 | P4: Monday | Q4: AM | R4: =GETPIVOTDATA("Sum of AM FIELD",'Pivot Table'!$A$28,"DAY","Mon") -> 0 | T4: =SUM(R4/S4) -> #DIV/0!
C5: PM | D5: =GETPIVOTDATA("Sum of PM FIELD",'Pivot Table'!$A$4,"DAY","Mon") -> 278 | E5: =76+76+80+96 -> 328 | F5: =SUM(D5/E5) -> 0.84756098 | J5: PM | K5: =GETPIVOTDATA("Sum of PM FIELD",'Pivot Table'!$A$16,"DAY","Mon") -> 324 | L5: =88+84+80+104 -> 356 | M5: =SUM(K5/L5) -> 0.91011236 | Q5: PM | R5: =GETPIVOTDATA("Sum of PM FIELD",'Pivot Table'!$A$28,"DAY","Mon") -> 0 | T5: =SUM(R5/S5) -> #DIV/0!
B6: Total Occupancy | D6: =SUM(D3:D5) -> 570 | E6: =SUM(E3:E5) -> 640 | F6: =SUM(D6/E6) -> 0.890625 | I6: Total Occupancy | K6: =SUM(K3:K5) -> 477 | L6: =SUM(L3:L5) -> 600 | M6: =SUM(K6/L6) -> 0.795 | P6: Total Occupancy | R6: =SUM(R3:R5) -> 0 | S6: =SUM(S4:S5) -> 0 | T6: =SUM(R6/S6) -> #DIV/0!
B8: Tuesday | C8: AM | D8: =GETPIVOTDATA("Sum of AM FIELD",'Pivot Table'!$A$4,"DAY","Tue") -> 326 | E8: =112+112+112+112 -> 448 | F8: =SUM(D8/E8) -> 0.72767857 | I8: Tuesday | J8: AM | K8: =GETPIVOTDATA("Sum of AM FIELD",'Pivot Table'!$A$16,"DAY","Tue") -> 397 | L8: =100+112+100+112 -> 424 | M8: =SUM(K8/L8) -> 0.93632075 | P8: Tuesday | Q8: AM | R8: =GETPIVOTDATA("Sum of AM FIELD",'Pivot Table'!$A$28,"DAY","Tue") -> 0 | T8: =SUM(R8/S8) -> #DIV/0!
C9: PM | D9: =GETPIVOTDATA("Sum of PM FIELD",'Pivot Table'!$A$4,"DAY","Tue") -> 45 | E9: =80+80+80+80 -> 320 | F9: =SUM(D9/E9) -> 0.140625 | J9: PM | K9: =GETPIVOTDATA("Sum of PM FIELD",'Pivot Table'!$A$16,"DAY","Tue") -> 68 | L9: =72+60+84+80 -> 296 | M9: =SUM(K9/L9) -> 0.22972973 | Q9: PM | R9: =GETPIVOTDATA("Sum of PM FIELD",'Pivot Table'!$A$28,"DAY","Tue") -> 0 | T9: =SUM(R9/S9) -> #DIV/0!
B10: Total Occupancy | D10: =SUM(D7:D9) -> 371 | E10: =SUM(E7:E9) -> 768 | F10: =SUM(D10/E10) -> 0.48307292 | I10: Total Occupancy | K10: =SUM(K7:K9) -> 465 | L10: =SUM(L7:L9) -> 720 | M10: =SUM(K10/L10) -> 0.64583333 | P10: Total Occupancy | R10: =SUM(R7:R9) -> 0 | S10: =SUM(S7:S9) -> 0 | T10: =SUM(R10/S10) -> #DIV/0!
B12: Wednesday | C12: AM | D12: =GETPIVOTDATA("Sum of AM FIELD",'Pivot Table'!$A$4,"DAY","Wed") -> 288 | E12: =108+108+108+108 -> 432 | F12: =SUM(D12/E12) -> 0.66666667 | I12: Wednesday | J12: AM | K12: =GETPIVOTDATA("Sum of AM FIELD",'Pivot Table'!$A$16,"DAY","Wed") -> 398 | L12: =100+128+112+92 -> 432 | M12: =SUM(K12/L12) -> 0.9212963 | P12: Wednesday | Q12: AM | R12: =GETPIVOTDATA("Sum of AM FIELD",'Pivot Table'!$A$28,"DAY","Wed") -> 0 | T12: =SUM(R12/S12) -> #DIV/0!
C13: PM | D13: =GETPIVOTDATA("Sum of PM FIELD",'Pivot Table'!$A$4,"DAY","Wed") -> 169 | E13: =76+76+76+76 -> 304 | F13: =SUM(D13/E13) -> 0.55592105 | J13: PM | K13: =GETPIVOTDATA("Sum of PM FIELD",'Pivot Table'!$A$16,"DAY","Wed") -> 253 | L13: =88+84+72+84 -> 328 | M13: =SUM(K13/L13) -> 0.77134146 | Q13: PM | R13: =GETPIVOTDATA("Sum of PM FIELD",'Pivot Table'!$A$28,"DAY","Wed") -> 0 | T13: =SUM(R13/S13) -> #DIV/0!
B14: Total Occupancy | D14: =SUM(D11:D13) -> 457 | E14: =SUM(E11:E13) -> 736 | F14: =SUM(D14/E14) -> 0.62092391 | I14: Total Occupancy | K14: =SUM(K11:K13) -> 651 | L14: =SUM(L11:L13) -> 760 | M14: =SUM(K14/L14) -> 0.85657895 | P14: Total Occupancy | R14: =SUM(R11:R13) -> 0 | S14: =SUM(S11:S13) -> 0 | T14: =SUM(R14/S14) -> #DIV/0!
B16: Thursday | C16: AM | D16: =GETPIVOTDATA("Sum of AM FIELD",'Pivot Table'!$A$4,"DAY","Thu") -> 404 | E16: =96+88+88+88+88 -> 448 | F16: =SUM(D16/E16) -> 0.90178571 | I16: Thursday | J16: AM | K16: =GETPIVOTDATA("Sum of AM FIELD",'Pivot Table'!$A$16,"DAY","Thu") -> 330 | L16: =88+88+88+88 -> 352 | M16: =SUM(K16/L16) -> 0.9375 | P16: Thursday | Q16: AM | R16: =GETPIVOTDATA("Sum of AM FIELD",'Pivot Table'!$A$28,"DAY","Thu") -> 0 | T16: =SUM(R16/S16) -> #DIV/0!
C17: PM | D17: =GETPIVOTDATA("Sum of PM FIELD",'Pivot Table'!$A$4,"DAY","Thu") -> 356 | E17: =88+88+88+88+88 -> 440 | F17: =SUM(D17/E17) -> 0.80909091 | J17: PM | K17: =GETPIVOTDATA("Sum of PM FIELD",'Pivot Table'!$A$16,"DAY","Thu") -> 309 | L17: =88+88+88+88 -> 352 | M17: =SUM(K17/L17) -> 0.87784091 | Q17: PM | R17: =GETPIVOTDATA("Sum of PM FIELD",'Pivot Table'!$A$28,"DAY","Thu") -> 0 | T17: =SUM(R17/S17) -> #DIV/0!
B18: Total Occupancy | D18: =SUM(D15:D17) -> 760 | E18: =SUM(E15:E17) -> 888 | F18: =SUM(D18/E18) -> 0.85585586 | I18: Total Occupancy | K18: =SUM(K15:K17) -> 639 | L18: =SUM(L15:L17) -> 704 | M18: =SUM(K18/L18) -> 0.90767045 | P18: Total Occupancy | R18: =SUM(R15:R17) -> 0 | S18: =SUM(S15:S17) -> 0 | T18: =SUM(R18/S18) -> #DIV/0!
B20: Friday | C20: AM | D20: =GETPIVOTDATA("Sum of AM FIELD",'Pivot Table'!$A$4,"DAY","Fri") -> 446 | E20: =108+108+80+108+108 -> 512 | F20: =SUM(D20/E20) -> 0.87109375 | I20: Friday | J20: AM | K20: =GETPIVOTDATA("Sum of AM FIELD",'Pivot Table'!$A$16,"DAY","Fri") -> 305 | L20: =80+80+108+80 -> 348 | M20: =SUM(K20/L20) -> 0.87643678 | P20: Friday | Q20: AM | R20: =GETPIVOTDATA("Sum of AM FIELD",'Pivot Table'!$A$28,"DAY","Fri") -> 0 | T20: =SUM(R20/S20) -> #DIV/0!
C21: PM | D21: =GETPIVOTDATA("Sum of PM FIELD",'Pivot Table'!$A$4,"DAY","Fri") -> 269 | E21: =76+76+80+76+76 -> 384 | F21: =SUM(D21/E21) -> 0.70052083 | J21: PM | K21: =GETPIVOTDATA("Sum of PM FIELD",'Pivot Table'!$A$16,"DAY","Fri") -> 290 | L21: =80+84+72+88 -> 324 | M21: =SUM(K21/L21) -> 0.89506173 | Q21: PM | R21: =GETPIVOTDATA("Sum of PM FIELD",'Pivot Table'!$A$28,"DAY","Fri") -> 0 | T21: =SUM(R21/S21) -> #DIV/0!
B22: Total Occupancy | D22: =SUM(D19:D21) -> 715 | E22: =SUM(E19:E21) -> 896 | F22: =SUM(D22/E22) -> 0.79799107 | I22: Total Occupancy | K22: =SUM(K19:K21) -> 595 | L22: =SUM(L19:L21) -> 672 | M22: =SUM(K22/L22) -> 0.88541667 | P22: Total Occupancy | R22: =SUM(R19:R21) -> 0 | S22: =SUM(S19:S21) -> 0 | T22: =SUM(R22/S22) -> #DIV/0!
B24: Saturday | C24: AM | D24: =GETPIVOTDATA("Sum of AM FIELD",'Pivot Table'!$A$4,"DAY","Sat") -> 439 | E24: =96+88+96+96+96 -> 472 | F24: =SUM(D24/E24) -> 0.93008475 | I24: Saturday | J24: AM | K24: =GETPIVOTDATA("Sum of AM FIELD",'Pivot Table'!$A$16,"DAY","Sat") -> 348 | L24: =96+80+92+96 -> 364 | M24: =SUM(K24/L24) -> 0.95604396 | P24: Saturday | Q24: AM | R24: =GETPIVOTDATA("Sum of AM FIELD",'Pivot Table'!$A$28,"DAY","Sat") -> 0 | T24: =SUM(R24/S24) -> #DIV/0!
C25: PM | D25: =GETPIVOTDATA("Sum of PM FIELD",'Pivot Table'!$A$4,"DAY","Sat") -> 265 | E25: =88+88+92+88+88 -> 444 | F25: =SUM(D25/E25) -> 0.59684685 | J25: PM | K25: =GETPIVOTDATA("Sum of PM FIELD",'Pivot Table'!$A$16,"DAY","Sat") -> 319 | L25: =92+84+88+92 -> 356 | M25: =SUM(K25/L25) -> 0.89606742 | Q25: PM | R25: =GETPIVOTDATA("Sum of PM FIELD",'Pivot Table'!$A$28,"DAY","Sat") -> 0 | T25: =SUM(R25/S25) -> #DIV/0!
B26: Total Occupancy | D26: =SUM(D23:D25) -> 704 | E26: =SUM(E23:E25) -> 916 | F26: =SUM(D26/E26) -> 0.76855895 | I26: Total Occupancy | K26: =SUM(K23:K25) -> 667 | L26: =SUM(L23:L25) -> 720 | M26: =SUM(K26/L26) -> 0.92638889 | P26: Total Occupancy | R26: =SUM(R23:R25) -> 0 | S26: =SUM(S23:S25) -> 0 | T26: =SUM(R26/S26) -> #DIV/0!
B28: Sunday | C28: AM | D28: =GETPIVOTDATA("Sum of AM FIELD",'Pivot Table'!$A$4,"DAY","Sun") -> 362 | E28: =96+96+96+96 -> 384 | F28: =SUM(D28/E28) -> 0.94270833 | I28: Sunday | J28: AM | K28: =GETPIVOTDATA("Sum of AM FIELD",'Pivot Table'!$A$16,"DAY","Sun") -> 362 | L28: =96+96+96+96 -> 384 | M28: =SUM(K28/L28) -> 0.94270833 | P28: Sunday | Q28: AM | R28: =GETPIVOTDATA("Sum of AM FIELD",'Pivot Table'!$A$28,"DAY","Sun") -> 0 | T28: =SUM(R28/S28) -> #DIV/0!
C29: PM | D29: =GETPIVOTDATA("Sum of PM FIELD",'Pivot Table'!$A$4,"DAY","Sun") -> 346 | E29: =88+88+88+88 -> 352 | F29: =SUM(D29/E29) -> 0.98295455 | J29: PM | K29: =GETPIVOTDATA("Sum of PM FIELD",'Pivot Table'!$A$16,"DAY","Sun") -> 289 | L29: =88+88+88+88 -> 352 | M29: =SUM(K29/L29) -> 0.82102273 | Q29: PM | R29: =GETPIVOTDATA("Sum of PM FIELD",'Pivot Table'!$A$28,"DAY","Sun") -> 0 | T29: =SUM(R29/S29) -> #DIV/0!
B30: Total Occupancy | D30: =SUM(D27:D29) -> 708 | E30: =SUM(E27:E29) -> 736 | F30: =SUM(D30/E30) -> 0.96195652 | I30: Total Occupancy | K30: =SUM(K27:K29) -> 651 | L30: =SUM(L27:L29) -> 736 | M30: =SUM(K30/L30) -> 0.88451087 | P30: Total Occupancy | R30: =SUM(R27:R29) -> 0 | S30: =SUM(S27:S29) -> 0 | T30: =SUM(R30/S30) -> #DIV/0!
B33: April | D33: Bookings | E33: Spots Available | F33: Occupancy | G33: Notes | I33: May | K33: Bookings | L33: Spots Available | M33: Occupancy | N33: Notes | P33: June | R33: Bookings | S33: Spots Available | T33: Occupancy | U33: Notes
B35: Monday | C35: AM | D35: =GETPIVOTDATA("Sum of AM FIELD",'Pivot Table'!$A$40,"DAY","Mon") -> 0 | F35: =SUM(D35/E35) -> #DIV/0! | I35: Monday | J35: AM | K35: =GETPIVOTDATA("Sum of AM FIELD",'Pivot Table'!$A$52,"DAY","Mon") -> 0 | M35: =SUM(K35/L35) -> #DIV/0! | P35: Monday | Q35: AM | R35: =GETPIVOTDATA("Sum of AM FIELD",'Pivot Table'!$A$64,"DAY","Mon") -> 0 | T35: =SUM(R35/S35) -> #DIV/0!
C36: PM | D36: =GETPIVOTDATA("Sum of PM FIELD",'Pivot Table'!$A$40,"DAY","Mon") -> 0 | F36: =SUM(D36/E36) -> #DIV/0! | J36: PM | K36: =GETPIVOTDATA("Sum of PM FIELD",'Pivot Table'!$A$52,"DAY","Mon") -> 0 | M36: =SUM(K36/L36) -> #DIV/0! | Q36: PM | R36: =GETPIVOTDATA("Sum of PM FIELD",'Pivot Table'!$A$64,"DAY","Mon") -> 0 | T36: =SUM(R36/S36) -> #DIV/0!
B37: Total Occupancy | D37: =SUM(D34:D36) -> 0 | E37: =SUM(E34:E36) -> 0 | F37: =SUM(D37/E37) -> #DIV/0! | I37: Total Occupancy | K37: =SUM(K34:K36) -> 0 | L37: =SUM(L34:L36) -> 0 | M37: =SUM(K37/L37) -> #DIV/0! | P37: Total Occupancy | R37: =SUM(R34:R36) -> 0 | S37: =SUM(S34:S36) -> 0 | T37: =SUM(R37/S37) -> #DIV/0!
B39: Tuesday | C39: AM | D39: =GETPIVOTDATA("Sum of AM FIELD",'Pivot Table'!$A$40,"DAY","Tue") -> 0 | F39: =SUM(D39/E39) -> #DIV/0! | I39: Tuesday | J39: AM | K39: =GETPIVOTDATA("Sum of AM FIELD",'Pivot Table'!$A$52,"DAY","Tue") -> 0 | M39: =SUM(K39/L39) -> #DIV/0! | P39: Tuesday | Q39: AM | R39: =GETPIVOTDATA("Sum of AM FIELD",'Pivot Table'!$A$64,"DAY","Tue") -> 0 | T39: =SUM(R39/S39) -> #DIV/0!
C40: PM | D40: =GETPIVOTDATA("Sum of PM FIELD",'Pivot Table'!$A$40,"DAY","Tue") -> 0 | F40: =SUM(D40/E40) -> #DIV/0! | J40: PM | K40: =GETPIVOTDATA("Sum of PM FIELD",'Pivot Table'!$A$52,"DAY","Tue") -> 0 | M40: =SUM(K40/L40) -> #DIV/0! | Q40: PM | R40: =GETPIVOTDATA("Sum of PM FIELD",'Pivot Table'!$A$64,"DAY","Tue") -> 0 | T40: =SUM(R40/S40) -> #DIV/0!
B41: Total Occupancy | D41: =SUM(D38:D40) -> 0 | E41: =SUM(E38:E40) -> 0 | F41: =SUM(D41/E41) -> #DIV/0! | I41: Total Occupancy | K41: =SUM(K38:K40) -> 0 | L41: =SUM(L38:L40) -> 0 | M41: =SUM(K41/L41) -> #DIV/0! | P41: Total Occupancy | R41: =SUM(R38:R40) -> 0 | S41: =SUM(S38:S40) -> 0 | T41: =SUM(R41/S41) -> #DIV/0!
B43: Wednesday | C43: AM | D43: =GETPIVOTDATA("Sum of AM FIELD",'Pivot Table'!$A$40,"DAY","Wed") -> 0 | F43: =SUM(D43/E43) -> #DIV/0! | I43: Wednesday | J43: AM | K43: =GETPIVOTDATA("Sum of AM FIELD",'Pivot Table'!$A$52,"DAY","Wed") -> 0 | M43: =SUM(K43/L43) -> #DIV/0! | P43: Wednesday | Q43: AM | R43: =GETPIVOTDATA("Sum of AM FIELD",'Pivot Table'!$A$64,"DAY","Wed") -> 0 | T43: =SUM(R43/S43) -> #DIV/0!
C44: PM | D44: =GETPIVOTDATA("Sum of PM FIELD",'Pivot Table'!$A$40,"DAY","Wed") -> 0 | F44: =SUM(D44/E44) -> #DIV/0! | J44: PM | K44: =GETPIVOTDATA("Sum of PM FIELD",'Pivot Table'!$A$52,"DAY","Wed") -> 0 | M44: =SUM(K44/L44) -> #DIV/0! | Q44: PM | R44: =GETPIVOTDATA("Sum of PM FIELD",'Pivot Table'!$A$64,"DAY","Wed") -> 0 | T44: =SUM(R44/S44) -> #DIV/0!
B45: Total Occupancy | D45: =SUM(D42:D44) -> 0 | E45: =SUM(E42:E44) -> 0 | F45: =SUM(D45/E45) -> #DIV/0! | I45: Total Occupancy | K45: =SUM(K42:K44) -> 0 | L45: =SUM(L42:L44) -> 0 | M45: =SUM(K45/L45) -> #DIV/0! | P45: Total Occupancy | R45: =SUM(R42:R44) -> 0 | S45: =SUM(S42:S44) -> 0 | T45: =SUM(R45/S45) -> #DIV/0!
B47: Thursday | C47: AM | D47: =GETPIVOTDATA("Sum of AM FIELD",'Pivot Table'!$A$40,"DAY","Thu") -> 0 | F47: =SUM(D47/E47) -> #DIV/0! | I47: Thursday | J47: AM | K47: =GETPIVOTDATA("Sum of AM FIELD",'Pivot Table'!$A$52,"DAY","Thu") -> 0 | M47: =SUM(K47/L47) -> #DIV/0! | P47: Thursday | Q47: AM | R47: =GETPIVOTDATA("Sum of AM FIELD",'Pivot Table'!$A$64,"DAY","Thu") -> 0 | T47: =SUM(R47/S47) -> #DIV/0!
C48: PM | D48: =GETPIVOTDATA("Sum of PM FIELD",'Pivot Table'!$A$40,"DAY","Thu") -> 0 | F48: =SUM(D48/E48) -> #DIV/0! | J48: PM | K48: =GETPIVOTDATA("Sum of PM FIELD",'Pivot Table'!$A$52,"DAY","Thu") -> 0 | M48: =SUM(K48/L48) -> #DIV/0! | Q48: PM | R48: =GETPIVOTDATA("Sum of PM FIELD",'Pivot Table'!$A$64,"DAY","Thu") -> 0 | T48: =SUM(R48/S48) -> #DIV/0!
B49: Total Occupancy | D49: =SUM(D46:D48) -> 0 | E49: =SUM(E46:E48) -> 0 | F49: =SUM(D49/E49) -> #DIV/0! | I49: Total Occupancy | K49: =SUM(K46:K48) -> 0 | L49: =SUM(L46:L48) -> 0 | M49: =SUM(K49/L49) -> #DIV/0! | P49: Total Occupancy | R49: =SUM(R46:R48) -> 0 | S49: =SUM(S46:S48) -> 0 | T49: =SUM(R49/S49) -> #DIV/0!
B51: Friday | C51: AM | D51: =GETPIVOTDATA("Sum of AM FIELD",'Pivot Table'!$A$40,"DAY","Fri") -> 0 | F51: =SUM(D51/E51) -> #DIV/0! | I51: Friday | J51: AM | K51: =GETPIVOTDATA("Sum of AM FIELD",'Pivot Table'!$A$52,"DAY","Fri") -> 0 | M51: =SUM(K51/L51) -> #DIV/0! | P51: Friday | Q51: AM | R51: =GETPIVOTDATA("Sum of AM FIELD",'Pivot Table'!$A$64,"DAY","Fri") -> 0 | T51: =SUM(R51/S51) -> #DIV/0!
C52: PM | D52: =GETPIVOTDATA("Sum of PM FIELD",'Pivot Table'!$A$40,"DAY","Fri") -> 0 | F52: =SUM(D52/E52) -> #DIV/0! | J52: PM | K52: =GETPIVOTDATA("Sum of PM FIELD",'Pivot Table'!$A$52,"DAY","Fri") -> 0 | M52: =SUM(K52/L52) -> #DIV/0! | Q52: PM | R52: =GETPIVOTDATA("Sum of PM FIELD",'Pivot Table'!$A$64,"DAY","Fri") -> 0 | T52: =SUM(R52/S52) -> #DIV/0!
B53: Total Occupancy | D53: =SUM(D50:D52) -> 0 | E53: =SUM(E50:E52) -> 0 | F53: =SUM(D53/E53) -> #DIV/0! | I53: Total Occupancy | K53: =SUM(K50:K52) -> 0 | L53: =SUM(L50:L52) -> 0 | M53: =SUM(K53/L53) -> #DIV/0! | P53: Total Occupancy | R53: =SUM(R50:R52) -> 0 | S53: =SUM(S50:S52) -> 0 | T53: =SUM(R53/S53) -> #DIV/0!
B55: Saturday | C55: AM | D55: =GETPIVOTDATA("Sum of AM FIELD",'Pivot Table'!$A$40,"DAY","Sat") -> 0 | F55: =SUM(D55/E55) -> #DIV/0! | I55: Saturday | J55: AM | K55: =GETPIVOTDATA("Sum of AM FIELD",'Pivot Table'!$A$52,"DAY","Sat") -> 0 | M55: =SUM(K55/L55) -> #DIV/0! | P55: Saturday | Q55: AM | R55: =GETPIVOTDATA("Sum of AM FIELD",'Pivot Table'!$A$64,"DAY","Sat") -> 0 | T55: =SUM(R55/S55) -> #DIV/0!
C56: PM | D56: =GETPIVOTDATA("Sum of PM FIELD",'Pivot Table'!$A$40,"DAY","Sat") -> 0 | F56: =SUM(D56/E56) -> #DIV/0! | J56: PM | K56: =GETPIVOTDATA("Sum of PM FIELD",'Pivot Table'!$A$52,"DAY","Sat") -> 0 | M56: =SUM(K56/L56) -> #DIV/0! | Q56: PM | R56: =GETPIVOTDATA("Sum of PM FIELD",'Pivot Table'!$A$64,"DAY","Sat") -> 0 | T56: =SUM(R56/S56) -> #DIV/0!
B57: Total Occupancy | D57: =SUM(D54:D56) -> 0 | E57: =SUM(E55:E56) -> 0 | F57: =SUM(D57/E57) -> #DIV/0! | I57: Total Occupancy | K57: =SUM(K54:K56) -> 0 | L57: =SUM(L54:L56) -> 0 | M57: =SUM(K57/L57) -> #DIV/0! | P57: Total Occupancy | R57: =SUM(R54:R56) -> 0 | S57: =SUM(S54:S56) -> 0 | T57: =SUM(R57/S57) -> #DIV/0!
B59: Sunday | C59: AM | D59: =GETPIVOTDATA("Sum of AM FIELD",'Pivot Table'!$A$40,"DAY","Sun") -> 0 | F59: =SUM(D59/E59) -> #DIV/0! | I59: Sunday | J59: AM | K59: =GETPIVOTDATA("Sum of AM FIELD",'Pivot Table'!$A$52,"DAY","Sun") -> 0 | M59: =SUM(K59/L59) -> #DIV/0! | P59: Sunday | Q59: AM | R59: =GETPIVOTDATA("Sum of AM FIELD",'Pivot Table'!$A$64,"DAY","Sun") -> 0 | T59: =SUM(R59/S59) -> #DIV/0!
C60: PM | D60: =GETPIVOTDATA("Sum of PM FIELD",'Pivot Table'!$A$40,"DAY","Sun") -> 0 | F60: =SUM(D60/E60) -> #DIV/0! | J60: PM | K60: =GETPIVOTDATA("Sum of PM FIELD",'Pivot Table'!$A$52,"DAY","Sun") -> 0 | M60: =SUM(K60/L60) -> #DIV/0! | Q60: PM | R60: =GETPIVOTDATA("Sum of PM FIELD",'Pivot Table'!$A$64,"DAY","Sun") -> 0 | T60: =SUM(R60/S60) -> #DIV/0!
B61: Total Occupancy | D61: =SUM(D58:D60) -> 0 | E61: =SUM(E58:E60) -> 0 | F61: =SUM(D61/E61) -> #DIV/0! | I61: Total Occupancy | K61: =SUM(K58:K60) -> 0 | L61: =SUM(L58:L60) -> 0 | M61: =SUM(K61/L61) -> #DIV/0! | P61: Total Occupancy | R61: =SUM(R58:R60) -> 0 | S61: =SUM(S58:S60) -> 0 | T61: =SUM(R61/S61) -> #DIV/0!
B64: July | D64: Bookings | E64: Spots Available | F64: Occupancy | G64: Notes | I64: August | K64: Bookings | L64: Spots Available | M64: Occupancy | N64: Notes | P64: September | R64: Bookings | S64: Spots Available | T64: Occupancy | U64: Notes
B66: Monday | C66: AM | D66: =GETPIVOTDATA("Sum of AM FIELD",'Pivot Table'!$A$76,"DAY","Mon") -> 0 | F66: =SUM(D66/E66) -> #DIV/0! | I66: Monday | J66: AM | K66: =GETPIVOTDATA("Sum of AM FIELD",'Pivot Table'!$A$88,"DAY","Mon") -> 0 | M66: =SUM(K66/L66) -> #DIV/0! | P66: Monday | Q66: AM | R66: =GETPIVOTDATA("Sum of AM FIELD",'Pivot Table'!$A$100,"DAY","Mon") -> 0 | T66: =SUM(R66/S66) -> #DIV/0!
C67: PM | D67: =GETPIVOTDATA("Sum of PM FIELD",'Pivot Table'!$A$76,"DAY","Mon") -> 0 | F67: =SUM(D67/E67) -> #DIV/0! | J67: PM | K67: =GETPIVOTDATA("Sum of PM FIELD",'Pivot Table'!$A$88,"DAY","Mon") -> 0 | M67: =SUM(K67/L67) -> #DIV/0! | Q67: PM | R67: =GETPIVOTDATA("Sum of PM FIELD",'Pivot Table'!$A$100,"DAY","Mon") -> 0 | T67: =SUM(R67/S67) -> #DIV/0!
B68: Total Occupancy | D68: =SUM(D65:D67) -> 0 | E68: =SUM(E66:E67) -> 0 | F68: =SUM(D68/E68) -> #DIV/0! | I68: Total Occupancy | K68: =SUM(K65:K67) -> 0 | L68: =SUM(L66:L67) -> 0 | M68: =SUM(K68/L68) -> #DIV/0! | P68: Total Occupancy | R68: =SUM(R65:R67) -> 0 | S68: =SUM(S66:S67) -> 0 | T68: =SUM(R68/S68) -> #DIV/0!
B70: Tuesday | C70: AM | D70: =GETPIVOTDATA("Sum of AM FIELD",'Pivot Table'!$A$76,"DAY","Tue") -> 0 | F70: =SUM(D70/E70) -> #DIV/0! | I70: Tuesday | J70: AM | K70: =GETPIVOTDATA("Sum of AM FIELD",'Pivot Table'!$A$88,"DAY","Tue") -> 0 | M70: =SUM(K70/L70) -> #DIV/0! | P70: Tuesday | Q70: AM | R70: =GETPIVOTDATA("Sum of AM FIELD",'Pivot Table'!$A$100,"DAY","Tue") -> 0 | T70: =SUM(R70/S70) -> #DIV/0!
C71: PM | D71: =GETPIVOTDATA("Sum of PM FIELD",'Pivot Table'!$A$76,"DAY","Tue") -> 0 | F71: =SUM(D71/E71) -> #DIV/0! | J71: PM | K71: =GETPIVOTDATA("Sum of PM FIELD",'Pivot Table'!$A$88,"DAY","Tue") -> 0 | M71: =SUM(K71/L71) -> #DIV/0! | Q71: PM | R71: =GETPIVOTDATA("Sum of PM FIELD",'Pivot Table'!$A$100,"DAY","Tue") -> 0 | T71: =SUM(R71/S71) -> #DIV/0!
B72: Total Occupancy | D72: =SUM(D69:D71) -> 0 | E72: =SUM(E70:E71) -> 0 | F72: =SUM(D72/E72) -> #DIV/0! | I72: Total Occupancy | K72: =SUM(K69:K71) -> 0 | L72: =SUM(L70:L71) -> 0 | M72: =SUM(K72/L72) -> #DIV/0! | P72: Total Occupancy | R72: =SUM(R69:R71) -> 0 | S72: =SUM(S70:S71) -> 0 | T72: =SUM(R72/S72) -> #DIV/0!
B74: Wednesday | C74: AM | D74: =GETPIVOTDATA("Sum of AM FIELD",'Pivot Table'!$A$76,"DAY","Wed") -> 0 | F74: =SUM(D74/E74) -> #DIV/0! | I74: Wednesday | J74: AM | K74: =GETPIVOTDATA("Sum of AM FIELD",'Pivot Table'!$A$88,"DAY","Wed") -> 0 | M74: =SUM(K74/L74) -> #DIV/0! | P74: Wednesday | Q74: AM | R74: =GETPIVOTDATA("Sum of AM FIELD",'Pivot Table'!$A$100,"DAY","Wed") -> 0 | T74: =SUM(R74/S74) -> #DIV/0!
C75: PM | D75: =GETPIVOTDATA("Sum of PM FIELD",'Pivot Table'!$A$76,"DAY","Wed") -> 0 | F75: =SUM(D75/E75) -> #DIV/0! | J75: PM | K75: =GETPIVOTDATA("Sum of PM FIELD",'Pivot Table'!$A$88,"DAY","Wed") -> 0 | M75: =SUM(K75/L75) -> #DIV/0! | Q75: PM | R75: =GETPIVOTDATA("Sum of PM FIELD",'Pivot Table'!$A$100,"DAY","Wed") -> 0 | T75: =SUM(R75/S75) -> #DIV/0!
B76: Total Occupancy | D76: =SUM(D73:D75) -> 0 | E76: =SUM(E74:E75) -> 0 | F76: =SUM(D76/E76) -> #DIV/0! | I76: Total Occupancy | K76: =SUM(K73:K75) -> 0 | L76: =SUM(L74:L75) -> 0 | M76: =SUM(K76/L76) -> #DIV/0! | P76: Total Occupancy | R76: =SUM(R73:R75) -> 0 | S76: =SUM(S74:S75) -> 0 | T76: =SUM(R76/S76) -> #DIV/0!
B78: Thursday | C78: AM | D78: =GETPIVOTDATA("Sum of AM FIELD",'Pivot Table'!$A$76,"DAY","Thu") -> 0 | F78: =SUM(D78/E78) -> #DIV/0! | I78: Thursday | J78: AM | K78: =GETPIVOTDATA("Sum of AM FIELD",'Pivot Table'!$A$88,"DAY","Thu") -> 0 | M78: =SUM(K78/L78) -> #DIV/0! | P78: Thursday | Q78: AM | R78: =GETPIVOTDATA("Sum of AM FIELD",'Pivot Table'!$A$100,"DAY","Thu") -> 0 | T78: =SUM(R78/S78) -> #DIV/0!
C79: PM | D79: =GETPIVOTDATA("Sum of PM FIELD",'Pivot Table'!$A$76,"DAY","Thu") -> 0 | F79: =SUM(D79/E79) -> #DIV/0! | J79: PM | K79: =GETPIVOTDATA("Sum of PM FIELD",'Pivot Table'!$A$88,"DAY","Thu") -> 0 | M79: =SUM(K79/L79) -> #DIV/0! | Q79: PM | R79: =GETPIVOTDATA("Sum of PM FIELD",'Pivot Table'!$A$100,"DAY","Thu") -> 0 | T79: =SUM(R79/S79) -> #DIV/0!
B80: Total Occupancy | D80: =SUM(D77:D79) -> 0 | E80: =SUM(E78:E79) -> 0 | F80: =SUM(D80/E80) -> #DIV/0! | I80: Total Occupancy | K80: =SUM(K77:K79) -> 0 | L80: =SUM(L78:L79) -> 0 | M80: =SUM(K80/L80) -> #DIV/0! | P80: Total Occupancy | R80: =SUM(R77:R79) -> 0 | S80: =SUM(S78:S79) -> 0 | T80: =SUM(R80/S80) -> #DIV/0!
B82: Friday | C82: AM | D82: =GETPIVOTDATA("Sum of AM FIELD",'Pivot Table'!$A$76,"DAY","Fri") -> 0 | F82: =SUM(D82/E82) -> #DIV/0! | I82: Friday | J82: AM | K82: =GETPIVOTDATA("Sum of AM FIELD",'Pivot Table'!$A$88,"DAY","Fri") -> 0 | M82: =SUM(K82/L82) -> #DIV/0! | P82: Friday | Q82: AM | R82: =GETPIVOTDATA("Sum of AM FIELD",'Pivot Table'!$A$100,"DAY","Fri") -> 0 | T82: =SUM(R82/S82) -> #DIV/0!
C83: PM | D83: =GETPIVOTDATA("Sum of PM FIELD",'Pivot Table'!$A$76,"DAY","Fri") -> 0 | F83: =SUM(D83/E83) -> #DIV/0! | J83: PM | K83: =GETPIVOTDATA("Sum of PM FIELD",'Pivot Table'!$A$88,"DAY","Fri") -> 0 | M83: =SUM(K83/L83) -> #DIV/0! | Q83: PM | R83: =GETPIVOTDATA("Sum of PM FIELD",'Pivot Table'!$A$100,"DAY","Fri") -> 0 | T83: =SUM(R83/S83) -> #DIV/0!
B84: Total Occupancy | D84: =SUM(D81:D83) -> 0 | E84: =SUM(E82:E83) -> 0 | F84: =SUM(D84/E84) -> #DIV/0! | I84: Total Occupancy | K84: =SUM(K81:K83) -> 0 | L84: =SUM(L82:L83) -> 0 | M84: =SUM(K84/L84) -> #DIV/0! | P84: Total Occupancy | R84: =SUM(R81:R83) -> 0 | S84: =SUM(S82:S83) -> 0 | T84: =SUM(R84/S84) -> #DIV/0!
B86: Saturday | C86: AM | D86: =GETPIVOTDATA("Sum of AM FIELD",'Pivot Table'!$A$76,"DAY","Sat") -> 0 | F86: =SUM(D86/E86) -> #DIV/0! | I86: Saturday | J86: AM | K86: =GETPIVOTDATA("Sum of AM FIELD",'Pivot Table'!$A$88,"DAY","Sat") -> 0 | M86: =SUM(K86/L86) -> #DIV/0! | P86: Saturday | Q86: AM | R86: =GETPIVOTDATA("Sum of AM FIELD",'Pivot Table'!$A$100,"DAY","Sat") -> 0 | T86: =SUM(R86/S86) -> #DIV/0!
C87: PM | D87: =GETPIVOTDATA("Sum of PM FIELD",'Pivot Table'!$A$76,"DAY","Sat") -> 0 | F87: =SUM(D87/E87) -> #DIV/0! | J87: PM | K87: =GETPIVOTDATA("Sum of PM FIELD",'Pivot Table'!$A$88,"DAY","Sat") -> 0 | M87: =SUM(K87/L87) -> #DIV/0! | Q87: PM | R87: =GETPIVOTDATA("Sum of PM FIELD",'Pivot Table'!$A$100,"DAY","Sat") -> 0 | T87: =SUM(R87/S87) -> #DIV/0!
B88: Total Occupancy | D88: =SUM(D85:D87) -> 0 | E88: =SUM(E86:E87) -> 0 | F88: =SUM(D88/E88) -> #DIV/0! | I88: Total Occupancy | K88: =SUM(K85:K87) -> 0 | L88: =SUM(L86:L87) -> 0 | M88: =SUM(K88/L88) -> #DIV/0! | P88: Total Occupancy | R88: =SUM(R85:R87) -> 0 | S88: =SUM(S86:S87) -> 0 | T88: =SUM(R88/S88) -> #DIV/0!
B90: Sunday | C90: AM | D90: =GETPIVOTDATA("Sum of AM FIELD",'Pivot Table'!$A$76,"DAY","Sun") -> 0 | F90: =SUM(D90/E90) -> #DIV/0! | I90: Sunday | J90: AM | K90: =GETPIVOTDATA("Sum of AM FIELD",'Pivot Table'!$A$88,"DAY","Sun") -> 0 | M90: =SUM(K90/L90) -> #DIV/0! | P90: Sunday | Q90: AM | R90: =GETPIVOTDATA("Sum of AM FIELD",'Pivot Table'!$A$100,"DAY","Sun") -> 0 | T90: =SUM(R90/S90) -> #DIV/0!
C91: PM | D91: =GETPIVOTDATA("Sum of PM FIELD",'Pivot Table'!$A$76,"DAY","Sun") -> 0 | F91: =SUM(D91/E91) -> #DIV/0! | J91: PM | K91: =GETPIVOTDATA("Sum of PM FIELD",'Pivot Table'!$A$88,"DAY","Sun") -> 0 | M91: =SUM(K91/L91) -> #DIV/0! | Q91: PM | R91: =GETPIVOTDATA("Sum of PM FIELD",'Pivot Table'!$A$100,"DAY","Sun") -> 0 | T91: =SUM(R91/S91) -> #DIV/0!
B92: Total Occupancy | D92: =SUM(D89:D91) -> 0 | E92: =SUM(E90:E91) -> 0 | F92: =SUM(D92/E92) -> #DIV/0! | I92: Total Occupancy | K92: =SUM(K89:K91) -> 0 | L92: =SUM(L90:L91) -> 0 | M92: =SUM(K92/L92) -> #DIV/0! | P92: Total Occupancy | R92: =SUM(R89:R91) -> 0 | S92: =SUM(S90:S91) -> 0 | T92: =SUM(R92/S92) -> #DIV/0!
B95: October | D95: Bookings | E95: Spots Available | F95: Occupancy | G95: Notes | I95: November | K95: Bookings | L95: Spots Available | M95: Occupancy | N95: Notes | P95: December | R95: Bookings | S95: Spots Available | T95: Occupancy | U95: Notes
B97: Monday | C97: AM | D97: =GETPIVOTDATA("Sum of AM FIELD",'Pivot Table'!$A$112,"DAY","Mon") -> 0 | F97: =SUM(D97/E97) -> #DIV/0! | I97: Monday | J97: AM | K97: =GETPIVOTDATA("Sum of AM FIELD",'Pivot Table'!$A$124,"DAY","Mon") -> 0 | M97: =SUM(K97/L97) -> #DIV/0! | P97: Monday | Q97: AM | R97: =GETPIVOTDATA("Sum of AM FIELD",'Pivot Table'!$A$136,"DAY","Mon") -> 0 | T97: =SUM(R97/S97) -> #DIV/0!
C98: PM | D98: =GETPIVOTDATA("Sum of PM FIELD",'Pivot Table'!$A$112,"DAY","Mon") -> 0 | F98: =SUM(D98/E98) -> #DIV/0! | J98: PM | K98: =GETPIVOTDATA("Sum of PM FIELD",'Pivot Table'!$A$124,"DAY","Mon") -> 0 | M98: =SUM(K98/L98) -> #DIV/0! | Q98: PM | R98: =GETPIVOTDATA("Sum of PM FIELD",'Pivot Table'!$A$136,"DAY","Mon") -> 0 | T98: =SUM(R98/S98) -> #DIV/0!
B99: Total Occupancy | D99: =SUM(D97:D98) -> 0 | E99: =SUM(E97:E98) -> 0 | F99: =SUM(D99/E99) -> #DIV/0! | I99: Total Occupancy | K99: =SUM(K96:K98) -> 0 | L99: =SUM(L96:L98) -> 0 | M99: =SUM(K99/L99) -> #DIV/0! | P99: Total Occupancy | R99: =SUM(R96:R98) -> 0 | S99: =SUM(S96:S98) -> 0 | T99: =SUM(R99/S99) -> #DIV/0!
B101: Tuesday | C101: AM | D101: =GETPIVOTDATA("Sum of AM FIELD",'Pivot Table'!$A$112,"DAY","Tue") -> 0 | F101: =SUM(D101/E101) -> #DIV/0! | I101: Tuesday | J101: AM | K101: =GETPIVOTDATA("Sum of AM FIELD",'Pivot Table'!$A$124,"DAY","Tue") -> 0 | M101: =SUM(K101/L101) -> #DIV/0! | P101: Tuesday | Q101: AM | R101: =GETPIVOTDATA("Sum of AM FIELD",'Pivot Table'!$A$136,"DAY","Tue") -> 0 | T101: =SUM(R101/S101) -> #DIV/0!
C102: PM | D102: =GETPIVOTDATA("Sum of PM FIELD",'Pivot Table'!$A$112,"DAY","Tue") -> 0 | F102: =SUM(D102/E102) -> #DIV/0! | J102: PM | K102: =GETPIVOTDATA("Sum of PM FIELD",'Pivot Table'!$A$124,"DAY","Tue") -> 0 | M102: =SUM(K102/L102) -> #DIV/0! | Q102: PM | R102: =GETPIVOTDATA("Sum of PM FIELD",'Pivot Table'!$A$136,"DAY","Tue") -> 0 | T102: =SUM(R102/S102) -> #DIV/0!
B103: Total Occupancy | D103: =SUM(D101:D102) -> 0 | E103: =SUM(E101:E102) -> 0 | F103: =SUM(D103/E103) -> #DIV/0! | I103: Total Occupancy | K103: =SUM(K100:K102) -> 0 | L103: =SUM(L100:L102) -> 0 | M103: =SUM(K103/L103) -> #DIV/0! | P103: Total Occupancy | R103: =SUM(R100:R102) -> 0 | S103: =SUM(S100:S102) -> 0 | T103: =SUM(R103/S103) -> #DIV/0!
B105: Wednesday | C105: AM | D105: =GETPIVOTDATA("Sum of AM FIELD",'Pivot Table'!$A$112,"DAY","Wed") -> 0 | F105: =SUM(D105/E105) -> #DIV/0! | I105: Wednesday | J105: AM | K105: =GETPIVOTDATA("Sum of AM FIELD",'Pivot Table'!$A$124,"DAY","Wed") -> 0 | M105: =SUM(K105/L105) -> #DIV/0! | P105: Wednesday | Q105: AM | R105: =GETPIVOTDATA("Sum of AM FIELD",'Pivot Table'!$A$136,"DAY","Wed") -> 0 | T105: =SUM(R105/S105) -> #DIV/0!
C106: PM | D106: =GETPIVOTDATA("Sum of PM FIELD",'Pivot Table'!$A$112,"DAY","Wed") -> 0 | F106: =SUM(D106/E106) -> #DIV/0! | J106: PM | K106: =GETPIVOTDATA("Sum of PM FIELD",'Pivot Table'!$A$124,"DAY","Wed") -> 0 | M106: =SUM(K106/L106) -> #DIV/0! | Q106: PM | R106: =GETPIVOTDATA("Sum of PM FIELD",'Pivot Table'!$A$136,"DAY","Wed") -> 0 | T106: =SUM(R106/S106) -> #DIV/0!
B107: Total Occupancy | D107: =SUM(D105:D106) -> 0 | E107: =SUM(E105:E106) -> 0 | F107: =SUM(D107/E107) -> #DIV/0! | I107: Total Occupancy | K107: =SUM(K104:K106) -> 0 | L107: =SUM(L104:L106) -> 0 | M107: =SUM(K107/L107) -> #DIV/0! | P107: Total Occupancy | R107: =SUM(R104:R106) -> 0 | S107: =SUM(S104:S106) -> 0 | T107: =SUM(R107/S107) -> #DIV/0!
B109: Thursday | C109: AM | D109: =GETPIVOTDATA("Sum of AM FIELD",'Pivot Table'!$A$112,"DAY","Thu") -> 0 | F109: =SUM(D109/E109) -> #DIV/0! | I109: Thursday | J109: AM | K109: =GETPIVOTDATA("Sum of AM FIELD",'Pivot Table'!$A$124,"DAY","Thu") -> 0 | M109: =SUM(K109/L109) -> #DIV/0! | P109: Thursday | Q109: AM | R109: =GETPIVOTDATA("Sum of AM FIELD",'Pivot Table'!$A$136,"DAY","Thu") -> 0 | T109: =SUM(R109/S109) -> #DIV/0!
C110: PM | D110: =GETPIVOTDATA("Sum of PM FIELD",'Pivot Table'!$A$112,"DAY","Thu") -> 0 | F110: =SUM(D110/E110) -> #DIV/0! | J110: PM | K110: =GETPIVOTDATA("Sum of PM FIELD",'Pivot Table'!$A$124,"DAY","Thu") -> 0 | M110: =SUM(K110/L110) -> #DIV/0! | Q110: PM | R110: =GETPIVOTDATA("Sum of PM FIELD",'Pivot Table'!$A$136,"DAY","Thu") -> 0 | T110: =SUM(R110/S110) -> #DIV/0!
B111: Total Occupancy | D111: =SUM(D109:D110) -> 0 | E111: =SUM(E109:E110) -> 0 | F111: =SUM(D111/E111) -> #DIV/0! | I111: Total Occupancy | K111: =SUM(K108:K110) -> 0 | L111: =SUM(L108:L110) -> 0 | M111: =SUM(K111/L111) -> #DIV/0! | P111: Total Occupancy | R111: =SUM(R108:R110) -> 0 | S111: =SUM(S108:S110) -> 0 | T111: =SUM(R111/S111) -> #DIV/0!
B113: Friday | C113: AM | D113: =GETPIVOTDATA("Sum of AM FIELD",'Pivot Table'!$A$112,"DAY","Fri") -> 0 | F113: =SUM(D113/E113) -> #DIV/0! | I113: Friday | J113: AM | K113: =GETPIVOTDATA("Sum of AM FIELD",'Pivot Table'!$A$124,"DAY","Fri") -> 0 | M113: =SUM(K113/L113) -> #DIV/0! | P113: Friday | Q113: AM | R113: =GETPIVOTDATA("Sum of AM FIELD",'Pivot Table'!$A$136,"DAY","Fri") -> 0 | T113: =SUM(R113/S113) -> #DIV/0!
C114: PM | D114: =GETPIVOTDATA("Sum of PM FIELD",'Pivot Table'!$A$112,"DAY","Fri") -> 0 | F114: =SUM(D114/E114) -> #DIV/0! | J114: PM | K114: =GETPIVOTDATA("Sum of PM FIELD",'Pivot Table'!$A$124,"DAY","Fri") -> 0 | M114: =SUM(K114/L114) -> #DIV/0! | Q114: PM | R114: =GETPIVOTDATA("Sum of PM FIELD",'Pivot Table'!$A$136,"DAY","Fri") -> 0 | T114: =SUM(R114/S114) -> #DIV/0!
B115: Total Occupancy | D115: =SUM(D113:D114) -> 0 | E115: =SUM(E113:E114) -> 0 | F115: =SUM(D115/E115) -> #DIV/0! | I115: Total Occupancy | K115: =SUM(K112:K114) -> 0 | L115: =SUM(L112:L114) -> 0 | M115: =SUM(K115/L115) -> #DIV/0! | P115: Total Occupancy | R115: =SUM(R112:R114) -> 0 | S115: =SUM(S112:S114) -> 0 | T115: =SUM(R115/S115) -> #DIV/0!
B117: Saturday | C117: AM | D117: =GETPIVOTDATA("Sum of AM FIELD",'Pivot Table'!$A$112,"DAY","Sat") -> 0 | F117: =SUM(D117/E117) -> #DIV/0! | I117: Saturday | J117: AM | K117: =GETPIVOTDATA("Sum of AM FIELD",'Pivot Table'!$A$124,"DAY","Sat") -> 0 | M117: =SUM(K117/L117) -> #DIV/0! | P117: Saturday | Q117: AM | R117: =GETPIVOTDATA("Sum of AM FIELD",'Pivot Table'!$A$136,"DAY","Sat") -> 0 | T117: =SUM(R117/S117) -> #DIV/0!
C118: PM | D118: =GETPIVOTDATA("Sum of PM FIELD",'Pivot Table'!$A$112,"DAY","Sat") -> 0 | F118: =SUM(D118/E118) -> #DIV/0! | J118: PM | K118: =GETPIVOTDATA("Sum of PM FIELD",'Pivot Table'!$A$124,"DAY","Sat") -> 0 | M118: =SUM(K118/L118) -> #DIV/0! | Q118: PM | R118: =GETPIVOTDATA("Sum of PM FIELD",'Pivot Table'!$A$136,"DAY","Sat") -> 0 | T118: =SUM(R118/S118) -> #DIV/0!
B119: Total Occupancy | D119: =SUM(D117:D118) -> 0 | E119: =SUM(E117:E118) -> 0 | F119: =SUM(D119/E119) -> #DIV/0! | I119: Total Occupancy | K119: =SUM(K116:K118) -> 0 | L119: =SUM(L116:L118) -> 0 | M119: =SUM(K119/L119) -> #DIV/0! | P119: Total Occupancy | R119: =SUM(R116:R118) -> 0 | S119: =SUM(S116:S118) -> 0 | T119: =SUM(R119/S119) -> #DIV/0!
B121: Sunday | C121: AM | D121: =GETPIVOTDATA("Sum of AM FIELD",'Pivot Table'!$A$112,"DAY","Sun") -> 0 | F121: =SUM(D121/E121) -> #DIV/0! | I121: Sunday | J121: AM | K121: =GETPIVOTDATA("Sum of AM FIELD",'Pivot Table'!$A$124,"DAY","Sun") -> 0 | M121: =SUM(K121/L121) -> #DIV/0! | P121: Sunday | Q121: AM | R121: =GETPIVOTDATA("Sum of AM FIELD",'Pivot Table'!$A$136,"DAY","Sun") -> 0 | T121: =SUM(R121/S121) -> #DIV/0!
C122: PM | D122: =GETPIVOTDATA("Sum of PM FIELD",'Pivot Table'!$A$112,"DAY","Sun") -> 0 | F122: =SUM(D122/E122) -> #DIV/0! | I122: After 3pm | J122: PM | K122: =GETPIVOTDATA("Sum of PM FIELD",'Pivot Table'!$A$124,"DAY","Sun") -> 0 | M122: =SUM(K122/L122) -> #DIV/0! | P122: After 3pm | Q122: PM | R122: =GETPIVOTDATA("Sum of PM Field",'Pivot Table'!$A$136,"DAY","Sun") -> 0 | T122: =SUM(R122/S122) -> #DIV/0!
B123: Total Occupancy | D123: =SUM(D121:D122) -> 0 | E123: =SUM(E121:E122) -> 0 | F123: =SUM(D123/E123) -> #DIV/0! | I123: Total Occupancy | K123: =SUM(K120:K122) -> 0 | L123: =SUM(L120:L122) -> 0 | M123: =SUM(K123/L123) -> #DIV/0! | P123: Total Occupancy | R123: =SUM(R120:R122) -> 0 | S123: =SUM(S120:S122) -> 0 | T123: =SUM(R123/S123) -> #DIV/0!

Sheet Occupancy Report Summarised
B2: 2025 Totals (By Day) | D2: Bookings | E2: Spots Available | F2: Occupancy | G2: Notes | J2: 2025 Totals (By Month) | L2: Bookings | M2: Spots Available | N2: Occupancy | O2: Notes
B4: Monday | C4: AM | D4: ='Occupancy Report'!D4+'Occupancy Report'!K4+'Occupancy Report'!R4+'Occupancy Report'!D35+'Occupancy Report'!K35+'Occupancy Report'!R35+'Occupancy Report'!D66+'Occupancy Report'!K66+'Occupancy Report'!R66+'Occupancy Report'!D97+'Occupancy Report'!K97+'Occupancy Report'!R97 -> 445 | E4: ='Occupancy Report'!E4+'Occupancy Report'!L4+'Occupancy Report'!S4+'Occupancy Report'!E35+'Occupancy Report'!L35+'Occupancy Report'!S35+'Occupancy Report'!E66+'Occupancy Report'!L66+'Occupancy Report'!S66+'Occupancy Report'!E97+'Occupancy Report'!L97+'Occupancy Report'!S97 -> 556 | F4: =SUM(D4/E4) -> 0.80035971 | J4: January | K4: AM | L4: =GETPIVOTDATA("Sum of AM FIELD",'Pivot Table'!$A$4) -> 2557 | M4: ='Occupancy Report'!E4+'Occupancy Report'!E8+'Occupancy Report'!E12+'Occupancy Report'!E16+'Occupancy Report'!E20+'Occupancy Report'!E24+'Occupancy Report'!E28 -> 3008 | N4: =SUM(L4/M4) -> 0.85006649
C5: PM | D5: ='Occupancy Report'!D5+'Occupancy Report'!K5+'Occupancy Report'!R5+'Occupancy Report'!D36+'Occupancy Report'!K36+'Occupancy Report'!R36+'Occupancy Report'!D67+'Occupancy Report'!K67+'Occupancy Report'!R67+'Occupancy Report'!D98+'Occupancy Report'!K98+'Occupancy Report'!R98 -> 602 | E5: ='Occupancy Report'!E5+'Occupancy Report'!L5+'Occupancy Report'!S5+'Occupancy Report'!E36+'Occupancy Report'!L36+'Occupancy Report'!S36+'Occupancy Report'!E67+'Occupancy Report'!L67+'Occupancy Report'!S67+'Occupancy Report'!E98+'Occupancy Report'!L98+'Occupancy Report'!S98 -> 684 | F5: =SUM(D5/E5) -> 0.88011696 | K5: PM | L5: =GETPIVOTDATA("Sum of PM FIELD",'Pivot Table'!$A$4) -> 1728 | M5: ='Occupancy Report'!E5+'Occupancy Report'!E9+'Occupancy Report'!E13+'Occupancy Report'!E17+'Occupancy Report'!E21+'Occupancy Report'!E25+'Occupancy Report'!E29 -> 2572 | N5: =SUM(L5/M5) -> 0.6718507
B6: Total Occupancy | D6: =SUM(D4:D5) -> 1047 | E6: =SUM(E4:E5) -> 1240 | F6: =SUM(D6/E6) -> 0.84435484 | J6: Total Occupancy | L6: =SUM(L4:L5) -> 4285 | M6: =SUM(M4:M5) -> 5580 | N6: =SUM(L6/M6) -> 0.76792115
B8: Tuesday | C8: AM | D8: ='Occupancy Report'!D8+'Occupancy Report'!K8+'Occupancy Report'!R8+'Occupancy Report'!D39+'Occupancy Report'!K39+'Occupancy Report'!R39+'Occupancy Report'!D70+'Occupancy Report'!K70+'Occupancy Report'!R70+'Occupancy Report'!D101+'Occupancy Report'!K101+'Occupancy Report'!R101 -> 723 | E8: ='Occupancy Report'!E8+'Occupancy Report'!L8+'Occupancy Report'!S8+'Occupancy Report'!E39+'Occupancy Report'!L39+'Occupancy Report'!S39+'Occupancy Report'!E70+'Occupancy Report'!L70+'Occupancy Report'!S70+'Occupancy Report'!E101+'Occupancy Report'!L101+'Occupancy Report'!S101 -> 872 | F8: =SUM(D8/E8) -> 0.82912844 | J8: February | K8: AM | L8: =GETPIVOTDATA("Sum of AM FIELD",'Pivot Table'!$A$16) -> 2293 | M8: ='Occupancy Report'!L4+'Occupancy Report'!L8+'Occupancy Report'!L12+'Occupancy Report'!L16+'Occupancy Report'!L20+'Occupancy Report'!L24+'Occupancy Report'!L28 -> 2548 | N8: =SUM(L8/M8) -> 0.89992151
C9: PM | D9: ='Occupancy Report'!D9+'Occupancy Report'!K9+'Occupancy Report'!R9+'Occupancy Report'!D40+'Occupancy Report'!K40+'Occupancy Report'!R40+'Occupancy Report'!D71+'Occupancy Report'!K71+'Occupancy Report'!R71+'Occupancy Report'!D102+'Occupancy Report'!K102+'Occupancy Report'!R102 -> 113 | E9: ='Occupancy Report'!E9+'Occupancy Report'!L9+'Occupancy Report'!S9+'Occupancy Report'!E40+'Occupancy Report'!L40+'Occupancy Report'!S40+'Occupancy Report'!E71+'Occupancy Report'!L71+'Occupancy Report'!S71+'Occupancy Report'!E102+'Occupancy Report'!L102+'Occupancy Report'!S102 -> 616 | F9: =SUM(D9/E9) -> 0.18344156 | K9: PM | L9: =GETPIVOTDATA("Sum of PM FIELD",'Pivot Table'!$A$16) -> 1852 | M9: ='Occupancy Report'!L5+'Occupancy Report'!L9+'Occupancy Report'!L13+'Occupancy Report'!L17+'Occupancy Report'!L21+'Occupancy Report'!L25+'Occupancy Report'!L29 -> 2364 | N9: =SUM(L9/M9) -> 0.78341794
B10: Total Occupancy | D10: =SUM(D8:D9) -> 836 | E10: =SUM(E8:E9) -> 1488 | F10: =SUM(D10/E10) -> 0.56182796 | J10: Total Occupancy | L10: =SUM(L8:L9) -> 4145 | M10: =SUM(M8:M9) -> 4912 | N10: =SUM(L10/M10) -> 0.84385179
B12: Wednesday | C12: AM | D12: ='Occupancy Report'!D12+'Occupancy Report'!K12+'Occupancy Report'!R12+'Occupancy Report'!D43+'Occupancy Report'!K43+'Occupancy Report'!R43+'Occupancy Report'!D74+'Occupancy Report'!K74+'Occupancy Report'!R74+'Occupancy Report'!D105+'Occupancy Report'!K105+'Occupancy Report'!R105 -> 686 | E12: ='Occupancy Report'!E12+'Occupancy Report'!L12+'Occupancy Report'!S12+'Occupancy Report'!E43+'Occupancy Report'!L43+'Occupancy Report'!S43+'Occupancy Report'!E74+'Occupancy Report'!L74+'Occupancy Report'!S74+'Occupancy Report'!E105+'Occupancy Report'!L105+'Occupancy Report'!S105 -> 864 | F12: =SUM(D12/E12) -> 0.79398148 | J12: March | K12: AM | L12: =GETPIVOTDATA("Sum of AM FIELD",'Pivot Table'!$A$28) -> 0 | M12: ='Occupancy Report'!S4+'Occupancy Report'!S8+'Occupancy Report'!S12+'Occupancy Report'!S16+'Occupancy Report'!S20+'Occupancy Report'!S24+'Occupancy Report'!S28 -> 0 | N12: =SUM(L12/M12) -> #DIV/0!
C13: PM | D13: ='Occupancy Report'!D13+'Occupancy Report'!K13+'Occupancy Report'!R13+'Occupancy Report'!D44+'Occupancy Report'!K44+'Occupancy Report'!R44+'Occupancy Report'!D75+'Occupancy Report'!K75+'Occupancy Report'!R75+'Occupancy Report'!D106+'Occupancy Report'!K106+'Occupancy Report'!R106 -> 422 | E13: ='Occupancy Report'!E13+'Occupancy Report'!L13+'Occupancy Report'!S13+'Occupancy Report'!E44+'Occupancy Report'!L44+'Occupancy Report'!S44+'Occupancy Report'!E75+'Occupancy Report'!L75+'Occupancy Report'!S75+'Occupancy Report'!E106+'Occupancy Report'!L106+'Occupancy Report'!S106 -> 632 | F13: =SUM(D13/E13) -> 0.66772152 | K13: PM | L13: =GETPIVOTDATA("Sum of PM FIELD",'Pivot Table'!$A$28) -> 0 | M13: ='Occupancy Report'!S5+'Occupancy Report'!S9+'Occupancy Report'!S13+'Occupancy Report'!S17+'Occupancy Report'!S21+'Occupancy Report'!S25+'Occupancy Report'!S29 -> 0 | N13: =SUM(L13/M13) -> #DIV/0!
B14: Total Occupancy | D14: =SUM(D12:D13) -> 1108 | E14: =SUM(E12:E13) -> 1496 | F14: =SUM(D14/E14) -> 0.74064171 | J14: Total Occupancy | L14: =SUM(L12:L13) -> 0 | M14: =SUM(M12:M13) -> 0 | N14: =SUM(L14/M14) -> #DIV/0!
B16: Thursday | C16: AM | D16: ='Occupancy Report'!D16+'Occupancy Report'!K16+'Occupancy Report'!R16+'Occupancy Report'!D47+'Occupancy Report'!K47+'Occupancy Report'!R47+'Occupancy Report'!D78+'Occupancy Report'!K78+'Occupancy Report'!R78+'Occupancy Report'!D109+'Occupancy Report'!K109+'Occupancy Report'!R109 -> 734 | E16: ='Occupancy Report'!E16+'Occupancy Report'!L16+'Occupancy Report'!S16+'Occupancy Report'!E47+'Occupancy Report'!L47+'Occupancy Report'!S47+'Occupancy Report'!E78+'Occupancy Report'!L78+'Occupancy Report'!S78+'Occupancy Report'!E109+'Occupancy Report'!L109+'Occupancy Report'!S109 -> 800 | F16: =SUM(D16/E16) -> 0.9175 | J16: April | K16: AM | L16: =GETPIVOTDATA("Sum of AM FIELD",'Pivot Table'!$A$40) -> 0 | M16: ='Occupancy Report'!E35+'Occupancy Report'!E39+'Occupancy Report'!E43+'Occupancy Report'!E47+'Occupancy Report'!E51+'Occupancy Report'!E55+'Occupancy Report'!E59 -> 0 | N16: =SUM(L16/M16) -> #DIV/0!
C17: PM | D17: ='Occupancy Report'!D17+'Occupancy Report'!K17+'Occupancy Report'!R17+'Occupancy Report'!D48+'Occupancy Report'!K48+'Occupancy Report'!R48+'Occupancy Report'!D79+'Occupancy Report'!K79+'Occupancy Report'!R79+'Occupancy Report'!D110+'Occupancy Report'!K110+'Occupancy Report'!R110 -> 665 | E17: ='Occupancy Report'!E17+'Occupancy Report'!L17+'Occupancy Report'!S17+'Occupancy Report'!E48+'Occupancy Report'!L48+'Occupancy Report'!S48+'Occupancy Report'!E79+'Occupancy Report'!L79+'Occupancy Report'!S79+'Occupancy Report'!E110+'Occupancy Report'!L110+'Occupancy Report'!S110 -> 792 | F17: =SUM(D17/E17) -> 0.83964646 | K17: PM | L17: =GETPIVOTDATA("Sum of PM FIELD",'Pivot Table'!$A$40) -> 0 | M17: ='Occupancy Report'!E36+'Occupancy Report'!E40+'Occupancy Report'!E44+'Occupancy Report'!E48+'Occupancy Report'!E52+'Occupancy Report'!E56+'Occupancy Report'!E60 -> 0 | N17: =SUM(L17/M17) -> #DIV/0!
B18: Total Occupancy | D18: =SUM(D16:D17) -> 1399 | E18: =SUM(E16:E17) -> 1592 | F18: =SUM(D18/E18) -> 0.87876884 | J18: Total Occupancy | L18: =SUM(L16:L17) -> 0 | M18: =SUM(M16:M17) -> 0 | N18: =SUM(L18/M18) -> #DIV/0!
B20: Friday | C20: AM | D20: ='Occupancy Report'!D20+'Occupancy Report'!K20+'Occupancy Report'!R20+'Occupancy Report'!D51+'Occupancy Report'!K51+'Occupancy Report'!R51+'Occupancy Report'!D82+'Occupancy Report'!K82+'Occupancy Report'!R82+'Occupancy Report'!D113+'Occupancy Report'!K113+'Occupancy Report'!R113 -> 751 | E20: ='Occupancy Report'!E20+'Occupancy Report'!L20+'Occupancy Report'!S20+'Occupancy Report'!E51+'Occupancy Report'!L51+'Occupancy Report'!S51+'Occupancy Report'!E82+'Occupancy Report'!L82+'Occupancy Report'!S82+'Occupancy Report'!E113+'Occupancy Report'!L113+'Occupancy Report'!S113 -> 860 | F20: =SUM(D20/E20) -> 0.87325581 | J20: May | K20: AM | L20: =GETPIVOTDATA("Sum of AM FIELD",'Pivot Table'!$A$52) -> 0 | M20: ='Occupancy Report'!L35+'Occupancy Report'!L39+'Occupancy Report'!L43+'Occupancy Report'!L47+'Occupancy Report'!L51+'Occupancy Report'!L55+'Occupancy Report'!L59 -> 0 | N20: =SUM(L20/M20) -> #DIV/0!
C21: PM | D21: ='Occupancy Report'!D21+'Occupancy Report'!K21+'Occupancy Report'!R21+'Occupancy Report'!D52+'Occupancy Report'!K52+'Occupancy Report'!R52+'Occupancy Report'!D83+'Occupancy Report'!K83+'Occupancy Report'!R83+'Occupancy Report'!D114+'Occupancy Report'!K114+'Occupancy Report'!R114 -> 559 | E21: ='Occupancy Report'!E21+'Occupancy Report'!L21+'Occupancy Report'!S21+'Occupancy Report'!E52+'Occupancy Report'!L52+'Occupancy Report'!S52+'Occupancy Report'!E83+'Occupancy Report'!L83+'Occupancy Report'!S83+'Occupancy Report'!E114+'Occupancy Report'!L114+'Occupancy Report'!S114 -> 708 | F21: =SUM(D21/E21) -> 0.78954802 | K21: PM | L21: =GETPIVOTDATA("Sum of PM FIELD",'Pivot Table'!$A$52) -> 0 | M21: ='Occupancy Report'!L60+'Occupancy Report'!L56+'Occupancy Report'!L52+'Occupancy Report'!L48+'Occupancy Report'!L44+'Occupancy Report'!L40+'Occupancy Report'!L36 -> 0 | N21: =SUM(L21/M21) -> #DIV/0!
B22: Total Occupancy | D22: =SUM(D20:D21) -> 1310 | E22: =SUM(E20:E21) -> 1568 | F22: =SUM(D22/E22) -> 0.83545918 | J22: Total Occupancy | L22: =SUM(L20:L21) -> 0 | M22: =SUM(M20:M21) -> 0 | N22: =SUM(L22/M22) -> #DIV/0!
B24: Saturday | C24: AM | D24: ='Occupancy Report'!D24+'Occupancy Report'!K24+'Occupancy Report'!R24+'Occupancy Report'!D55+'Occupancy Report'!K55+'Occupancy Report'!R55+'Occupancy Report'!D86+'Occupancy Report'!K86+'Occupancy Report'!R86+'Occupancy Report'!D117+'Occupancy Report'!K117+'Occupancy Report'!R117 -> 787 | E24: ='Occupancy Report'!E24+'Occupancy Report'!L24+'Occupancy Report'!S24+'Occupancy Report'!E55+'Occupancy Report'!L55+'Occupancy Report'!S55+'Occupancy Report'!E86+'Occupancy Report'!L86+'Occupancy Report'!S86+'Occupancy Report'!E117+'Occupancy Report'!L117+'Occupancy Report'!S117 -> 836 | F24: =SUM(D24/E24) -> 0.94138756 | J24: June | K24: AM | L24: =GETPIVOTDATA("Sum of AM FIELD",'Pivot Table'!$A$64) -> 0 | M24: ='Occupancy Report'!S35+'Occupancy Report'!S39+'Occupancy Report'!S43+'Occupancy Report'!S47+'Occupancy Report'!S51+'Occupancy Report'!S55+'Occupancy Report'!S59 -> 0 | N24: =SUM(L24/M24) -> #DIV/0!
C25: PM | D25: ='Occupancy Report'!D25+'Occupancy Report'!K25+'Occupancy Report'!R25+'Occupancy Report'!D56+'Occupancy Report'!K56+'Occupancy Report'!R56+'Occupancy Report'!D87+'Occupancy Report'!K87+'Occupancy Report'!R87+'Occupancy Report'!D118+'Occupancy Report'!K118+'Occupancy Report'!R118 -> 584 | E25: ='Occupancy Report'!E25+'Occupancy Report'!L25+'Occupancy Report'!S25+'Occupancy Report'!E56+'Occupancy Report'!L56+'Occupancy Report'!S56+'Occupancy Report'!E87+'Occupancy Report'!L87+'Occupancy Report'!S87+'Occupancy Report'!E118+'Occupancy Report'!L118+'Occupancy Report'!S118 -> 800 | F25: =SUM(D25/E25) -> 0.73 | K25: PM | L25: =GETPIVOTDATA("Sum of PM FIELD",'Pivot Table'!$A$64) -> 0 | M25: ='Occupancy Report'!S36+'Occupancy Report'!S40+'Occupancy Report'!S44+'Occupancy Report'!S48+'Occupancy Report'!S52+'Occupancy Report'!S56+'Occupancy Report'!S60 -> 0 | N25: =SUM(L25/M25) -> #DIV/0!
B26: Total Occupancy | D26: =SUM(D24:D25) -> 1371 | E26: =SUM(E24:E25) -> 1636 | F26: =SUM(D26/E26) -> 0.83801956 | J26: Total Occupancy | L26: =SUM(L24:L25) -> 0 | M26: =SUM(M24:M25) -> 0 | N26: =SUM(L26/M26) -> #DIV/0!
B28: Sunday | C28: AM | D28: ='Occupancy Report'!D28+'Occupancy Report'!K28+'Occupancy Report'!R28+'Occupancy Report'!D59+'Occupancy Report'!K59+'Occupancy Report'!R59+'Occupancy Report'!D90+'Occupancy Report'!K90+'Occupancy Report'!R90+'Occupancy Report'!D121+'Occupancy Report'!K121+'Occupancy Report'!R121 -> 724 | E28: ='Occupancy Report'!E28+'Occupancy Report'!L28+'Occupancy Report'!S28+'Occupancy Report'!E59+'Occupancy Report'!L59+'Occupancy Report'!S59+'Occupancy Report'!E90+'Occupancy Report'!L90+'Occupancy Report'!S90+'Occupancy Report'!E121+'Occupancy Report'!L121+'Occupancy Report'!S121 -> 768 | F28: =SUM(D28/E28) -> 0.94270833 | J28: July | K28: AM | L28: =GETPIVOTDATA("Sum of AM FIELD",'Pivot Table'!$A$76) -> 0 | M28: ='Occupancy Report'!E66+'Occupancy Report'!E70+'Occupancy Report'!E74+'Occupancy Report'!E78+'Occupancy Report'!E82+'Occupancy Report'!E86+'Occupancy Report'!E90 -> 0 | N28: =SUM(L28/M28) -> #DIV/0!
C29: PM | D29: ='Occupancy Report'!D29+'Occupancy Report'!K29+'Occupancy Report'!R29+'Occupancy Report'!D60+'Occupancy Report'!K60+'Occupancy Report'!R60+'Occupancy Report'!D91+'Occupancy Report'!K91+'Occupancy Report'!R91+'Occupancy Report'!D122+'Occupancy Report'!K122+'Occupancy Report'!R122 -> 635 | E29: ='Occupancy Report'!E29+'Occupancy Report'!L29+'Occupancy Report'!S29+'Occupancy Report'!E60+'Occupancy Report'!L60+'Occupancy Report'!S60+'Occupancy Report'!E91+'Occupancy Report'!L91+'Occupancy Report'!S91+'Occupancy Report'!E122+'Occupancy Report'!L122+'Occupancy Report'!S122 -> 704 | F29: =SUM(D29/E29) -> 0.90198864 | K29: PM | L29: =GETPIVOTDATA("Sum of PM FIELD",'Pivot Table'!$A$76) -> 0 | M29: ='Occupancy Report'!E67+'Occupancy Report'!E71+'Occupancy Report'!E75+'Occupancy Report'!E79+'Occupancy Report'!E83++'Occupancy Report'!E87+'Occupancy Report'!E91 -> 0 | N29: =SUM(L29/M29) -> #DIV/0!
B30: Total Occupancy | D30: =SUM(D28:D29) -> 1359 | E30: =SUM(E28:E29) -> 1472 | F30: =SUM(D30/E30) -> 0.9232337 | J30: Total Occupancy | L30: =SUM(L28:L29) -> 0 | M30: =SUM(M28:M29) -> 0 | N30: =SUM(L30/M30) -> #DIV/0!
J32: August | K32: AM | L32: =GETPIVOTDATA("Sum of AM FIELD",'Pivot Table'!$A$88) -> 0 | M32: ='Occupancy Report'!L66+'Occupancy Report'!L70+'Occupancy Report'!L74+'Occupancy Report'!L78+'Occupancy Report'!L82+'Occupancy Report'!L86+'Occupancy Report'!L90 -> 0 | N32: =SUM(L32/M32) -> #DIV/0!
K33: PM | L33: =GETPIVOTDATA("Sum of PM FIELD",'Pivot Table'!$A$88) -> 0 | M33: ='Occupancy Report'!L67+'Occupancy Report'!L71+'Occupancy Report'!L75+'Occupancy Report'!L79+'Occupancy Report'!L83+'Occupancy Report'!L87+'Occupancy Report'!L91 -> 0 | N33: =SUM(L33/M33) -> #DIV/0!
J34: Total Occupancy | L34: =SUM(L32:L33) -> 0 | M34: =SUM(M32:M33) -> 0 | N34: =SUM(L34/M34) -> #DIV/0!
J36: September | K36: AM | L36: =GETPIVOTDATA("Sum of AM FIELD",'Pivot Table'!$A$100) -> 0 | M36: ='Occupancy Report'!S66+'Occupancy Report'!S70+'Occupancy Report'!S74+'Occupancy Report'!S78+'Occupancy Report'!S82+'Occupancy Report'!S86+'Occupancy Report'!S90 -> 0 | N36: =SUM(L36/M36) -> #DIV/0!
K37: PM | L37: =GETPIVOTDATA("Sum of PM FIELD",'Pivot Table'!$A$100) -> 0 | M37: ='Occupancy Report'!S67+'Occupancy Report'!S71+'Occupancy Report'!S75+'Occupancy Report'!S79+'Occupancy Report'!S83+'Occupancy Report'!S87+'Occupancy Report'!S91 -> 0 | N37: =SUM(L37/M37) -> #DIV/0!
J38: Total Occupancy | L38: =SUM(L36:L37) -> 0 | M38: =SUM(M36:M37) -> 0 | N38: =SUM(L38/M38) -> #DIV/0!
J40: October | K40: AM | L40: =GETPIVOTDATA("Sum of AM FIELD",'Pivot Table'!$A$112) -> 0 | M40: ='Occupancy Report'!E97+'Occupancy Report'!E101+'Occupancy Report'!E105+'Occupancy Report'!E109+'Occupancy Report'!E113+'Occupancy Report'!E117+'Occupancy Report'!E121 -> 0 | N40: =SUM(L40/M40) -> #DIV/0!
K41: PM | L41: =GETPIVOTDATA("Sum of PM FIELD",'Pivot Table'!$A$112) -> 0 | M41: ='Occupancy Report'!E98+'Occupancy Report'!E102+'Occupancy Report'!E106+'Occupancy Report'!E110+'Occupancy Report'!E114+'Occupancy Report'!E118+'Occupancy Report'!E122 -> 0 | N41: =SUM(L41/M41) -> #DIV/0!
J42: Total Occupancy | L42: =SUM(L40:L41) -> 0 | M42: =SUM(M40:M41) -> 0 | N42: =SUM(L42/M42) -> #DIV/0!
J44: November | K44: AM | L44: =GETPIVOTDATA("Sum of AM FIELD",'Pivot Table'!$A$124) -> 0 | M44: ='Occupancy Report'!L97+'Occupancy Report'!L101+'Occupancy Report'!L105+'Occupancy Report'!L109+'Occupancy Report'!L113+'Occupancy Report'!L117+'Occupancy Report'!L121 -> 0 | N44: =SUM(L44/M44) -> #DIV/0!
K45: PM | L45: =GETPIVOTDATA("Sum of PM FIELD",'Pivot Table'!$A$124) -> 0 | M45: ='Occupancy Report'!L98+'Occupancy Report'!L102+'Occupancy Report'!L106+'Occupancy Report'!L110+'Occupancy Report'!L114+'Occupancy Report'!L118+'Occupancy Report'!L122 -> 0 | N45: =SUM(L45/M45) -> #DIV/0!
J46: Total Occupancy | L46: =SUM(L44:L45) -> 0 | M46: =SUM(M44:M45) -> 0 | N46: =SUM(L46/M46) -> #DIV/0!
J48: December | K48: AM | L48: =GETPIVOTDATA("Sum of AM FIELD",'Pivot Table'!$A$136) -> 0 | M48: ='Occupancy Report'!S97+'Occupancy Report'!S101+'Occupancy Report'!S105+'Occupancy Report'!S109+'Occupancy Report'!S113+'Occupancy Report'!S117+'Occupancy Report'!S121 -> 0 | N48: =SUM(L48/M48) -> #DIV/0!
K49: PM | L49: =GETPIVOTDATA("Sum of PM FIELD",'Pivot Table'!$A$136) -> 0 | M49: ='Occupancy Report'!S98+'Occupancy Report'!S102+'Occupancy Report'!S106+'Occupancy Report'!S110+'Occupancy Report'!S114+'Occupancy Report'!S118+'Occupancy Report'!S122 -> 0 | N49: =SUM(L49/M49) -> #DIV/0!
J50: Total Occupancy | L50: =SUM(L48:L49) -> 0 | M50: =SUM(M48:M49) -> 0 | N50: =SUM(L50/M50) -> #DIV/0!

Sheet After 3pm Data
B2: January | D2: Bookings | E2: Spots Available | F2: Occupancy | G2: Notes | I2: February | K2: Bookings | L2: Spots Available | M2: Occupancy | N2: Notes | P2: December | R2: Bookings | S2: Spots Available | T2: Occupancy | U2: Notes | X2: 2025 Totals (By Month) | Z2: Bookings | AA2: Spots Available | AB2: Occupancy | AC2: Notes
B4: Monday | C4: After 3pm | D4: =GETPIVOTDATA("Sum of AFTER 3PM",'Pivot Table'!$A$4,"DAY","Mon") -> 77 | E4: =76+76+80+80 -> 312 | F4: =SUM(D4/E4) -> 0.24679487 | I4: Monday | J4: After 3pm | K4: =GETPIVOTDATA("Sum of AFTER 3PM",'Pivot Table'!$A$16,"DAY","Mon") -> 75 | L4: =80+56+80+80 -> 296 | M4: =SUM(K4/L4) -> 0.25337838 | P4: Monday | Q4: After 3pm | R4: =GETPIVOTDATA("Sum of AFTER 3PM",'Pivot Table'!$A$136,"DAY","Mon") -> 0 | T4: =SUM(R4/S4) -> #DIV/0! | X4: January | Y4: After 3pm | Z4: =SUM(D4+D6+D8+D10+D12+D14+D16) -> 757 | AA4: =SUM(E4+E6+E8+E10+E12+E14+E16) -> 2536 | AB4: =SUM(Z4/AA4) -> 0.29850158
B6: Tuesday | C6: After 3pm | D6: =GETPIVOTDATA("Sum of AFTER 3PM",'Pivot Table'!$A$4,"DAY","Tue") -> 105 | E6: =104+104+104+104 -> 416 | F6: =SUM(D6/E6) -> 0.25240385 | I6: Tuesday | J6: After 3pm | K6: =GETPIVOTDATA("Sum of AFTER 3PM",'Pivot Table'!$A$16,"DAY","Tue") -> 87 | L6: =104+104+104+104 -> 416 | M6: =SUM(K6/L6) -> 0.20913462 | P6: Tuesday | Q6: After 3pm | R6: =GETPIVOTDATA("Sum of AFTER 3PM",'Pivot Table'!$A$136,"DAY","Tue") -> 0 | T6: =SUM(R6/S6) -> #DIV/0! | X6: November | Y6: After 3pm | Z6: =SUM(K4+K6+K8+K10+K12+K14+K16) -> 735 | AA6: =SUM(L4+L6+L8+L10+L12+L14+L16) -> 2156 | AB6: =SUM(Z6/AA6) -> 0.34090909
B8: Wednesday | C8: After 3pm | D8: =GETPIVOTDATA("Sum of AFTER 3PM",'Pivot Table'!$A$4,"DAY","Wed") -> 93 | E8: =76+76+76+76 -> 304 | F8: =SUM(D8/E8) -> 0.30592105 | I8: Wednesday | J8: After 3pm | K8: =GETPIVOTDATA("Sum of AFTER 3PM",'Pivot Table'!$A$16,"DAY","Wed") -> 79 | L8: =76+76+76+76 -> 304 | M8: =SUM(K8/L8) -> 0.25986842 | P8: Wednesday | Q8: After 3pm | R8: =GETPIVOTDATA("Sum of AFTER 3PM",'Pivot Table'!$A$136,"DAY","Wed") -> 0 | T8: =SUM(R8/S8) -> #DIV/0! | X8: December | Y8: After 3pm | Z8: =SUM(R4+R6+R8+R10+R12+R14+R16) -> 0 | AA8: =SUM(S4+S6+S8+S10+S12+S14+S16) -> 0 | AB8: =SUM(Z8/AA8) -> #DIV/0!
B10: Thursday | C10: After 3pm | D10: =GETPIVOTDATA("Sum of AFTER 3PM",'Pivot Table'!$A$4,"DAY","Thu") -> 113 | E10: =80+80+80+80+80 -> 400 | F10: =SUM(D10/E10) -> 0.2825 | I10: Thursday | J10: After 3pm | K10: =GETPIVOTDATA("Sum of AFTER 3PM",'Pivot Table'!$A$16,"DAY","Thu") -> 137 | L10: =80+80+80+80 -> 320 | M10: =SUM(K10/L10) -> 0.428125 | P10: Thursday | Q10: After 3pm | R10: =GETPIVOTDATA("Sum of AFTER 3PM",'Pivot Table'!$A$136,"DAY","Thu") -> 0 | T10: =SUM(R10/S10) -> #DIV/0!
B12: Friday | C12: After 3pm | D12: =GETPIVOTDATA("Sum of AFTER 3PM",'Pivot Table'!$A$4,"DAY","Fri") -> 185 | E12: =76+76+80+76+76 -> 384 | F12: =SUM(D12/E12) -> 0.48177083 | I12: Friday | J12: After 3pm | K12: =GETPIVOTDATA("Sum of AFTER 3PM",'Pivot Table'!$A$16,"DAY","Fri") -> 212 | L12: =88+80+76+96 -> 340 | M12: =SUM(K12/L12) -> 0.62352941 | P12: Friday | Q12: After 3pm | R12: =GETPIVOTDATA("Sum of AFTER 3PM",'Pivot Table'!$A$136,"DAY","Fri") -> 0 | T12: =SUM(R12/S12) -> #DIV/0!
B14: Saturday | C14: After 3pm | D14: =GETPIVOTDATA("Sum of AFTER 3PM",'Pivot Table'!$A$4,"DAY","Sat") -> 23 | E14: =80+80+80+80+80 -> 400 | F14: =SUM(D14/E14) -> 0.0575 | I14: Saturday | J14: After 3pm | K14: =GETPIVOTDATA("Sum of AFTER 3PM",'Pivot Table'!$A$16,"DAY","Sat") -> 7 | L14: =80+80 -> 160 | M14: =SUM(K14/L14) -> 0.04375 | P14: Saturday | Q14: After 3pm | R14: =GETPIVOTDATA("Sum of AFTER 3PM",'Pivot Table'!$A$136,"DAY","Sat") -> 0 | T14: =SUM(R14/S14) -> #DIV/0!
B16: Sunday | C16: After 3pm | D16: =GETPIVOTDATA("Sum of AFTER 3PM",'Pivot Table'!$A$4,"DAY","Sun") -> 161 | E16: =80+80+80+80 -> 320 | F16: =SUM(D16/E16) -> 0.503125 | I16: Sunday | J16: After 3pm | K16: =GETPIVOTDATA("Sum of AFTER 3PM",'Pivot Table'!$A$16,"DAY","Sun") -> 138 | L16: =80+80+80+80 -> 320 | M16: =SUM(K16/L16) -> 0.43125 | P16: Sunday | Q16: After 3pm | R16: =GETPIVOTDATA("Sum of AFTER 3PM",'Pivot Table'!$A$136,"DAY","Sun") -> 0 | T16: =SUM(R16/S16) -> #DIV/0!
B20: 2025 Totals (By Day) | D20: Bookings | E20: Spots Available | F20: Occupancy | G20: Notes
B23: Monday | C23: After 3pm | D23: =SUM(D4+K4+R4) -> 152 | E23: =SUM(E4+L4+S4) -> 608 | F23: =SUM(D23/E23) -> 0.25
B25: Tuesday | C25: After 3pm | D25: =SUM(D6+K6+R6) -> 192 | E25: =SUM(E6+L6+S6) -> 832 | F25: =SUM(D25/E25) -> 0.23076923
B27: Wednesday | C27: After 3pm | D27: =SUM(D8+K8+R8) -> 172 | E27: =SUM(E8+L8+S8) -> 608 | F27: =SUM(D27/E27) -> 0.28289474
B29: Thursday | C29: After 3pm | D29: =SUM(D10+K10+R10) -> 250 | E29: =SUM(E10+L10+S10) -> 720 | F29: =SUM(D29/E29) -> 0.34722222
B31: Friday | C31: After 3pm | D31: =SUM(D12+K12+R12) -> 397 | E31: =SUM(E12+L12+S12) -> 724 | F31: =SUM(D31/E31) -> 0.54834254
B33: Saturday | C33: After 3pm | D33: =SUM(D14+K14+R14) -> 30 | E33: =SUM(E14+L14+S14) -> 560 | F33: =SUM(D33/E33) -> 0.053571429
B35: Sunday | C35: After 3pm | D35: =SUM(D16+K16+R16) -> 299 | E35: =SUM(E16+L16+S16) -> 640 | F35: =SUM(D35/E35) -> 0.4671875

Sheet Day by Day Totals
B2: Day by Totals
B4: Monday | E4: Tuesday | H4: Wednesday | K4: Thursday | N4: Friday | Q4: Saturday | T4: Sunday
B6: AM Field | C6: =GETPIVOTDATA("Sum of AM FIELD",'Pivot Table'!$A$4,"DAY","Mon")+GETPIVOTDATA("Sum of AM FIELD",'Pivot Table'!$A$16,"DAY","Mon")+GETPIVOTDATA("Sum of AM FIELD",'Pivot Table'!$A$28,"DAY","Mon")+GETPIVOTDATA("Sum of AM FIELD",'Pivot Table'!$A$40,"DAY","Mon")+GETPIVOTDATA("Sum of AM FIELD",'Pivot Table'!$A$52,"DAY","Mon")+GETPIVOTDATA("Sum of AM FIELD",'Pivot Table'!$A$64,"DAY","Mon")+GETPIVOTDATA("Sum of AM FIELD",'Pivot Table'!$A$76,"DAY","Mon")+GETPIVOTDATA("Sum of AM FIELD",'Pivot Table'!$A$88,"DAY","Mon")+GETPIVOTDATA("Sum of AM FIELD",'Pivot Table'!$A$100,"DAY","Mon")+GETPIVOTDATA("Sum of AM FIELD",'Pivot Table'!$A$112,"DAY","Mon")+GETPIVOTDATA("Sum of AM FIELD",'Pivot Table'!$A$124,"DAY","Mon")+GETPIVOTDATA("Sum of AM FIELD",'Pivot Table'!$A$136,"DAY","Mon") -> 445 | E6: AM Field | F6: =GETPIVOTDATA("Sum of AM FIELD",'Pivot Table'!$A$4,"DAY","Tue") +GETPIVOTDATA("Sum of AM FIELD",'Pivot Table'!$A$16,"DAY","Tue") +GETPIVOTDATA("Sum of AM FIELD",'Pivot Table'!$A$28,"DAY","Tue") +GETPIVOTDATA("Sum of AM FIELD",'Pivot Table'!$A$40,"DAY","Tue") +GETPIVOTDATA("Sum of AM FIELD",'Pivot Table'!$A$52,"DAY","Tue") +GETPIVOTDATA("Sum of AM FIELD",'Pivot Table'!$A$64,"DAY","Tue") +GETPIVOTDATA("Sum of AM FIELD",'Pivot Table'!$A$76,"DAY","Tue") +GETPIVOTDATA("Sum of AM FIELD",'Pivot Table'!$A$88,"DAY","Tue") +GETPIVOTDATA("Sum of AM FIELD",'Pivot Table'!$A$100,"DAY","Tue") +GETPIVOTDATA("Sum of AM FIELD",'Pivot Table'!$A$112,"DAY","Tue") +GETPIVOTDATA("Sum of AM FIELD",'Pivot Table'!$A$124,"DAY","Tue") +GETPIVOTDATA("Sum of AM FIELD",'Pivot Table'!$A$136,"DAY","Tue") -> 723 | H6: AM Field | I6: =GETPIVOTDATA("Sum of AM FIELD",'Pivot Table'!$A$4,"DAY","Wed") +GETPIVOTDATA("Sum of AM FIELD",'Pivot Table'!$A$16,"DAY","Wed") +GETPIVOTDATA("Sum of AM FIELD",'Pivot Table'!$A$28,"DAY","Wed") +GETPIVOTDATA("Sum of AM FIELD",'Pivot Table'!$A$40,"DAY","Wed") +GETPIVOTDATA("Sum of AM FIELD",'Pivot Table'!$A$52,"DAY","Wed") +GETPIVOTDATA("Sum of AM FIELD",'Pivot Table'!$A$64,"DAY","Wed") +GETPIVOTDATA("Sum of AM FIELD",'Pivot Table'!$A$76,"DAY","Wed") +GETPIVOTDATA("Sum of AM FIELD",'Pivot Table'!$A$88,"DAY","Wed") +GETPIVOTDATA("Sum of AM FIELD",'Pivot Table'!$A$100,"DAY","Wed") +GETPIVOTDATA("Sum of AM FIELD",'Pivot Table'!$A$112,"DAY","Wed") +GETPIVOTDATA("Sum of AM FIELD",'Pivot Table'!$A$124,"DAY","Wed") +GETPIVOTDATA("Sum of AM FIELD",'Pivot Table'!$A$136,"DAY","Wed") -> 686 | K6: AM Field | L6: =GETPIVOTDATA("Sum of AM FIELD",'Pivot Table'!$A$4,"DAY","Thu") +GETPIVOTDATA("Sum of AM FIELD",'Pivot Table'!$A$16,"DAY","Thu") +GETPIVOTDATA("Sum of AM FIELD",'Pivot Table'!$A$28,"DAY","Thu") +GETPIVOTDATA("Sum of AM FIELD",'Pivot Table'!$A$40,"DAY","Thu") +GETPIVOTDATA("Sum of AM FIELD",'Pivot Table'!$A$52,"DAY","Thu") +GETPIVOTDATA("Sum of AM FIELD",'Pivot Table'!$A$64,"DAY","Thu") +GETPIVOTDATA("Sum of AM FIELD",'Pivot Table'!$A$76,"DAY","Thu") +GETPIVOTDATA("Sum of AM FIELD",'Pivot Table'!$A$88,"DAY","Thu") +GETPIVOTDATA("Sum of AM FIELD",'Pivot Table'!$A$100,"DAY","Thu") +GETPIVOTDATA("Sum of AM FIELD",'Pivot Table'!$A$112,"DAY","Thu") +GETPIVOTDATA("Sum of AM FIELD",'Pivot Table'!$A$124,"DAY","Thu") +GETPIVOTDATA("Sum of AM FIELD",'Pivot Table'!$A$136,"DAY","Thu") -> 734 | N6: AM Field | O6: =GETPIVOTDATA("Sum of AM FIELD",'Pivot Table'!$A$4,"DAY","Fri") +GETPIVOTDATA("Sum of AM FIELD",'Pivot Table'!$A$16,"DAY","Fri") +GETPIVOTDATA("Sum of AM FIELD",'Pivot Table'!$A$28,"DAY","Fri") +GETPIVOTDATA("Sum of AM FIELD",'Pivot Table'!$A$40,"DAY","Fri") +GETPIVOTDATA("Sum of AM FIELD",'Pivot Table'!$A$52,"DAY","Fri") +GETPIVOTDATA("Sum of AM FIELD",'Pivot Table'!$A$64,"DAY","Fri") +GETPIVOTDATA("Sum of AM FIELD",'Pivot Table'!$A$76,"DAY","Fri") +GETPIVOTDATA("Sum of AM FIELD",'Pivot Table'!$A$88,"DAY","Fri") +GETPIVOTDATA("Sum of AM FIELD",'Pivot Table'!$A$100,"DAY","Fri") +GETPIVOTDATA("Sum of AM FIELD",'Pivot Table'!$A$112,"DAY","Fri") +GETPIVOTDATA("Sum of AM FIELD",'Pivot Table'!$A$124,"DAY","Fri") +GETPIVOTDATA("Sum of AM FIELD",'Pivot Table'!$A$136,"DAY","Fri") -> 751 | Q6: AM Field | R6: =GETPIVOTDATA("Sum of AM FIELD",'Pivot Table'!$A$4,"DAY","Sat") +GETPIVOTDATA("Sum of AM FIELD",'Pivot Table'!$A$16,"DAY","Sat") +GETPIVOTDATA("Sum of AM FIELD",'Pivot Table'!$A$28,"DAY","Sat") +GETPIVOTDATA("Sum of AM FIELD",'Pivot Table'!$A$40,"DAY","Sat") +GETPIVOTDATA("Sum of AM FIELD",'Pivot Table'!$A$52,"DAY","Sat") +GETPIVOTDATA("Sum of AM FIELD",'Pivot Table'!$A$64,"DAY","Sat") +GETPIVOTDATA("Sum of AM FIELD",'Pivot Table'!$A$76,"DAY","Sat") +GETPIVOTDATA("Sum of AM FIELD",'Pivot Table'!$A$88,"DAY","Sat") +GETPIVOTDATA("Sum of AM FIELD",'Pivot Table'!$A$100,"DAY","Sat") +GETPIVOTDATA("Sum of AM FIELD",'Pivot Table'!$A$112,"DAY","Sat") +GETPIVOTDATA("Sum of AM FIELD",'Pivot Table'!$A$124,"DAY","Sat") +GETPIVOTDATA("Sum of AM FIELD",'Pivot Table'!$A$136,"DAY","Sat") -> 787 | T6: AM Field | U6: =GETPIVOTDATA("Sum of AM FIELD",'Pivot Table'!$A$4,"DAY","Sun") +GETPIVOTDATA("Sum of AM FIELD",'Pivot Table'!$A$16,"DAY","Sun") +GETPIVOTDATA("Sum of AM FIELD",'Pivot Table'!$A$28,"DAY","Sun") +GETPIVOTDATA("Sum of AM FIELD",'Pivot Table'!$A$40,"DAY","Sun") +GETPIVOTDATA("Sum of AM FIELD",'Pivot Table'!$A$52,"DAY","Sun") +GETPIVOTDATA("Sum of AM FIELD",'Pivot Table'!$A$64,"DAY","Sun") +GETPIVOTDATA("Sum of AM FIELD",'Pivot Table'!$A$76,"DAY","Sun") +GETPIVOTDATA("Sum of AM FIELD",'Pivot Table'!$A$88,"DAY","Sun") +GETPIVOTDATA("Sum of AM FIELD",'Pivot Table'!$A$100,"DAY","Sun") +GETPIVOTDATA("Sum of AM FIELD",'Pivot Table'!$A$112,"DAY","Sun") +GETPIVOTDATA("Sum of AM FIELD",'Pivot Table'!$A$124,"DAY","Sun") +GETPIVOTDATA("Sum of AM FIELD",'Pivot Table'!$A$136,"DAY","Sun") -> 724
B7: PM Field | C7: =GETPIVOTDATA("Sum of PM FIELD",'Pivot Table'!$A$4,"DAY","Mon")+GETPIVOTDATA("Sum of PM FIELD",'Pivot Table'!$A$16,"DAY","Mon")+GETPIVOTDATA("Sum of PM FIELD",'Pivot Table'!$A$28,"DAY","Mon")+GETPIVOTDATA("Sum of PM FIELD",'Pivot Table'!$A$40,"DAY","Mon")+GETPIVOTDATA("Sum of PM FIELD",'Pivot Table'!$A$52,"DAY","Mon")+GETPIVOTDATA("Sum of PM FIELD",'Pivot Table'!$A$64,"DAY","Mon")+GETPIVOTDATA("Sum of PM FIELD",'Pivot Table'!$A$76,"DAY","Mon")+GETPIVOTDATA("Sum of PM FIELD",'Pivot Table'!$A$88,"DAY","Mon")++GETPIVOTDATA("Sum of PM FIELD",'Pivot Table'!$A$112,"DAY","Mon")+GETPIVOTDATA("Sum of PM FIELD",'Pivot Table'!$A$100,"DAY","Mon")+GETPIVOTDATA("Sum of PM FIELD",'Pivot Table'!$A$124,"DAY","Mon")+GETPIVOTDATA("Sum of PM FIELD",'Pivot Table'!$A$136,"DAY","Mon") -> 602 | E7: PM Field | F7: =GETPIVOTDATA("Sum of PM FIELD",'Pivot Table'!$A$4,"DAY","Tue") +GETPIVOTDATA("Sum of PM FIELD",'Pivot Table'!$A$16,"DAY","Tue") +GETPIVOTDATA("Sum of PM FIELD",'Pivot Table'!$A$28,"DAY","Tue") +GETPIVOTDATA("Sum of PM FIELD",'Pivot Table'!$A$40,"DAY","Tue") +GETPIVOTDATA("Sum of PM FIELD",'Pivot Table'!$A$52,"DAY","Tue") +GETPIVOTDATA("Sum of PM FIELD",'Pivot Table'!$A$64,"DAY","Tue") +GETPIVOTDATA("Sum of PM FIELD",'Pivot Table'!$A$76,"DAY","Tue") +GETPIVOTDATA("Sum of PM FIELD",'Pivot Table'!$A$88,"DAY","Tue") +GETPIVOTDATA("Sum of PM FIELD",'Pivot Table'!$A$100,"DAY","Tue") +GETPIVOTDATA("Sum of PM FIELD",'Pivot Table'!$A$112,"DAY","Tue") +GETPIVOTDATA("Sum of PM FIELD",'Pivot Table'!$A$124,"DAY","Tue") +GETPIVOTDATA("Sum of PM FIELD",'Pivot Table'!$A$136,"DAY","Tue") -> 113 | H7: PM Field | I7: =GETPIVOTDATA("Sum of PM FIELD",'Pivot Table'!$A$4,"DAY","Wed") +GETPIVOTDATA("Sum of PM FIELD",'Pivot Table'!$A$16,"DAY","Wed") +GETPIVOTDATA("Sum of PM FIELD",'Pivot Table'!$A$28,"DAY","Wed") +GETPIVOTDATA("Sum of PM FIELD",'Pivot Table'!$A$40,"DAY","Wed") +GETPIVOTDATA("Sum of PM FIELD",'Pivot Table'!$A$52,"DAY","Wed") +GETPIVOTDATA("Sum of PM FIELD",'Pivot Table'!$A$64,"DAY","Wed") +GETPIVOTDATA("Sum of PM FIELD",'Pivot Table'!$A$76,"DAY","Wed") +GETPIVOTDATA("Sum of PM FIELD",'Pivot Table'!$A$88,"DAY","Wed") +GETPIVOTDATA("Sum of PM FIELD",'Pivot Table'!$A$100,"DAY","Wed") +GETPIVOTDATA("Sum of PM FIELD",'Pivot Table'!$A$112,"DAY","Wed") +GETPIVOTDATA("Sum of PM FIELD",'Pivot Table'!$A$124,"DAY","Wed") +GETPIVOTDATA("Sum of PM FIELD",'Pivot Table'!$A$136,"DAY","Wed") -> 422 | K7: PM Field | L7: =GETPIVOTDATA("Sum of PM FIELD",'Pivot Table'!$A$4,"DAY","Thu") +GETPIVOTDATA("Sum of PM FIELD",'Pivot Table'!$A$16,"DAY","Thu") +GETPIVOTDATA("Sum of PM FIELD",'Pivot Table'!$A$28,"DAY","Thu") +GETPIVOTDATA("Sum of PM FIELD",'Pivot Table'!$A$40,"DAY","Thu") +GETPIVOTDATA("Sum of PM FIELD",'Pivot Table'!$A$52,"DAY","Thu") +GETPIVOTDATA("Sum of PM FIELD",'Pivot Table'!$A$64,"DAY","Thu") +GETPIVOTDATA("Sum of PM FIELD",'Pivot Table'!$A$76,"DAY","Thu") +GETPIVOTDATA("Sum of PM FIELD",'Pivot Table'!$A$88,"DAY","Thu") +GETPIVOTDATA("Sum of PM FIELD",'Pivot Table'!$A$100,"DAY","Thu") +GETPIVOTDATA("Sum of PM FIELD",'Pivot Table'!$A$112,"DAY","Thu") +GETPIVOTDATA("Sum of PM FIELD",'Pivot Table'!$A$124,"DAY","Thu") +GETPIVOTDATA("Sum of PM FIELD",'Pivot Table'!$A$136,"DAY","Thu") -> 665 | N7: PM Field | O7: =GETPIVOTDATA("Sum of PM FIELD",'Pivot Table'!$A$4,"DAY","Fri") +GETPIVOTDATA("Sum of PM FIELD",'Pivot Table'!$A$16,"DAY","Fri") +GETPIVOTDATA("Sum of PM FIELD",'Pivot Table'!$A$28,"DAY","Fri") +GETPIVOTDATA("Sum of PM FIELD",'Pivot Table'!$A$40,"DAY","Fri") +GETPIVOTDATA("Sum of PM FIELD",'Pivot Table'!$A$52,"DAY","Fri") +GETPIVOTDATA("Sum of PM FIELD",'Pivot Table'!$A$64,"DAY","Fri") +GETPIVOTDATA("Sum of PM FIELD",'Pivot Table'!$A$76,"DAY","Fri") +GETPIVOTDATA("Sum of PM FIELD",'Pivot Table'!$A$88,"DAY","Fri") +GETPIVOTDATA("Sum of PM FIELD",'Pivot Table'!$A$100,"DAY","Fri") +GETPIVOTDATA("Sum of PM FIELD",'Pivot Table'!$A$112,"DAY","Fri") +GETPIVOTDATA("Sum of PM FIELD",'Pivot Table'!$A$124,"DAY","Fri") +GETPIVOTDATA("Sum of PM FIELD",'Pivot Table'!$A$136,"DAY","Fri") -> 559 | Q7: PM Field | R7: =GETPIVOTDATA("Sum of PM FIELD",'Pivot Table'!$A$4,"DAY","Sat") +GETPIVOTDATA("Sum of PM FIELD",'Pivot Table'!$A$16,"DAY","Sat") +GETPIVOTDATA("Sum of PM FIELD",'Pivot Table'!$A$28,"DAY","Sat") +GETPIVOTDATA("Sum of PM FIELD",'Pivot Table'!$A$40,"DAY","Sat") +GETPIVOTDATA("Sum of PM FIELD",'Pivot Table'!$A$52,"DAY","Sat") +GETPIVOTDATA("Sum of PM FIELD",'Pivot Table'!$A$64,"DAY","Sat") +GETPIVOTDATA("Sum of PM FIELD",'Pivot Table'!$A$76,"DAY","Sat") +GETPIVOTDATA("Sum of PM FIELD",'Pivot Table'!$A$88,"DAY","Sat") +GETPIVOTDATA("Sum of PM FIELD",'Pivot Table'!$A$100,"DAY","Sat") +GETPIVOTDATA("Sum of PM FIELD",'Pivot Table'!$A$112,"DAY","Sat") +GETPIVOTDATA("Sum of PM FIELD",'Pivot Table'!$A$124,"DAY","Sat") +GETPIVOTDATA("Sum of PM FIELD",'Pivot Table'!$A$136,"DAY","Sat") -> 584 | T7: PM Field | U7: =GETPIVOTDATA("Sum of PM FIELD",'Pivot Table'!$A$4,"DAY","Sun") +GETPIVOTDATA("Sum of PM FIELD",'Pivot Table'!$A$16,"DAY","Sun") +GETPIVOTDATA("Sum of PM FIELD",'Pivot Table'!$A$28,"DAY","Sun") +GETPIVOTDATA("Sum of PM FIELD",'Pivot Table'!$A$40,"DAY","Sun") +GETPIVOTDATA("Sum of PM FIELD",'Pivot Table'!$A$52,"DAY","Sun") +GETPIVOTDATA("Sum of PM FIELD",'Pivot Table'!$A$64,"DAY","Sun") +GETPIVOTDATA("Sum of PM FIELD",'Pivot Table'!$A$76,"DAY","Sun") +GETPIVOTDATA("Sum of PM FIELD",'Pivot Table'!$A$88,"DAY","Sun") +GETPIVOTDATA("Sum of PM FIELD",'Pivot Table'!$A$100,"DAY","Sun") +GETPIVOTDATA("Sum of PM FIELD",'Pivot Table'!$A$112,"DAY","Sun") +GETPIVOTDATA("Sum of PM FIELD",'Pivot Table'!$A$124,"DAY","Sun") +GETPIVOTDATA("Sum of PM FIELD",'Pivot Table'!$A$136,"DAY","Sun") -> 635
B8: After 3PM | C8: =GETPIVOTDATA("Sum of AFTER 3PM",'Pivot Table'!$A$112,"DAY","Mon")+GETPIVOTDATA("Sum of AFTER 3PM",'Pivot Table'!$A$124,"DAY","Mon")+GETPIVOTDATA("Sum of AFTER 3PM",'Pivot Table'!$A$136,"DAY","Mon") -> 0 | E8: After 3PM | F8: =GETPIVOTDATA("Sum of AFTER 3PM",'Pivot Table'!$A$112,"DAY","Tue")+GETPIVOTDATA("Sum of AFTER 3PM",'Pivot Table'!$A$124,"DAY","Tue")+GETPIVOTDATA("Sum of AFTER 3PM",'Pivot Table'!$A$136,"DAY","Tue") -> 0 | H8: After 3PM | I8: =GETPIVOTDATA("Sum of AFTER 3PM",'Pivot Table'!$A$112,"DAY","Wed")+GETPIVOTDATA("Sum of AFTER 3PM",'Pivot Table'!$A$124,"DAY","Wed")+GETPIVOTDATA("Sum of AFTER 3PM",'Pivot Table'!$A$136,"DAY","Wed") -> 0 | K8: After 3PM | L8: =GETPIVOTDATA("Sum of AFTER 3PM",'Pivot Table'!$A$112,"DAY","Thu")+GETPIVOTDATA("Sum of AFTER 3PM",'Pivot Table'!$A$124,"DAY","Thu")+GETPIVOTDATA("Sum of AFTER 3PM",'Pivot Table'!$A$136,"DAY","Thu") -> 0 | N8: After 3PM | O8: =GETPIVOTDATA("Sum of AFTER 3PM",'Pivot Table'!$A$112,"DAY","Fri")+GETPIVOTDATA("Sum of AFTER 3PM",'Pivot Table'!$A$124,"DAY","Fri")+GETPIVOTDATA("Sum of AFTER 3PM",'Pivot Table'!$A$136,"DAY","Fri") -> 0 | Q8: After 3PM | R8: =GETPIVOTDATA("Sum of AFTER 3PM",'Pivot Table'!$A$112,"DAY","Sat")+GETPIVOTDATA("Sum of AFTER 3PM",'Pivot Table'!$A$124,"DAY","Sat")+GETPIVOTDATA("Sum of AFTER 3PM",'Pivot Table'!$A$136,"DAY","Sat") -> 0 | T8: After 3PM | U8: =GETPIVOTDATA("Sum of AFTER 3PM",'Pivot Table'!$A$112,"DAY","Sun")+GETPIVOTDATA("Sum of AFTER 3PM",'Pivot Table'!$A$124,"DAY","Sun")+GETPIVOTDATA("Sum of AFTER 3PM",'Pivot Table'!$A$136,"DAY","Sun") -> 0
B9: Total Field | C9: =GETPIVOTDATA("Sum of TOTAL FIELD",'Pivot Table'!$A$4,"DAY","Mon") +GETPIVOTDATA("Sum of TOTAL FIELD",'Pivot Table'!$A$16,"DAY","Mon") +GETPIVOTDATA("Sum of TOTAL FIELD",'Pivot Table'!$A$28,"DAY","Mon") +GETPIVOTDATA("Sum of TOTAL FIELD",'Pivot Table'!$A$40,"DAY","Mon") +GETPIVOTDATA("Sum of TOTAL FIELD",'Pivot Table'!$A$52,"DAY","Mon") +GETPIVOTDATA("Sum of TOTAL FIELD",'Pivot Table'!$A$64,"DAY","Mon") +GETPIVOTDATA("Sum of TOTAL FIELD",'Pivot Table'!$A$76,"DAY","Mon") +GETPIVOTDATA("Sum of TOTAL FIELD",'Pivot Table'!$A$88,"DAY","Mon") +GETPIVOTDATA("Sum of TOTAL FIELD",'Pivot Table'!$A$100,"DAY","Mon") +GETPIVOTDATA("Sum of TOTAL FIELD",'Pivot Table'!$A$112,"DAY","Mon") +GETPIVOTDATA("Sum of TOTAL FIELD",'Pivot Table'!$A$124,"DAY","Mon") +GETPIVOTDATA("Sum of TOTAL FIELD",'Pivot Table'!$A$136,"DAY","Mon") -> 1199 | E9: Total Field | F9: =GETPIVOTDATA("Sum of TOTAL FIELD",'Pivot Table'!$A$4,"DAY","Tue") +GETPIVOTDATA("Sum of TOTAL FIELD",'Pivot Table'!$A$16,"DAY","Tue") +GETPIVOTDATA("Sum of TOTAL FIELD",'Pivot Table'!$A$28,"DAY","Tue") +GETPIVOTDATA("Sum of TOTAL FIELD",'Pivot Table'!$A$40,"DAY","Tue") +GETPIVOTDATA("Sum of TOTAL FIELD",'Pivot Table'!$A$52,"DAY","Tue") +GETPIVOTDATA("Sum of TOTAL FIELD",'Pivot Table'!$A$64,"DAY","Tue") +GETPIVOTDATA("Sum of TOTAL FIELD",'Pivot Table'!$A$76,"DAY","Tue") +GETPIVOTDATA("Sum of TOTAL FIELD",'Pivot Table'!$A$88,"DAY","Tue") +GETPIVOTDATA("Sum of TOTAL FIELD",'Pivot Table'!$A$100,"DAY","Tue") +GETPIVOTDATA("Sum of TOTAL FIELD",'Pivot Table'!$A$112,"DAY","Tue") +GETPIVOTDATA("Sum of TOTAL FIELD",'Pivot Table'!$A$124,"DAY","Tue") +GETPIVOTDATA("Sum of TOTAL FIELD",'Pivot Table'!$A$136,"DAY","Tue") -> 1028 | H9: Total Field | I9: =GETPIVOTDATA("Sum of TOTAL FIELD",'Pivot Table'!$A$4,"DAY","Wed") +GETPIVOTDATA("Sum of TOTAL FIELD",'Pivot Table'!$A$16,"DAY","Wed") +GETPIVOTDATA("Sum of TOTAL FIELD",'Pivot Table'!$A$28,"DAY","Wed") +GETPIVOTDATA("Sum of TOTAL FIELD",'Pivot Table'!$A$40,"DAY","Wed") +GETPIVOTDATA("Sum of TOTAL FIELD",'Pivot Table'!$A$52,"DAY","Wed") +GETPIVOTDATA("Sum of TOTAL FIELD",'Pivot Table'!$A$64,"DAY","Wed") +GETPIVOTDATA("Sum of TOTAL FIELD",'Pivot Table'!$A$76,"DAY","Wed") +GETPIVOTDATA("Sum of TOTAL FIELD",'Pivot Table'!$A$88,"DAY","Wed") +GETPIVOTDATA("Sum of TOTAL FIELD",'Pivot Table'!$A$100,"DAY","Wed") +GETPIVOTDATA("Sum of TOTAL FIELD",'Pivot Table'!$A$112,"DAY","Wed") +GETPIVOTDATA("Sum of TOTAL FIELD",'Pivot Table'!$A$124,"DAY","Wed") +GETPIVOTDATA("Sum of TOTAL FIELD",'Pivot Table'!$A$136,"DAY","Wed") -> 1280 | K9: Total Field | L9: =GETPIVOTDATA("Sum of TOTAL FIELD",'Pivot Table'!$A$4,"DAY","Thu") +GETPIVOTDATA("Sum of TOTAL FIELD",'Pivot Table'!$A$16,"DAY","Thu") +GETPIVOTDATA("Sum of TOTAL FIELD",'Pivot Table'!$A$28,"DAY","Thu") +GETPIVOTDATA("Sum of TOTAL FIELD",'Pivot Table'!$A$40,"DAY","Thu") +GETPIVOTDATA("Sum of TOTAL FIELD",'Pivot Table'!$A$52,"DAY","Thu") +GETPIVOTDATA("Sum of TOTAL FIELD",'Pivot Table'!$A$64,"DAY","Thu") +GETPIVOTDATA("Sum of TOTAL FIELD",'Pivot Table'!$A$76,"DAY","Thu") +GETPIVOTDATA("Sum of TOTAL FIELD",'Pivot Table'!$A$88,"DAY","Thu") +GETPIVOTDATA("Sum of TOTAL FIELD",'Pivot Table'!$A$100,"DAY","Thu") +GETPIVOTDATA("Sum of TOTAL FIELD",'Pivot Table'!$A$112,"DAY","Thu") +GETPIVOTDATA("Sum of TOTAL FIELD",'Pivot Table'!$A$124,"DAY","Thu") +GETPIVOTDATA("Sum of TOTAL FIELD",'Pivot Table'!$A$136,"DAY","Thu") -> 1649 | N9: Total Field | O9: =GETPIVOTDATA("Sum of TOTAL FIELD",'Pivot Table'!$A$4,"DAY","Fri") +GETPIVOTDATA("Sum of TOTAL FIELD",'Pivot Table'!$A$16,"DAY","Fri") +GETPIVOTDATA("Sum of TOTAL FIELD",'Pivot Table'!$A$28,"DAY","Fri") +GETPIVOTDATA("Sum of TOTAL FIELD",'Pivot Table'!$A$40,"DAY","Fri") +GETPIVOTDATA("Sum of TOTAL FIELD",'Pivot Table'!$A$52,"DAY","Fri") +GETPIVOTDATA("Sum of TOTAL FIELD",'Pivot Table'!$A$64,"DAY","Fri") +GETPIVOTDATA("Sum of TOTAL FIELD",'Pivot Table'!$A$76,"DAY","Fri") +GETPIVOTDATA("Sum of TOTAL FIELD",'Pivot Table'!$A$88,"DAY","Fri") +GETPIVOTDATA("Sum of TOTAL FIELD",'Pivot Table'!$A$100,"DAY","Fri") +GETPIVOTDATA("Sum of TOTAL FIELD",'Pivot Table'!$A$112,"DAY","Fri") +GETPIVOTDATA("Sum of TOTAL FIELD",'Pivot Table'!$A$124,"DAY","Fri") +GETPIVOTDATA("Sum of TOTAL FIELD",'Pivot Table'!$A$136,"DAY","Fri") -> 1707 | Q9: Total Field | R9: =GETPIVOTDATA("Sum of TOTAL FIELD",'Pivot Table'!$A$4,"DAY","Sat") +GETPIVOTDATA("Sum of TOTAL FIELD",'Pivot Table'!$A$16,"DAY","Sat") +GETPIVOTDATA("Sum of TOTAL FIELD",'Pivot Table'!$A$28,"DAY","Sat") +GETPIVOTDATA("Sum of TOTAL FIELD",'Pivot Table'!$A$40,"DAY","Sat") +GETPIVOTDATA("Sum of TOTAL FIELD",'Pivot Table'!$A$52,"DAY","Sat") +GETPIVOTDATA("Sum of TOTAL FIELD",'Pivot Table'!$A$64,"DAY","Sat") +GETPIVOTDATA("Sum of TOTAL FIELD",'Pivot Table'!$A$76,"DAY","Sat") +GETPIVOTDATA("Sum of TOTAL FIELD",'Pivot Table'!$A$88,"DAY","Sat") +GETPIVOTDATA("Sum of TOTAL FIELD",'Pivot Table'!$A$100,"DAY","Sat") +GETPIVOTDATA("Sum of TOTAL FIELD",'Pivot Table'!$A$112,"DAY","Sat") +GETPIVOTDATA("Sum of TOTAL FIELD",'Pivot Table'!$A$124,"DAY","Sat") +GETPIVOTDATA("Sum of TOTAL FIELD",'Pivot Table'!$A$136,"DAY","Sat") -> 1401 | T9: Total Field | U9: =GETPIVOTDATA("Sum of TOTAL FIELD",'Pivot Table'!$A$4,"DAY","Sun") +GETPIVOTDATA("Sum of TOTAL FIELD",'Pivot Table'!$A$16,"DAY","Sun") +GETPIVOTDATA("Sum of TOTAL FIELD",'Pivot Table'!$A$28,"DAY","Sun") +GETPIVOTDATA("Sum of TOTAL FIELD",'Pivot Table'!$A$40,"DAY","Sun") +GETPIVOTDATA("Sum of TOTAL FIELD",'Pivot Table'!$A$52,"DAY","Sun") +GETPIVOTDATA("Sum of TOTAL FIELD",'Pivot Table'!$A$64,"DAY","Sun") +GETPIVOTDATA("Sum of TOTAL FIELD",'Pivot Table'!$A$76,"DAY","Sun") +GETPIVOTDATA("Sum of TOTAL FIELD",'Pivot Table'!$A$88,"DAY","Sun") +GETPIVOTDATA("Sum of TOTAL FIELD",'Pivot Table'!$A$100,"DAY","Sun") +GETPIVOTDATA("Sum of TOTAL FIELD",'Pivot Table'!$A$112,"DAY","Sun") +GETPIVOTDATA("Sum of TOTAL FIELD",'Pivot Table'!$A$124,"DAY","Sun") +GETPIVOTDATA("Sum of TOTAL FIELD",'Pivot Table'!$A$136,"DAY","Sun") -> 1658
B10: Guests | C10: =GETPIVOTDATA("Sum of No. GUESTS",'Pivot Table'!$A$4,"DAY","Mon")+GETPIVOTDATA("Sum of No. GUESTS",'Pivot Table'!$A$16,"DAY","Mon")+GETPIVOTDATA("Sum of No. GUESTS",'Pivot Table'!$A$28,"DAY","Mon")+GETPIVOTDATA("Sum of No. GUESTS",'Pivot Table'!$A$40,"DAY","Mon")+GETPIVOTDATA("Sum of No. GUESTS",'Pivot Table'!$A$52,"DAY","Mon")+GETPIVOTDATA("Sum of No. GUESTS",'Pivot Table'!$A$64,"DAY","Mon")+GETPIVOTDATA("Sum of No. GUESTS",'Pivot Table'!$A$76,"DAY","Mon")+GETPIVOTDATA("Sum of No. GUESTS",'Pivot Table'!$A$88,"DAY","Mon")+GETPIVOTDATA("Sum of No. GUESTS",'Pivot Table'!$A$100,"DAY","Mon")+GETPIVOTDATA("Sum of No. GUESTS",'Pivot Table'!$A$112,"DAY","Mon")+GETPIVOTDATA("Sum of No. GUESTS",'Pivot Table'!$A$124,"DAY","Mon")+GETPIVOTDATA("Sum of No. GUESTS",'Pivot Table'!$A$136,"DAY","Mon") -> 346 | E10: Guests | F10: =GETPIVOTDATA("Sum of No. GUESTS",'Pivot Table'!$A$4,"DAY","Tue") +GETPIVOTDATA("Sum of No. GUESTS",'Pivot Table'!$A$16,"DAY","Tue") +GETPIVOTDATA("Sum of No. GUESTS",'Pivot Table'!$A$28,"DAY","Tue") +GETPIVOTDATA("Sum of No. GUESTS",'Pivot Table'!$A$40,"DAY","Tue") +GETPIVOTDATA("Sum of No. GUESTS",'Pivot Table'!$A$52,"DAY","Tue") +GETPIVOTDATA("Sum of No. GUESTS",'Pivot Table'!$A$64,"DAY","Tue") +GETPIVOTDATA("Sum of No. GUESTS",'Pivot Table'!$A$76,"DAY","Tue") +GETPIVOTDATA("Sum of No. GUESTS",'Pivot Table'!$A$88,"DAY","Tue") +GETPIVOTDATA("Sum of No. GUESTS",'Pivot Table'!$A$100,"DAY","Tue") +GETPIVOTDATA("Sum of No. GUESTS",'Pivot Table'!$A$112,"DAY","Tue") +GETPIVOTDATA("Sum of No. GUESTS",'Pivot Table'!$A$124,"DAY","Tue") +GETPIVOTDATA("Sum of No. GUESTS",'Pivot Table'!$A$136,"DAY","Tue") -> 79 | H10: Guests | I10: =GETPIVOTDATA("Sum of No. GUESTS",'Pivot Table'!$A$4,"DAY","Wed") +GETPIVOTDATA("Sum of No. GUESTS",'Pivot Table'!$A$16,"DAY","Wed") +GETPIVOTDATA("Sum of No. GUESTS",'Pivot Table'!$A$28,"DAY","Wed") +GETPIVOTDATA("Sum of No. GUESTS",'Pivot Table'!$A$40,"DAY","Wed") +GETPIVOTDATA("Sum of No. GUESTS",'Pivot Table'!$A$52,"DAY","Wed") +GETPIVOTDATA("Sum of No. GUESTS",'Pivot Table'!$A$64,"DAY","Wed") +GETPIVOTDATA("Sum of No. GUESTS",'Pivot Table'!$A$76,"DAY","Wed") +GETPIVOTDATA("Sum of No. GUESTS",'Pivot Table'!$A$88,"DAY","Wed") +GETPIVOTDATA("Sum of No. GUESTS",'Pivot Table'!$A$100,"DAY","Wed") +GETPIVOTDATA("Sum of No. GUESTS",'Pivot Table'!$A$112,"DAY","Wed") +GETPIVOTDATA("Sum of No. GUESTS",'Pivot Table'!$A$124,"DAY","Wed") +GETPIVOTDATA("Sum of No. GUESTS",'Pivot Table'!$A$136,"DAY","Wed") -> 655 | K10: Guests | L10: =GETPIVOTDATA("Sum of No. GUESTS",'Pivot Table'!$A$4,"DAY","Thu") +GETPIVOTDATA("Sum of No. GUESTS",'Pivot Table'!$A$16,"DAY","Thu") +GETPIVOTDATA("Sum of No. GUESTS",'Pivot Table'!$A$28,"DAY","Thu") +GETPIVOTDATA("Sum of No. GUESTS",'Pivot Table'!$A$40,"DAY","Thu") +GETPIVOTDATA("Sum of No. GUESTS",'Pivot Table'!$A$52,"DAY","Thu") +GETPIVOTDATA("Sum of No. GUESTS",'Pivot Table'!$A$64,"DAY","Thu") +GETPIVOTDATA("Sum of No. GUESTS",'Pivot Table'!$A$76,"DAY","Thu") +GETPIVOTDATA("Sum of No. GUESTS",'Pivot Table'!$A$88,"DAY","Thu") +GETPIVOTDATA("Sum of No. GUESTS",'Pivot Table'!$A$100,"DAY","Thu") +GETPIVOTDATA("Sum of No. GUESTS",'Pivot Table'!$A$112,"DAY","Thu") +GETPIVOTDATA("Sum of No. GUESTS",'Pivot Table'!$A$124,"DAY","Thu") +GETPIVOTDATA("Sum of No. GUESTS",'Pivot Table'!$A$136,"DAY","Thu") -> 144 | N10: Guests | O10: =GETPIVOTDATA("Sum of No. GUESTS",'Pivot Table'!$A$4,"DAY","Fri") +GETPIVOTDATA("Sum of No. GUESTS",'Pivot Table'!$A$16,"DAY","Fri") +GETPIVOTDATA("Sum of No. GUESTS",'Pivot Table'!$A$28,"DAY","Fri") +GETPIVOTDATA("Sum of No. GUESTS",'Pivot Table'!$A$40,"DAY","Fri") +GETPIVOTDATA("Sum of No. GUESTS",'Pivot Table'!$A$52,"DAY","Fri") +GETPIVOTDATA("Sum of No. GUESTS",'Pivot Table'!$A$64,"DAY","Fri") +GETPIVOTDATA("Sum of No. GUESTS",'Pivot Table'!$A$76,"DAY","Fri") +GETPIVOTDATA("Sum of No. GUESTS",'Pivot Table'!$A$88,"DAY","Fri") +GETPIVOTDATA("Sum of No. GUESTS",'Pivot Table'!$A$100,"DAY","Fri") +GETPIVOTDATA("Sum of No. GUESTS",'Pivot Table'!$A$112,"DAY","Fri") +GETPIVOTDATA("Sum of No. GUESTS",'Pivot Table'!$A$124,"DAY","Fri") +GETPIVOTDATA("Sum of No. GUESTS",'Pivot Table'!$A$136,"DAY","Fri") -> 510 | Q10: Guests | R10: =GETPIVOTDATA("Sum of No. GUESTS",'Pivot Table'!$A$4,"DAY","Sat") +GETPIVOTDATA("Sum of No. GUESTS",'Pivot Table'!$A$16,"DAY","Sat") +GETPIVOTDATA("Sum of No. GUESTS",'Pivot Table'!$A$28,"DAY","Sat") +GETPIVOTDATA("Sum of No. GUESTS",'Pivot Table'!$A$40,"DAY","Sat") +GETPIVOTDATA("Sum of No. GUESTS",'Pivot Table'!$A$52,"DAY","Sat") +GETPIVOTDATA("Sum of No. GUESTS",'Pivot Table'!$A$64,"DAY","Sat") +GETPIVOTDATA("Sum of No. GUESTS",'Pivot Table'!$A$76,"DAY","Sat") +GETPIVOTDATA("Sum of No. GUESTS",'Pivot Table'!$A$88,"DAY","Sat") +GETPIVOTDATA("Sum of No. GUESTS",'Pivot Table'!$A$100,"DAY","Sat") +GETPIVOTDATA("Sum of No. GUESTS",'Pivot Table'!$A$112,"DAY","Sat") +GETPIVOTDATA("Sum of No. GUESTS",'Pivot Table'!$A$124,"DAY","Sat") +GETPIVOTDATA("Sum of No. GUESTS",'Pivot Table'!$A$136,"DAY","Sat") -> 7 | T10: Guests | U10: =GETPIVOTDATA("Sum of No. GUESTS",'Pivot Table'!$A$4,"DAY","Sun") +GETPIVOTDATA("Sum of No. GUESTS",'Pivot Table'!$A$16,"DAY","Sun") +GETPIVOTDATA("Sum of No. GUESTS",'Pivot Table'!$A$28,"DAY","Sun") +GETPIVOTDATA("Sum of No. GUESTS",'Pivot Table'!$A$40,"DAY","Sun") +GETPIVOTDATA("Sum of No. GUESTS",'Pivot Table'!$A$52,"DAY","Sun") +GETPIVOTDATA("Sum of No. GUESTS",'Pivot Table'!$A$64,"DAY","Sun") +GETPIVOTDATA("Sum of No. GUESTS",'Pivot Table'!$A$76,"DAY","Sun") +GETPIVOTDATA("Sum of No. GUESTS",'Pivot Table'!$A$88,"DAY","Sun") +GETPIVOTDATA("Sum of No. GUESTS",'Pivot Table'!$A$100,"DAY","Sun") +GETPIVOTDATA("Sum of No. GUESTS",'Pivot Table'!$A$112,"DAY","Sun") +GETPIVOTDATA("Sum of No. GUESTS",'Pivot Table'!$A$124,"DAY","Sun") +GETPIVOTDATA("Sum of No. GUESTS",'Pivot Table'!$A$136,"DAY","Sun") -> 322
B11: Member / Guest Ratio | C11: =SUM(C10/C9) -> 0.28857381 | E11: Member / Guest Ratio | F11: =SUM(F10/F9) -> 0.076848249 | H11: Member / Guest Ratio | I11: =SUM(I10/I9) -> 0.51171875 | K11: Member / Guest Ratio | L11: =SUM(L10/L9) -> 0.087325652 | N11: Member / Guest Ratio | O11: =SUM(O10/O9) -> 0.29876977 | Q11: Member / Guest Ratio | R11: =SUM(R10/R9) -> 0.0049964311 | T11: Member / Guest Ratio | U11: =SUM(U10/U9) -> 0.19420989
B12: Member Play | C12: =GETPIVOTDATA("Sum of MEMBER",'Pivot Table'!$A$4,"DAY","Mon")+GETPIVOTDATA("Sum of MEMBER",'Pivot Table'!$A$16,"DAY","Mon")+GETPIVOTDATA("Sum of MEMBER",'Pivot Table'!$A$28,"DAY","Mon")+GETPIVOTDATA("Sum of MEMBER",'Pivot Table'!$A$40,"DAY","Mon")+GETPIVOTDATA("Sum of MEMBER",'Pivot Table'!$A$52,"DAY","Mon")+GETPIVOTDATA("Sum of MEMBER",'Pivot Table'!$A$64,"DAY","Mon")+GETPIVOTDATA("Sum of MEMBER",'Pivot Table'!$A$76,"DAY","Mon")+GETPIVOTDATA("Sum of MEMBER",'Pivot Table'!$A$88,"DAY","Mon")+GETPIVOTDATA("Sum of MEMBER",'Pivot Table'!$A$100,"DAY","Mon")+GETPIVOTDATA("Sum of MEMBER",'Pivot Table'!$A$112,"DAY","Mon")+GETPIVOTDATA("Sum of MEMBER",'Pivot Table'!$A$124,"DAY","Mon")+GETPIVOTDATA("Sum of MEMBER",'Pivot Table'!$A$136,"DAY","Mon") -> 847 | E12: Member Play | F12: =GETPIVOTDATA("Sum of MEMBER",'Pivot Table'!$A$4,"DAY","Tue") +GETPIVOTDATA("Sum of MEMBER",'Pivot Table'!$A$16,"DAY","Tue") +GETPIVOTDATA("Sum of MEMBER",'Pivot Table'!$A$28,"DAY","Tue") +GETPIVOTDATA("Sum of MEMBER",'Pivot Table'!$A$40,"DAY","Tue") +GETPIVOTDATA("Sum of MEMBER",'Pivot Table'!$A$52,"DAY","Tue") +GETPIVOTDATA("Sum of MEMBER",'Pivot Table'!$A$64,"DAY","Tue") +GETPIVOTDATA("Sum of MEMBER",'Pivot Table'!$A$76,"DAY","Tue") +GETPIVOTDATA("Sum of MEMBER",'Pivot Table'!$A$88,"DAY","Tue") +GETPIVOTDATA("Sum of MEMBER",'Pivot Table'!$A$100,"DAY","Tue") +GETPIVOTDATA("Sum of MEMBER",'Pivot Table'!$A$112,"DAY","Tue") +GETPIVOTDATA("Sum of MEMBER",'Pivot Table'!$A$124,"DAY","Tue") +GETPIVOTDATA("Sum of MEMBER",'Pivot Table'!$A$136,"DAY","Tue") -> 948 | H12: Member Play | I12: =GETPIVOTDATA("Sum of MEMBER",'Pivot Table'!$A$4,"DAY","Wed") +GETPIVOTDATA("Sum of MEMBER",'Pivot Table'!$A$16,"DAY","Wed") +GETPIVOTDATA("Sum of MEMBER",'Pivot Table'!$A$28,"DAY","Wed") +GETPIVOTDATA("Sum of MEMBER",'Pivot Table'!$A$40,"DAY","Wed") +GETPIVOTDATA("Sum of MEMBER",'Pivot Table'!$A$52,"DAY","Wed") +GETPIVOTDATA("Sum of MEMBER",'Pivot Table'!$A$64,"DAY","Wed") +GETPIVOTDATA("Sum of MEMBER",'Pivot Table'!$A$76,"DAY","Wed") +GETPIVOTDATA("Sum of MEMBER",'Pivot Table'!$A$88,"DAY","Wed") +GETPIVOTDATA("Sum of MEMBER",'Pivot Table'!$A$100,"DAY","Wed") +GETPIVOTDATA("Sum of MEMBER",'Pivot Table'!$A$112,"DAY","Wed") +GETPIVOTDATA("Sum of MEMBER",'Pivot Table'!$A$124,"DAY","Wed") +GETPIVOTDATA("Sum of MEMBER",'Pivot Table'!$A$136,"DAY","Wed") -> 618 | K12: Member Play | L12: =GETPIVOTDATA("Sum of MEMBER",'Pivot Table'!$A$4,"DAY","Thu") +GETPIVOTDATA("Sum of MEMBER",'Pivot Table'!$A$16,"DAY","Thu") +GETPIVOTDATA("Sum of MEMBER",'Pivot Table'!$A$28,"DAY","Thu") +GETPIVOTDATA("Sum of MEMBER",'Pivot Table'!$A$40,"DAY","Thu") +GETPIVOTDATA("Sum of MEMBER",'Pivot Table'!$A$52,"DAY","Thu") +GETPIVOTDATA("Sum of MEMBER",'Pivot Table'!$A$64,"DAY","Thu") +GETPIVOTDATA("Sum of MEMBER",'Pivot Table'!$A$76,"DAY","Thu") +GETPIVOTDATA("Sum of MEMBER",'Pivot Table'!$A$88,"DAY","Thu") +GETPIVOTDATA("Sum of MEMBER",'Pivot Table'!$A$100,"DAY","Thu") +GETPIVOTDATA("Sum of MEMBER",'Pivot Table'!$A$112,"DAY","Thu") +GETPIVOTDATA("Sum of MEMBER",'Pivot Table'!$A$124,"DAY","Thu") +GETPIVOTDATA("Sum of MEMBER",'Pivot Table'!$A$136,"DAY","Thu") -> 1504 | N12: Member Play | O12: =GETPIVOTDATA("Sum of MEMBER",'Pivot Table'!$A$4,"DAY","Fri") +GETPIVOTDATA("Sum of MEMBER",'Pivot Table'!$A$16,"DAY","Fri") +GETPIVOTDATA("Sum of MEMBER",'Pivot Table'!$A$28,"DAY","Fri") +GETPIVOTDATA("Sum of MEMBER",'Pivot Table'!$A$40,"DAY","Fri") +GETPIVOTDATA("Sum of MEMBER",'Pivot Table'!$A$52,"DAY","Fri") +GETPIVOTDATA("Sum of MEMBER",'Pivot Table'!$A$64,"DAY","Fri") +GETPIVOTDATA("Sum of MEMBER",'Pivot Table'!$A$76,"DAY","Fri") +GETPIVOTDATA("Sum of MEMBER",'Pivot Table'!$A$88,"DAY","Fri") +GETPIVOTDATA("Sum of MEMBER",'Pivot Table'!$A$100,"DAY","Fri") +GETPIVOTDATA("Sum of MEMBER",'Pivot Table'!$A$112,"DAY","Fri") +GETPIVOTDATA("Sum of MEMBER",'Pivot Table'!$A$124,"DAY","Fri") +GETPIVOTDATA("Sum of MEMBER",'Pivot Table'!$A$136,"DAY","Fri") -> 1186 | Q12: Member Play | R12: =GETPIVOTDATA("Sum of MEMBER",'Pivot Table'!$A$4,"DAY","Sat") +GETPIVOTDATA("Sum of MEMBER",'Pivot Table'!$A$16,"DAY","Sat") +GETPIVOTDATA("Sum of MEMBER",'Pivot Table'!$A$28,"DAY","Sat") +GETPIVOTDATA("Sum of MEMBER",'Pivot Table'!$A$40,"DAY","Sat") +GETPIVOTDATA("Sum of MEMBER",'Pivot Table'!$A$52,"DAY","Sat") +GETPIVOTDATA("Sum of MEMBER",'Pivot Table'!$A$64,"DAY","Sat") +GETPIVOTDATA("Sum of MEMBER",'Pivot Table'!$A$76,"DAY","Sat") +GETPIVOTDATA("Sum of MEMBER",'Pivot Table'!$A$88,"DAY","Sat") +GETPIVOTDATA("Sum of MEMBER",'Pivot Table'!$A$100,"DAY","Sat") +GETPIVOTDATA("Sum of MEMBER",'Pivot Table'!$A$112,"DAY","Sat") +GETPIVOTDATA("Sum of MEMBER",'Pivot Table'!$A$124,"DAY","Sat") +GETPIVOTDATA("Sum of MEMBER",'Pivot Table'!$A$136,"DAY","Sat") -> 1394 | T12: Member Play | U12: =GETPIVOTDATA("Sum of MEMBER",'Pivot Table'!$A$4,"DAY","Sun") +GETPIVOTDATA("Sum of MEMBER",'Pivot Table'!$A$16,"DAY","Sun") +GETPIVOTDATA("Sum of MEMBER",'Pivot Table'!$A$28,"DAY","Sun") +GETPIVOTDATA("Sum of MEMBER",'Pivot Table'!$A$40,"DAY","Sun") +GETPIVOTDATA("Sum of MEMBER",'Pivot Table'!$A$52,"DAY","Sun") +GETPIVOTDATA("Sum of MEMBER",'Pivot Table'!$A$64,"DAY","Sun") +GETPIVOTDATA("Sum of MEMBER",'Pivot Table'!$A$76,"DAY","Sun") +GETPIVOTDATA("Sum of MEMBER",'Pivot Table'!$A$88,"DAY","Sun") +GETPIVOTDATA("Sum of MEMBER",'Pivot Table'!$A$100,"DAY","Sun") +GETPIVOTDATA("Sum of MEMBER",'Pivot Table'!$A$112,"DAY","Sun") +GETPIVOTDATA("Sum of MEMBER",'Pivot Table'!$A$124,"DAY","Sun") +GETPIVOTDATA("Sum of MEMBER",'Pivot Table'!$A$136,"DAY","Sun") -> 1327
B13: Manger Intro | C13: =GETPIVOTDATA("Sum of MANAGER INTRO",'Pivot Table'!$A$4,"DAY","Mon")+GETPIVOTDATA("Sum of MANAGER INTRO",'Pivot Table'!$A$16,"DAY","Mon")+GETPIVOTDATA("Sum of MANAGER INTRO",'Pivot Table'!$A$28,"DAY","Mon")+GETPIVOTDATA("Sum of MANAGER INTRO",'Pivot Table'!$A$40,"DAY","Mon")+GETPIVOTDATA("Sum of MANAGER INTRO",'Pivot Table'!$A$52,"DAY","Mon")+GETPIVOTDATA("Sum of MANAGER INTRO",'Pivot Table'!$A$64,"DAY","Mon")+GETPIVOTDATA("Sum of MANAGER INTRO",'Pivot Table'!$A$76,"DAY","Mon")+GETPIVOTDATA("Sum of MANAGER INTRO",'Pivot Table'!$A$88,"DAY","Mon")+GETPIVOTDATA("Sum of MANAGER INTRO",'Pivot Table'!$A$100,"DAY","Mon")+GETPIVOTDATA("Sum of MANAGER INTRO",'Pivot Table'!$A$112,"DAY","Mon")+GETPIVOTDATA("Sum of MANAGER INTRO",'Pivot Table'!$A$124,"DAY","Mon")+GETPIVOTDATA("Sum of MANAGER INTRO",'Pivot Table'!$A$136,"DAY","Mon") -> 27 | E13: Manger Intro | F13: =GETPIVOTDATA("Sum of MANAGER INTRO",'Pivot Table'!$A$4,"DAY","Tue") +GETPIVOTDATA("Sum of MANAGER INTRO",'Pivot Table'!$A$16,"DAY","Tue") +GETPIVOTDATA("Sum of MANAGER INTRO",'Pivot Table'!$A$28,"DAY","Tue") +GETPIVOTDATA("Sum of MANAGER INTRO",'Pivot Table'!$A$40,"DAY","Tue") +GETPIVOTDATA("Sum of MANAGER INTRO",'Pivot Table'!$A$52,"DAY","Tue") +GETPIVOTDATA("Sum of MANAGER INTRO",'Pivot Table'!$A$64,"DAY","Tue") +GETPIVOTDATA("Sum of MANAGER INTRO",'Pivot Table'!$A$76,"DAY","Tue") +GETPIVOTDATA("Sum of MANAGER INTRO",'Pivot Table'!$A$88,"DAY","Tue") +GETPIVOTDATA("Sum of MANAGER INTRO",'Pivot Table'!$A$100,"DAY","Tue") +GETPIVOTDATA("Sum of MANAGER INTRO",'Pivot Table'!$A$112,"DAY","Tue") +GETPIVOTDATA("Sum of MANAGER INTRO",'Pivot Table'!$A$124,"DAY","Tue") +GETPIVOTDATA("Sum of MANAGER INTRO",'Pivot Table'!$A$136,"DAY","Tue") -> 20 | H13: Manger Intro | I13: =GETPIVOTDATA("Sum of MANAGER INTRO",'Pivot Table'!$A$4,"DAY","Wed") +GETPIVOTDATA("Sum of MANAGER INTRO",'Pivot Table'!$A$16,"DAY","Wed") +GETPIVOTDATA("Sum of MANAGER INTRO",'Pivot Table'!$A$28,"DAY","Wed") +GETPIVOTDATA("Sum of MANAGER INTRO",'Pivot Table'!$A$40,"DAY","Wed") +GETPIVOTDATA("Sum of MANAGER INTRO",'Pivot Table'!$A$52,"DAY","Wed") +GETPIVOTDATA("Sum of MANAGER INTRO",'Pivot Table'!$A$64,"DAY","Wed") +GETPIVOTDATA("Sum of MANAGER INTRO",'Pivot Table'!$A$76,"DAY","Wed") +GETPIVOTDATA("Sum of MANAGER INTRO",'Pivot Table'!$A$88,"DAY","Wed") +GETPIVOTDATA("Sum of MANAGER INTRO",'Pivot Table'!$A$100,"DAY","Wed") +GETPIVOTDATA("Sum of MANAGER INTRO",'Pivot Table'!$A$112,"DAY","Wed") +GETPIVOTDATA("Sum of MANAGER INTRO",'Pivot Table'!$A$124,"DAY","Wed") +GETPIVOTDATA("Sum of MANAGER INTRO",'Pivot Table'!$A$136,"DAY","Wed") -> 8 | K13: Manger Intro | L13: =GETPIVOTDATA("Sum of MANAGER INTRO",'Pivot Table'!$A$4,"DAY","Thu") +GETPIVOTDATA("Sum of MANAGER INTRO",'Pivot Table'!$A$16,"DAY","Thu") +GETPIVOTDATA("Sum of MANAGER INTRO",'Pivot Table'!$A$28,"DAY","Thu") +GETPIVOTDATA("Sum of MANAGER INTRO",'Pivot Table'!$A$40,"DAY","Thu") +GETPIVOTDATA("Sum of MANAGER INTRO",'Pivot Table'!$A$52,"DAY","Thu") +GETPIVOTDATA("Sum of MANAGER INTRO",'Pivot Table'!$A$64,"DAY","Thu") +GETPIVOTDATA("Sum of MANAGER INTRO",'Pivot Table'!$A$76,"DAY","Thu") +GETPIVOTDATA("Sum of MANAGER INTRO",'Pivot Table'!$A$88,"DAY","Thu") +GETPIVOTDATA("Sum of MANAGER INTRO",'Pivot Table'!$A$100,"DAY","Thu") +GETPIVOTDATA("Sum of MANAGER INTRO",'Pivot Table'!$A$112,"DAY","Thu") +GETPIVOTDATA("Sum of MANAGER INTRO",'Pivot Table'!$A$124,"DAY","Thu") +GETPIVOTDATA("Sum of MANAGER INTRO",'Pivot Table'!$A$136,"DAY","Thu") -> 11 | N13: Manger Intro | O13: =GETPIVOTDATA("Sum of MANAGER INTRO",'Pivot Table'!$A$4,"DAY","Fri") +GETPIVOTDATA("Sum of MANAGER INTRO",'Pivot Table'!$A$16,"DAY","Fri") +GETPIVOTDATA("Sum of MANAGER INTRO",'Pivot Table'!$A$28,"DAY","Fri") +GETPIVOTDATA("Sum of MANAGER INTRO",'Pivot Table'!$A$40,"DAY","Fri") +GETPIVOTDATA("Sum of MANAGER INTRO",'Pivot Table'!$A$52,"DAY","Fri") +GETPIVOTDATA("Sum of MANAGER INTRO",'Pivot Table'!$A$64,"DAY","Fri") +GETPIVOTDATA("Sum of MANAGER INTRO",'Pivot Table'!$A$76,"DAY","Fri") +GETPIVOTDATA("Sum of MANAGER INTRO",'Pivot Table'!$A$88,"DAY","Fri") +GETPIVOTDATA("Sum of MANAGER INTRO",'Pivot Table'!$A$100,"DAY","Fri") +GETPIVOTDATA("Sum of MANAGER INTRO",'Pivot Table'!$A$112,"DAY","Fri") +GETPIVOTDATA("Sum of MANAGER INTRO",'Pivot Table'!$A$124,"DAY","Fri") +GETPIVOTDATA("Sum of MANAGER INTRO",'Pivot Table'!$A$136,"DAY","Fri") -> 16 | Q13: Manger Intro | R13: =GETPIVOTDATA("Sum of MANAGER INTRO",'Pivot Table'!$A$4,"DAY","Sat") +GETPIVOTDATA("Sum of MANAGER INTRO",'Pivot Table'!$A$16,"DAY","Sat") +GETPIVOTDATA("Sum of MANAGER INTRO",'Pivot Table'!$A$28,"DAY","Sat") +GETPIVOTDATA("Sum of MANAGER INTRO",'Pivot Table'!$A$40,"DAY","Sat") +GETPIVOTDATA("Sum of MANAGER INTRO",'Pivot Table'!$A$52,"DAY","Sat") +GETPIVOTDATA("Sum of MANAGER INTRO",'Pivot Table'!$A$64,"DAY","Sat") +GETPIVOTDATA("Sum of MANAGER INTRO",'Pivot Table'!$A$76,"DAY","Sat") +GETPIVOTDATA("Sum of MANAGER INTRO",'Pivot Table'!$A$88,"DAY","Sat") +GETPIVOTDATA("Sum of MANAGER INTRO",'Pivot Table'!$A$100,"DAY","Sat") +GETPIVOTDATA("Sum of MANAGER INTRO",'Pivot Table'!$A$112,"DAY","Sat") +GETPIVOTDATA("Sum of MANAGER INTRO",'Pivot Table'!$A$124,"DAY","Sat") +GETPIVOTDATA("Sum of MANAGER INTRO",'Pivot Table'!$A$136,"DAY","Sat") -> 1 | T13: Manger Intro | U13: =GETPIVOTDATA("Sum of MANAGER INTRO",'Pivot Table'!$A$4,"DAY","Sun") +GETPIVOTDATA("Sum of MANAGER INTRO",'Pivot Table'!$A$16,"DAY","Sun") +GETPIVOTDATA("Sum of MANAGER INTRO",'Pivot Table'!$A$28,"DAY","Sun") +GETPIVOTDATA("Sum of MANAGER INTRO",'Pivot Table'!$A$40,"DAY","Sun") +GETPIVOTDATA("Sum of MANAGER INTRO",'Pivot Table'!$A$52,"DAY","Sun") +GETPIVOTDATA("Sum of MANAGER INTRO",'Pivot Table'!$A$64,"DAY","Sun") +GETPIVOTDATA("Sum of MANAGER INTRO",'Pivot Table'!$A$76,"DAY","Sun") +GETPIVOTDATA("Sum of MANAGER INTRO",'Pivot Table'!$A$88,"DAY","Sun") +GETPIVOTDATA("Sum of MANAGER INTRO",'Pivot Table'!$A$100,"DAY","Sun") +GETPIVOTDATA("Sum of MANAGER INTRO",'Pivot Table'!$A$112,"DAY","Sun") +GETPIVOTDATA("Sum of MANAGER INTRO",'Pivot Table'!$A$124,"DAY","Sun") +GETPIVOTDATA("Sum of MANAGER INTRO",'Pivot Table'!$A$136,"DAY","Sun") -> 17
B14: Interstate | C14: =GETPIVOTDATA("Sum of INTERSTATE",'Pivot Table'!$A$4,"DAY","Mon")+GETPIVOTDATA("Sum of INTERSTATE",'Pivot Table'!$A$16,"DAY","Mon")+GETPIVOTDATA("Sum of INTERSTATE",'Pivot Table'!$A$28,"DAY","Mon")+GETPIVOTDATA("Sum of INTERSTATE",'Pivot Table'!$A$40,"DAY","Mon")+GETPIVOTDATA("Sum of INTERSTATE",'Pivot Table'!$A$52,"DAY","Mon")+GETPIVOTDATA("Sum of INTERSTATE",'Pivot Table'!$A$64,"DAY","Mon")+GETPIVOTDATA("Sum of INTERSTATE",'Pivot Table'!$A$76,"DAY","Mon")+GETPIVOTDATA("Sum of INTERSTATE",'Pivot Table'!$A$88,"DAY","Mon")+GETPIVOTDATA("Sum of INTERSTATE",'Pivot Table'!$A$100,"DAY","Mon")+GETPIVOTDATA("Sum of INTERSTATE",'Pivot Table'!$A$112,"DAY","Mon")+GETPIVOTDATA("Sum of INTERSTATE",'Pivot Table'!$A$124,"DAY","Mon")+GETPIVOTDATA("Sum of INTERSTATE",'Pivot Table'!$A$136,"DAY","Mon") -> 10 | E14: Interstate | F14: =GETPIVOTDATA("Sum of INTERSTATE",'Pivot Table'!$A$4,"DAY","Tue") +GETPIVOTDATA("Sum of INTERSTATE",'Pivot Table'!$A$16,"DAY","Tue") +GETPIVOTDATA("Sum of INTERSTATE",'Pivot Table'!$A$28,"DAY","Tue") +GETPIVOTDATA("Sum of INTERSTATE",'Pivot Table'!$A$40,"DAY","Tue") +GETPIVOTDATA("Sum of INTERSTATE",'Pivot Table'!$A$52,"DAY","Tue") +GETPIVOTDATA("Sum of INTERSTATE",'Pivot Table'!$A$64,"DAY","Tue") +GETPIVOTDATA("Sum of INTERSTATE",'Pivot Table'!$A$76,"DAY","Tue") +GETPIVOTDATA("Sum of INTERSTATE",'Pivot Table'!$A$88,"DAY","Tue") +GETPIVOTDATA("Sum of INTERSTATE",'Pivot Table'!$A$100,"DAY","Tue") +GETPIVOTDATA("Sum of INTERSTATE",'Pivot Table'!$A$112,"DAY","Tue") +GETPIVOTDATA("Sum of INTERSTATE",'Pivot Table'!$A$124,"DAY","Tue") +GETPIVOTDATA("Sum of INTERSTATE",'Pivot Table'!$A$136,"DAY","Tue") -> 0 | H14: Interstate | I14: =GETPIVOTDATA("Sum of INTERSTATE",'Pivot Table'!$A$4,"DAY","Wed") +GETPIVOTDATA("Sum of INTERSTATE",'Pivot Table'!$A$16,"DAY","Wed") +GETPIVOTDATA("Sum of INTERSTATE",'Pivot Table'!$A$28,"DAY","Wed") +GETPIVOTDATA("Sum of INTERSTATE",'Pivot Table'!$A$40,"DAY","Wed") +GETPIVOTDATA("Sum of INTERSTATE",'Pivot Table'!$A$52,"DAY","Wed") +GETPIVOTDATA("Sum of INTERSTATE",'Pivot Table'!$A$64,"DAY","Wed") +GETPIVOTDATA("Sum of INTERSTATE",'Pivot Table'!$A$76,"DAY","Wed") +GETPIVOTDATA("Sum of INTERSTATE",'Pivot Table'!$A$88,"DAY","Wed") +GETPIVOTDATA("Sum of INTERSTATE",'Pivot Table'!$A$100,"DAY","Wed") +GETPIVOTDATA("Sum of INTERSTATE",'Pivot Table'!$A$112,"DAY","Wed") +GETPIVOTDATA("Sum of INTERSTATE",'Pivot Table'!$A$124,"DAY","Wed") +GETPIVOTDATA("Sum of INTERSTATE",'Pivot Table'!$A$136,"DAY","Wed") -> 18 | K14: Interstate | L14: =GETPIVOTDATA("Sum of INTERSTATE",'Pivot Table'!$A$4,"DAY","Thu") +GETPIVOTDATA("Sum of INTERSTATE",'Pivot Table'!$A$16,"DAY","Thu") +GETPIVOTDATA("Sum of INTERSTATE",'Pivot Table'!$A$28,"DAY","Thu") +GETPIVOTDATA("Sum of INTERSTATE",'Pivot Table'!$A$40,"DAY","Thu") +GETPIVOTDATA("Sum of INTERSTATE",'Pivot Table'!$A$52,"DAY","Thu") +GETPIVOTDATA("Sum of INTERSTATE",'Pivot Table'!$A$64,"DAY","Thu") +GETPIVOTDATA("Sum of INTERSTATE",'Pivot Table'!$A$76,"DAY","Thu") +GETPIVOTDATA("Sum of INTERSTATE",'Pivot Table'!$A$88,"DAY","Thu") +GETPIVOTDATA("Sum of INTERSTATE",'Pivot Table'!$A$100,"DAY","Thu") +GETPIVOTDATA("Sum of INTERSTATE",'Pivot Table'!$A$112,"DAY","Thu") +GETPIVOTDATA("Sum of INTERSTATE",'Pivot Table'!$A$124,"DAY","Thu") +GETPIVOTDATA("Sum of INTERSTATE",'Pivot Table'!$A$136,"DAY","Thu") -> 0 | N14: Interstate | O14: =GETPIVOTDATA("Sum of INTERSTATE",'Pivot Table'!$A$4,"DAY","Fri") +GETPIVOTDATA("Sum of INTERSTATE",'Pivot Table'!$A$16,"DAY","Fri") +GETPIVOTDATA("Sum of INTERSTATE",'Pivot Table'!$A$28,"DAY","Fri") +GETPIVOTDATA("Sum of INTERSTATE",'Pivot Table'!$A$40,"DAY","Fri") +GETPIVOTDATA("Sum of INTERSTATE",'Pivot Table'!$A$52,"DAY","Fri") +GETPIVOTDATA("Sum of INTERSTATE",'Pivot Table'!$A$64,"DAY","Fri") +GETPIVOTDATA("Sum of INTERSTATE",'Pivot Table'!$A$76,"DAY","Fri") +GETPIVOTDATA("Sum of INTERSTATE",'Pivot Table'!$A$88,"DAY","Fri") +GETPIVOTDATA("Sum of INTERSTATE",'Pivot Table'!$A$100,"DAY","Fri") +GETPIVOTDATA("Sum of INTERSTATE",'Pivot Table'!$A$112,"DAY","Fri") +GETPIVOTDATA("Sum of INTERSTATE",'Pivot Table'!$A$124,"DAY","Fri") +GETPIVOTDATA("Sum of INTERSTATE",'Pivot Table'!$A$136,"DAY","Fri") -> 6 | Q14: Interstate | R14: =GETPIVOTDATA("Sum of INTERSTATE",'Pivot Table'!$A$4,"DAY","Sat") +GETPIVOTDATA("Sum of INTERSTATE",'Pivot Table'!$A$16,"DAY","Sat") +GETPIVOTDATA("Sum of INTERSTATE",'Pivot Table'!$A$28,"DAY","Sat") +GETPIVOTDATA("Sum of INTERSTATE",'Pivot Table'!$A$40,"DAY","Sat") +GETPIVOTDATA("Sum of INTERSTATE",'Pivot Table'!$A$52,"DAY","Sat") +GETPIVOTDATA("Sum of INTERSTATE",'Pivot Table'!$A$64,"DAY","Sat") +GETPIVOTDATA("Sum of INTERSTATE",'Pivot Table'!$A$76,"DAY","Sat") +GETPIVOTDATA("Sum of INTERSTATE",'Pivot Table'!$A$88,"DAY","Sat") +GETPIVOTDATA("Sum of INTERSTATE",'Pivot Table'!$A$100,"DAY","Sat") +GETPIVOTDATA("Sum of INTERSTATE",'Pivot Table'!$A$112,"DAY","Sat") +GETPIVOTDATA("Sum of INTERSTATE",'Pivot Table'!$A$124,"DAY","Sat") +GETPIVOTDATA("Sum of INTERSTATE",'Pivot Table'!$A$136,"DAY","Sat") -> 0 | T14: Interstate | U14: =GETPIVOTDATA("Sum of INTERSTATE",'Pivot Table'!$A$4,"DAY","Sun") +GETPIVOTDATA("Sum of INTERSTATE",'Pivot Table'!$A$16,"DAY","Sun") +GETPIVOTDATA("Sum of INTERSTATE",'Pivot Table'!$A$28,"DAY","Sun") +GETPIVOTDATA("Sum of INTERSTATE",'Pivot Table'!$A$40,"DAY","Sun") +GETPIVOTDATA("Sum of INTERSTATE",'Pivot Table'!$A$52,"DAY","Sun") +GETPIVOTDATA("Sum of INTERSTATE",'Pivot Table'!$A$64,"DAY","Sun") +GETPIVOTDATA("Sum of INTERSTATE",'Pivot Table'!$A$76,"DAY","Sun") +GETPIVOTDATA("Sum of INTERSTATE",'Pivot Table'!$A$88,"DAY","Sun") +GETPIVOTDATA("Sum of INTERSTATE",'Pivot Table'!$A$100,"DAY","Sun") +GETPIVOTDATA("Sum of INTERSTATE",'Pivot Table'!$A$112,"DAY","Sun") +GETPIVOTDATA("Sum of INTERSTATE",'Pivot Table'!$A$124,"DAY","Sun") +GETPIVOTDATA("Sum of INTERSTATE",'Pivot Table'!$A$136,"DAY","Sun") -> 0
B15: International | C15: =GETPIVOTDATA("Sum of INTERNATIONAL",'Pivot Table'!$A$4,"DAY","Mon")+GETPIVOTDATA("Sum of INTERNATIONAL",'Pivot Table'!$A$16,"DAY","Mon")+GETPIVOTDATA("Sum of INTERNATIONAL",'Pivot Table'!$A$28,"DAY","Mon")+GETPIVOTDATA("Sum of INTERNATIONAL",'Pivot Table'!$A$40,"DAY","Mon")+GETPIVOTDATA("Sum of INTERNATIONAL",'Pivot Table'!$A$52,"DAY","Mon")+GETPIVOTDATA("Sum of INTERNATIONAL",'Pivot Table'!$A$64,"DAY","Mon")+GETPIVOTDATA("Sum of INTERNATIONAL",'Pivot Table'!$A$76,"DAY","Mon")+GETPIVOTDATA("Sum of INTERNATIONAL",'Pivot Table'!$A$88,"DAY","Mon")+GETPIVOTDATA("Sum of INTERNATIONAL",'Pivot Table'!$A$100,"DAY","Mon")+GETPIVOTDATA("Sum of INTERNATIONAL",'Pivot Table'!$A$112,"DAY","Mon")+GETPIVOTDATA("Sum of INTERNATIONAL",'Pivot Table'!$A$124,"DAY","Mon")+GETPIVOTDATA("Sum of INTERNATIONAL",'Pivot Table'!$A$136,"DAY","Mon") -> 54 | E15: International | F15: =GETPIVOTDATA("Sum of INTERNATIONAL",'Pivot Table'!$A$4,"DAY","Tue") +GETPIVOTDATA("Sum of INTERNATIONAL",'Pivot Table'!$A$16,"DAY","Tue") +GETPIVOTDATA("Sum of INTERNATIONAL",'Pivot Table'!$A$28,"DAY","Tue") +GETPIVOTDATA("Sum of INTERNATIONAL",'Pivot Table'!$A$40,"DAY","Tue") +GETPIVOTDATA("Sum of INTERNATIONAL",'Pivot Table'!$A$52,"DAY","Tue") +GETPIVOTDATA("Sum of INTERNATIONAL",'Pivot Table'!$A$64,"DAY","Tue") +GETPIVOTDATA("Sum of INTERNATIONAL",'Pivot Table'!$A$76,"DAY","Tue") +GETPIVOTDATA("Sum of INTERNATIONAL",'Pivot Table'!$A$88,"DAY","Tue") +GETPIVOTDATA("Sum of INTERNATIONAL",'Pivot Table'!$A$100,"DAY","Tue") +GETPIVOTDATA("Sum of INTERNATIONAL",'Pivot Table'!$A$112,"DAY","Tue") +GETPIVOTDATA("Sum of INTERNATIONAL",'Pivot Table'!$A$124,"DAY","Tue") +GETPIVOTDATA("Sum of INTERNATIONAL",'Pivot Table'!$A$136,"DAY","Tue") -> 8 | H15: International | I15: =GETPIVOTDATA("Sum of INTERNATIONAL",'Pivot Table'!$A$4,"DAY","Wed") +GETPIVOTDATA("Sum of INTERNATIONAL",'Pivot Table'!$A$16,"DAY","Wed") +GETPIVOTDATA("Sum of INTERNATIONAL",'Pivot Table'!$A$28,"DAY","Wed") +GETPIVOTDATA("Sum of INTERNATIONAL",'Pivot Table'!$A$40,"DAY","Wed") +GETPIVOTDATA("Sum of INTERNATIONAL",'Pivot Table'!$A$52,"DAY","Wed") +GETPIVOTDATA("Sum of INTERNATIONAL",'Pivot Table'!$A$64,"DAY","Wed") +GETPIVOTDATA("Sum of INTERNATIONAL",'Pivot Table'!$A$76,"DAY","Wed") +GETPIVOTDATA("Sum of INTERNATIONAL",'Pivot Table'!$A$88,"DAY","Wed") +GETPIVOTDATA("Sum of INTERNATIONAL",'Pivot Table'!$A$100,"DAY","Wed") +GETPIVOTDATA("Sum of INTERNATIONAL",'Pivot Table'!$A$112,"DAY","Wed") +GETPIVOTDATA("Sum of INTERNATIONAL",'Pivot Table'!$A$124,"DAY","Wed") +GETPIVOTDATA("Sum of INTERNATIONAL",'Pivot Table'!$A$136,"DAY","Wed") -> 82 | K15: International | L15: =GETPIVOTDATA("Sum of INTERNATIONAL",'Pivot Table'!$A$4,"DAY","Thu") +GETPIVOTDATA("Sum of INTERNATIONAL",'Pivot Table'!$A$16,"DAY","Thu") +GETPIVOTDATA("Sum of INTERNATIONAL",'Pivot Table'!$A$28,"DAY","Thu") +GETPIVOTDATA("Sum of INTERNATIONAL",'Pivot Table'!$A$40,"DAY","Thu") +GETPIVOTDATA("Sum of INTERNATIONAL",'Pivot Table'!$A$52,"DAY","Thu") +GETPIVOTDATA("Sum of INTERNATIONAL",'Pivot Table'!$A$64,"DAY","Thu") +GETPIVOTDATA("Sum of INTERNATIONAL",'Pivot Table'!$A$76,"DAY","Thu") +GETPIVOTDATA("Sum of INTERNATIONAL",'Pivot Table'!$A$88,"DAY","Thu") +GETPIVOTDATA("Sum of INTERNATIONAL",'Pivot Table'!$A$100,"DAY","Thu") +GETPIVOTDATA("Sum of INTERNATIONAL",'Pivot Table'!$A$112,"DAY","Thu") +GETPIVOTDATA("Sum of INTERNATIONAL",'Pivot Table'!$A$124,"DAY","Thu") +GETPIVOTDATA("Sum of INTERNATIONAL",'Pivot Table'!$A$136,"DAY","Thu") -> 3 | N15: International | O15: =GETPIVOTDATA("Sum of INTERNATIONAL",'Pivot Table'!$A$4,"DAY","Fri") +GETPIVOTDATA("Sum of INTERNATIONAL",'Pivot Table'!$A$16,"DAY","Fri") +GETPIVOTDATA("Sum of INTERNATIONAL",'Pivot Table'!$A$28,"DAY","Fri") +GETPIVOTDATA("Sum of INTERNATIONAL",'Pivot Table'!$A$40,"DAY","Fri") +GETPIVOTDATA("Sum of INTERNATIONAL",'Pivot Table'!$A$52,"DAY","Fri") +GETPIVOTDATA("Sum of INTERNATIONAL",'Pivot Table'!$A$64,"DAY","Fri") +GETPIVOTDATA("Sum of INTERNATIONAL",'Pivot Table'!$A$76,"DAY","Fri") +GETPIVOTDATA("Sum of INTERNATIONAL",'Pivot Table'!$A$88,"DAY","Fri") +GETPIVOTDATA("Sum of INTERNATIONAL",'Pivot Table'!$A$100,"DAY","Fri") +GETPIVOTDATA("Sum of INTERNATIONAL",'Pivot Table'!$A$112,"DAY","Fri") +GETPIVOTDATA("Sum of INTERNATIONAL",'Pivot Table'!$A$124,"DAY","Fri") +GETPIVOTDATA("Sum of INTERNATIONAL",'Pivot Table'!$A$136,"DAY","Fri") -> 20 | Q15: International | R15: =GETPIVOTDATA("Sum of INTERNATIONAL",'Pivot Table'!$A$4,"DAY","Sat") +GETPIVOTDATA("Sum of INTERNATIONAL",'Pivot Table'!$A$16,"DAY","Sat") +GETPIVOTDATA("Sum of INTERNATIONAL",'Pivot Table'!$A$28,"DAY","Sat") +GETPIVOTDATA("Sum of INTERNATIONAL",'Pivot Table'!$A$40,"DAY","Sat") +GETPIVOTDATA("Sum of INTERNATIONAL",'Pivot Table'!$A$52,"DAY","Sat") +GETPIVOTDATA("Sum of INTERNATIONAL",'Pivot Table'!$A$64,"DAY","Sat") +GETPIVOTDATA("Sum of INTERNATIONAL",'Pivot Table'!$A$76,"DAY","Sat") +GETPIVOTDATA("Sum of INTERNATIONAL",'Pivot Table'!$A$88,"DAY","Sat") +GETPIVOTDATA("Sum of INTERNATIONAL",'Pivot Table'!$A$100,"DAY","Sat") +GETPIVOTDATA("Sum of INTERNATIONAL",'Pivot Table'!$A$112,"DAY","Sat") +GETPIVOTDATA("Sum of INTERNATIONAL",'Pivot Table'!$A$124,"DAY","Sat") +GETPIVOTDATA("Sum of INTERNATIONAL",'Pivot Table'!$A$136,"DAY","Sat") -> 0 | T15: International | U15: =GETPIVOTDATA("Sum of INTERNATIONAL",'Pivot Table'!$A$4,"DAY","Sun") +GETPIVOTDATA("Sum of INTERNATIONAL",'Pivot Table'!$A$16,"DAY","Sun") +GETPIVOTDATA("Sum of INTERNATIONAL",'Pivot Table'!$A$28,"DAY","Sun") +GETPIVOTDATA("Sum of INTERNATIONAL",'Pivot Table'!$A$40,"DAY","Sun") +GETPIVOTDATA("Sum of INTERNATIONAL",'Pivot Table'!$A$52,"DAY","Sun") +GETPIVOTDATA("Sum of INTERNATIONAL",'Pivot Table'!$A$64,"DAY","Sun") +GETPIVOTDATA("Sum of INTERNATIONAL",'Pivot Table'!$A$76,"DAY","Sun") +GETPIVOTDATA("Sum of INTERNATIONAL",'Pivot Table'!$A$88,"DAY","Sun") +GETPIVOTDATA("Sum of INTERNATIONAL",'Pivot Table'!$A$100,"DAY","Sun") +GETPIVOTDATA("Sum of INTERNATIONAL",'Pivot Table'!$A$112,"DAY","Sun") +GETPIVOTDATA("Sum of INTERNATIONAL",'Pivot Table'!$A$124,"DAY","Sun") +GETPIVOTDATA("Sum of INTERNATIONAL",'Pivot Table'!$A$136,"DAY","Sun") -> 1
B16: Industry Guest | C16: =GETPIVOTDATA("Sum of INDUSTRY GUEST",'Pivot Table'!$A$4,"DAY","Mon")+GETPIVOTDATA("Sum of INDUSTRY GUEST",'Pivot Table'!$A$16,"DAY","Mon")+GETPIVOTDATA("Sum of INDUSTRY GUEST",'Pivot Table'!$A$28,"DAY","Mon")+GETPIVOTDATA("Sum of INDUSTRY GUEST",'Pivot Table'!$A$40,"DAY","Mon")+GETPIVOTDATA("Sum of INDUSTRY GUEST",'Pivot Table'!$A$52,"DAY","Mon")+GETPIVOTDATA("Sum of INDUSTRY GUEST",'Pivot Table'!$A$64,"DAY","Mon")+GETPIVOTDATA("Sum of INDUSTRY GUEST",'Pivot Table'!$A$76,"DAY","Mon")+GETPIVOTDATA("Sum of INDUSTRY GUEST",'Pivot Table'!$A$88,"DAY","Mon")+GETPIVOTDATA("Sum of INDUSTRY GUEST",'Pivot Table'!$A$100,"DAY","Mon")+GETPIVOTDATA("Sum of INDUSTRY GUEST",'Pivot Table'!$A$112,"DAY","Mon")+GETPIVOTDATA("Sum of INDUSTRY GUEST",'Pivot Table'!$A$124,"DAY","Mon")+GETPIVOTDATA("Sum of INDUSTRY GUEST",'Pivot Table'!$A$136,"DAY","Mon") -> 7 | E16: Industry Guest | F16: =GETPIVOTDATA("Sum of INDUSTRY GUEST",'Pivot Table'!$A$4,"DAY","Tue") +GETPIVOTDATA("Sum of INDUSTRY GUEST",'Pivot Table'!$A$16,"DAY","Tue") +GETPIVOTDATA("Sum of INDUSTRY GUEST",'Pivot Table'!$A$28,"DAY","Tue") +GETPIVOTDATA("Sum of INDUSTRY GUEST",'Pivot Table'!$A$40,"DAY","Tue") +GETPIVOTDATA("Sum of INDUSTRY GUEST",'Pivot Table'!$A$52,"DAY","Tue") +GETPIVOTDATA("Sum of INDUSTRY GUEST",'Pivot Table'!$A$64,"DAY","Tue") +GETPIVOTDATA("Sum of INDUSTRY GUEST",'Pivot Table'!$A$76,"DAY","Tue") +GETPIVOTDATA("Sum of INDUSTRY GUEST",'Pivot Table'!$A$88,"DAY","Tue") +GETPIVOTDATA("Sum of INDUSTRY GUEST",'Pivot Table'!$A$100,"DAY","Tue") +GETPIVOTDATA("Sum of INDUSTRY GUEST",'Pivot Table'!$A$112,"DAY","Tue") +GETPIVOTDATA("Sum of INDUSTRY GUEST",'Pivot Table'!$A$124,"DAY","Tue") +GETPIVOTDATA("Sum of INDUSTRY GUEST",'Pivot Table'!$A$136,"DAY","Tue") -> 3 | H16: Industry Guest | I16: =GETPIVOTDATA("Sum of INDUSTRY GUEST",'Pivot Table'!$A$4,"DAY","Wed") +GETPIVOTDATA("Sum of INDUSTRY GUEST",'Pivot Table'!$A$16,"DAY","Wed") +GETPIVOTDATA("Sum of INDUSTRY GUEST",'Pivot Table'!$A$28,"DAY","Wed") +GETPIVOTDATA("Sum of INDUSTRY GUEST",'Pivot Table'!$A$40,"DAY","Wed") +GETPIVOTDATA("Sum of INDUSTRY GUEST",'Pivot Table'!$A$52,"DAY","Wed") +GETPIVOTDATA("Sum of INDUSTRY GUEST",'Pivot Table'!$A$64,"DAY","Wed") +GETPIVOTDATA("Sum of INDUSTRY GUEST",'Pivot Table'!$A$76,"DAY","Wed") +GETPIVOTDATA("Sum of INDUSTRY GUEST",'Pivot Table'!$A$88,"DAY","Wed") +GETPIVOTDATA("Sum of INDUSTRY GUEST",'Pivot Table'!$A$100,"DAY","Wed") +GETPIVOTDATA("Sum of INDUSTRY GUEST",'Pivot Table'!$A$112,"DAY","Wed") +GETPIVOTDATA("Sum of INDUSTRY GUEST",'Pivot Table'!$A$124,"DAY","Wed") +GETPIVOTDATA("Sum of INDUSTRY GUEST",'Pivot Table'!$A$136,"DAY","Wed") -> 5 | K16: Industry Guest | L16: =GETPIVOTDATA("Sum of INDUSTRY GUEST",'Pivot Table'!$A$4,"DAY","Thu") +GETPIVOTDATA("Sum of INDUSTRY GUEST",'Pivot Table'!$A$16,"DAY","Thu") +GETPIVOTDATA("Sum of INDUSTRY GUEST",'Pivot Table'!$A$28,"DAY","Thu") +GETPIVOTDATA("Sum of INDUSTRY GUEST",'Pivot Table'!$A$40,"DAY","Thu") +GETPIVOTDATA("Sum of INDUSTRY GUEST",'Pivot Table'!$A$52,"DAY","Thu") +GETPIVOTDATA("Sum of INDUSTRY GUEST",'Pivot Table'!$A$64,"DAY","Thu") +GETPIVOTDATA("Sum of INDUSTRY GUEST",'Pivot Table'!$A$76,"DAY","Thu") +GETPIVOTDATA("Sum of INDUSTRY GUEST",'Pivot Table'!$A$88,"DAY","Thu") +GETPIVOTDATA("Sum of INDUSTRY GUEST",'Pivot Table'!$A$100,"DAY","Thu") +GETPIVOTDATA("Sum of INDUSTRY GUEST",'Pivot Table'!$A$112,"DAY","Thu") +GETPIVOTDATA("Sum of INDUSTRY GUEST",'Pivot Table'!$A$124,"DAY","Thu") +GETPIVOTDATA("Sum of INDUSTRY GUEST",'Pivot Table'!$A$136,"DAY","Thu") -> 0 | N16: Industry Guest | O16: =GETPIVOTDATA("Sum of INDUSTRY GUEST",'Pivot Table'!$A$4,"DAY","Fri") +GETPIVOTDATA("Sum of INDUSTRY GUEST",'Pivot Table'!$A$16,"DAY","Fri") +GETPIVOTDATA("Sum of INDUSTRY GUEST",'Pivot Table'!$A$28,"DAY","Fri") +GETPIVOTDATA("Sum of INDUSTRY GUEST",'Pivot Table'!$A$40,"DAY","Fri") +GETPIVOTDATA("Sum of INDUSTRY GUEST",'Pivot Table'!$A$52,"DAY","Fri") +GETPIVOTDATA("Sum of INDUSTRY GUEST",'Pivot Table'!$A$64,"DAY","Fri") +GETPIVOTDATA("Sum of INDUSTRY GUEST",'Pivot Table'!$A$76,"DAY","Fri") +GETPIVOTDATA("Sum of INDUSTRY GUEST",'Pivot Table'!$A$88,"DAY","Fri") +GETPIVOTDATA("Sum of INDUSTRY GUEST",'Pivot Table'!$A$100,"DAY","Fri") +GETPIVOTDATA("Sum of INDUSTRY GUEST",'Pivot Table'!$A$112,"DAY","Fri") +GETPIVOTDATA("Sum of INDUSTRY GUEST",'Pivot Table'!$A$124,"DAY","Fri") +GETPIVOTDATA("Sum of INDUSTRY GUEST",'Pivot Table'!$A$136,"DAY","Fri") -> 3 | Q16: Industry Guest | R16: =GETPIVOTDATA("Sum of INDUSTRY GUEST",'Pivot Table'!$A$4,"DAY","Sat") +GETPIVOTDATA("Sum of INDUSTRY GUEST",'Pivot Table'!$A$16,"DAY","Sat") +GETPIVOTDATA("Sum of INDUSTRY GUEST",'Pivot Table'!$A$28,"DAY","Sat") +GETPIVOTDATA("Sum of INDUSTRY GUEST",'Pivot Table'!$A$40,"DAY","Sat") +GETPIVOTDATA("Sum of INDUSTRY GUEST",'Pivot Table'!$A$52,"DAY","Sat") +GETPIVOTDATA("Sum of INDUSTRY GUEST",'Pivot Table'!$A$64,"DAY","Sat") +GETPIVOTDATA("Sum of INDUSTRY GUEST",'Pivot Table'!$A$76,"DAY","Sat") +GETPIVOTDATA("Sum of INDUSTRY GUEST",'Pivot Table'!$A$88,"DAY","Sat") +GETPIVOTDATA("Sum of INDUSTRY GUEST",'Pivot Table'!$A$100,"DAY","Sat") +GETPIVOTDATA("Sum of INDUSTRY GUEST",'Pivot Table'!$A$112,"DAY","Sat") +GETPIVOTDATA("Sum of INDUSTRY GUEST",'Pivot Table'!$A$124,"DAY","Sat") +GETPIVOTDATA("Sum of INDUSTRY GUEST",'Pivot Table'!$A$136,"DAY","Sat") -> 0 | T16: Industry Guest | U16: =GETPIVOTDATA("Sum of INDUSTRY GUEST",'Pivot Table'!$A$4,"DAY","Sun") +GETPIVOTDATA("Sum of INDUSTRY GUEST",'Pivot Table'!$A$16,"DAY","Sun") +GETPIVOTDATA("Sum of INDUSTRY GUEST",'Pivot Table'!$A$28,"DAY","Sun") +GETPIVOTDATA("Sum of INDUSTRY GUEST",'Pivot Table'!$A$40,"DAY","Sun") +GETPIVOTDATA("Sum of INDUSTRY GUEST",'Pivot Table'!$A$52,"DAY","Sun") +GETPIVOTDATA("Sum of INDUSTRY GUEST",'Pivot Table'!$A$64,"DAY","Sun") +GETPIVOTDATA("Sum of INDUSTRY GUEST",'Pivot Table'!$A$76,"DAY","Sun") +GETPIVOTDATA("Sum of INDUSTRY GUEST",'Pivot Table'!$A$88,"DAY","Sun") +GETPIVOTDATA("Sum of INDUSTRY GUEST",'Pivot Table'!$A$100,"DAY","Sun") +GETPIVOTDATA("Sum of INDUSTRY GUEST",'Pivot Table'!$A$112,"DAY","Sun") +GETPIVOTDATA("Sum of INDUSTRY GUEST",'Pivot Table'!$A$124,"DAY","Sun") +GETPIVOTDATA("Sum of INDUSTRY GUEST",'Pivot Table'!$A$136,"DAY","Sun") -> 1
B17: Member Intro | C17: =GETPIVOTDATA("Sum of MEMB GUEST MICLUB",'Pivot Table'!$A$4,"DAY","Mon")+GETPIVOTDATA("Sum of MEMB GUEST MICLUB",'Pivot Table'!$A$16,"DAY","Mon")+GETPIVOTDATA("Sum of MEMB GUEST MICLUB",'Pivot Table'!$A$28,"DAY","Mon")+GETPIVOTDATA("Sum of MEMB GUEST MICLUB",'Pivot Table'!$A$40,"DAY","Mon")+GETPIVOTDATA("Sum of MEMB GUEST MICLUB",'Pivot Table'!$A$52,"DAY","Mon")+GETPIVOTDATA("Sum of MEMB GUEST MICLUB",'Pivot Table'!$A$64,"DAY","Mon")+GETPIVOTDATA("Sum of MEMB GUEST MICLUB",'Pivot Table'!$A$76,"DAY","Mon")+GETPIVOTDATA("Sum of MEMB GUEST MICLUB",'Pivot Table'!$A$88,"DAY","Mon")+GETPIVOTDATA("Sum of MEMB GUEST MICLUB",'Pivot Table'!$A$100,"DAY","Mon")+GETPIVOTDATA("Sum of MEMB GUEST MICLUB",'Pivot Table'!$A$112,"DAY","Mon")+GETPIVOTDATA("Sum of MEMB GUEST MICLUB",'Pivot Table'!$A$124,"DAY","Mon")+GETPIVOTDATA("Sum of MEMB GUEST MICLUB",'Pivot Table'!$A$136,"DAY","Mon") -> 160 | E17: Member Intro | F17: =GETPIVOTDATA("Sum of MEMB GUEST MICLUB",'Pivot Table'!$A$4,"DAY","Tue") +GETPIVOTDATA("Sum of MEMB GUEST MICLUB",'Pivot Table'!$A$16,"DAY","Tue") +GETPIVOTDATA("Sum of MEMB GUEST MICLUB",'Pivot Table'!$A$28,"DAY","Tue") +GETPIVOTDATA("Sum of MEMB GUEST MICLUB",'Pivot Table'!$A$40,"DAY","Tue") +GETPIVOTDATA("Sum of MEMB GUEST MICLUB",'Pivot Table'!$A$52,"DAY","Tue") +GETPIVOTDATA("Sum of MEMB GUEST MICLUB",'Pivot Table'!$A$64,"DAY","Tue") +GETPIVOTDATA("Sum of MEMB GUEST MICLUB",'Pivot Table'!$A$76,"DAY","Tue") +GETPIVOTDATA("Sum of MEMB GUEST MICLUB",'Pivot Table'!$A$88,"DAY","Tue") +GETPIVOTDATA("Sum of MEMB GUEST MICLUB",'Pivot Table'!$A$100,"DAY","Tue") +GETPIVOTDATA("Sum of MEMB GUEST MICLUB",'Pivot Table'!$A$112,"DAY","Tue") +GETPIVOTDATA("Sum of MEMB GUEST MICLUB",'Pivot Table'!$A$124,"DAY","Tue") +GETPIVOTDATA("Sum of MEMB GUEST MICLUB",'Pivot Table'!$A$136,"DAY","Tue") -> 33 | H17: Member Intro | I17: =GETPIVOTDATA("Sum of MEMB GUEST MICLUB",'Pivot Table'!$A$4,"DAY","Wed") +GETPIVOTDATA("Sum of MEMB GUEST MICLUB",'Pivot Table'!$A$16,"DAY","Wed") +GETPIVOTDATA("Sum of MEMB GUEST MICLUB",'Pivot Table'!$A$28,"DAY","Wed") +GETPIVOTDATA("Sum of MEMB GUEST MICLUB",'Pivot Table'!$A$40,"DAY","Wed") +GETPIVOTDATA("Sum of MEMB GUEST MICLUB",'Pivot Table'!$A$52,"DAY","Wed") +GETPIVOTDATA("Sum of MEMB GUEST MICLUB",'Pivot Table'!$A$64,"DAY","Wed") +GETPIVOTDATA("Sum of MEMB GUEST MICLUB",'Pivot Table'!$A$76,"DAY","Wed") +GETPIVOTDATA("Sum of MEMB GUEST MICLUB",'Pivot Table'!$A$88,"DAY","Wed") +GETPIVOTDATA("Sum of MEMB GUEST MICLUB",'Pivot Table'!$A$100,"DAY","Wed") +GETPIVOTDATA("Sum of MEMB GUEST MICLUB",'Pivot Table'!$A$112,"DAY","Wed") +GETPIVOTDATA("Sum of MEMB GUEST MICLUB",'Pivot Table'!$A$124,"DAY","Wed") +GETPIVOTDATA("Sum of MEMB GUEST MICLUB",'Pivot Table'!$A$136,"DAY","Wed") -> 149 | K17: Member Intro | L17: =GETPIVOTDATA("Sum of MEMB GUEST MICLUB",'Pivot Table'!$A$4,"DAY","Thu") +GETPIVOTDATA("Sum of MEMB GUEST MICLUB",'Pivot Table'!$A$16,"DAY","Thu") +GETPIVOTDATA("Sum of MEMB GUEST MICLUB",'Pivot Table'!$A$28,"DAY","Thu") +GETPIVOTDATA("Sum of MEMB GUEST MICLUB",'Pivot Table'!$A$40,"DAY","Thu") +GETPIVOTDATA("Sum of MEMB GUEST MICLUB",'Pivot Table'!$A$52,"DAY","Thu") +GETPIVOTDATA("Sum of MEMB GUEST MICLUB",'Pivot Table'!$A$64,"DAY","Thu") +GETPIVOTDATA("Sum of MEMB GUEST MICLUB",'Pivot Table'!$A$76,"DAY","Thu") +GETPIVOTDATA("Sum of MEMB GUEST MICLUB",'Pivot Table'!$A$88,"DAY","Thu") +GETPIVOTDATA("Sum of MEMB GUEST MICLUB",'Pivot Table'!$A$100,"DAY","Thu") +GETPIVOTDATA("Sum of MEMB GUEST MICLUB",'Pivot Table'!$A$112,"DAY","Thu") +GETPIVOTDATA("Sum of MEMB GUEST MICLUB",'Pivot Table'!$A$124,"DAY","Thu") +GETPIVOTDATA("Sum of MEMB GUEST MICLUB",'Pivot Table'!$A$136,"DAY","Thu") -> 93 | N17: Member Intro | O17: =GETPIVOTDATA("Sum of MEMB GUEST MICLUB",'Pivot Table'!$A$4,"DAY","Fri") +GETPIVOTDATA("Sum of MEMB GUEST MICLUB",'Pivot Table'!$A$16,"DAY","Fri") +GETPIVOTDATA("Sum of MEMB GUEST MICLUB",'Pivot Table'!$A$28,"DAY","Fri") +GETPIVOTDATA("Sum of MEMB GUEST MICLUB",'Pivot Table'!$A$40,"DAY","Fri") +GETPIVOTDATA("Sum of MEMB GUEST MICLUB",'Pivot Table'!$A$52,"DAY","Fri") +GETPIVOTDATA("Sum of MEMB GUEST MICLUB",'Pivot Table'!$A$64,"DAY","Fri") +GETPIVOTDATA("Sum of MEMB GUEST MICLUB",'Pivot Table'!$A$76,"DAY","Fri") +GETPIVOTDATA("Sum of MEMB GUEST MICLUB",'Pivot Table'!$A$88,"DAY","Fri") +GETPIVOTDATA("Sum of MEMB GUEST MICLUB",'Pivot Table'!$A$100,"DAY","Fri") +GETPIVOTDATA("Sum of MEMB GUEST MICLUB",'Pivot Table'!$A$112,"DAY","Fri") +GETPIVOTDATA("Sum of MEMB GUEST MICLUB",'Pivot Table'!$A$124,"DAY","Fri") +GETPIVOTDATA("Sum of MEMB GUEST MICLUB",'Pivot Table'!$A$136,"DAY","Fri") -> 349 | Q17: Member Intro | R17: =GETPIVOTDATA("Sum of MEMB GUEST MICLUB",'Pivot Table'!$A$4,"DAY","Sat") +GETPIVOTDATA("Sum of MEMB GUEST MICLUB",'Pivot Table'!$A$16,"DAY","Sat") +GETPIVOTDATA("Sum of MEMB GUEST MICLUB",'Pivot Table'!$A$28,"DAY","Sat") +GETPIVOTDATA("Sum of MEMB GUEST MICLUB",'Pivot Table'!$A$40,"DAY","Sat") +GETPIVOTDATA("Sum of MEMB GUEST MICLUB",'Pivot Table'!$A$52,"DAY","Sat") +GETPIVOTDATA("Sum of MEMB GUEST MICLUB",'Pivot Table'!$A$64,"DAY","Sat") +GETPIVOTDATA("Sum of MEMB GUEST MICLUB",'Pivot Table'!$A$76,"DAY","Sat") +GETPIVOTDATA("Sum of MEMB GUEST MICLUB",'Pivot Table'!$A$88,"DAY","Sat") +GETPIVOTDATA("Sum of MEMB GUEST MICLUB",'Pivot Table'!$A$100,"DAY","Sat") +GETPIVOTDATA("Sum of MEMB GUEST MICLUB",'Pivot Table'!$A$112,"DAY","Sat") +GETPIVOTDATA("Sum of MEMB GUEST MICLUB",'Pivot Table'!$A$124,"DAY","Sat") +GETPIVOTDATA("Sum of MEMB GUEST MICLUB",'Pivot Table'!$A$136,"DAY","Sat") -> 0 | T17: Member Intro | U17: =GETPIVOTDATA("Sum of MEMB GUEST MICLUB",'Pivot Table'!$A$4,"DAY","Sun") +GETPIVOTDATA("Sum of MEMB GUEST MICLUB",'Pivot Table'!$A$16,"DAY","Sun") +GETPIVOTDATA("Sum of MEMB GUEST MICLUB",'Pivot Table'!$A$28,"DAY","Sun") +GETPIVOTDATA("Sum of MEMB GUEST MICLUB",'Pivot Table'!$A$40,"DAY","Sun") +GETPIVOTDATA("Sum of MEMB GUEST MICLUB",'Pivot Table'!$A$52,"DAY","Sun") +GETPIVOTDATA("Sum of MEMB GUEST MICLUB",'Pivot Table'!$A$64,"DAY","Sun") +GETPIVOTDATA("Sum of MEMB GUEST MICLUB",'Pivot Table'!$A$76,"DAY","Sun") +GETPIVOTDATA("Sum of MEMB GUEST MICLUB",'Pivot Table'!$A$88,"DAY","Sun") +GETPIVOTDATA("Sum of MEMB GUEST MICLUB",'Pivot Table'!$A$100,"DAY","Sun") +GETPIVOTDATA("Sum of MEMB GUEST MICLUB",'Pivot Table'!$A$112,"DAY","Sun") +GETPIVOTDATA("Sum of MEMB GUEST MICLUB",'Pivot Table'!$A$124,"DAY","Sun") +GETPIVOTDATA("Sum of MEMB GUEST MICLUB",'Pivot Table'!$A$136,"DAY","Sun") -> 227
B18: Member Guest Unaccompanied | C18: =GETPIVOTDATA("Sum of MEMB GUEST UNACCOMPANIED",'Pivot Table'!$A$4,"DAY","Mon")+GETPIVOTDATA("Sum of MEMB GUEST UNACCOMPANIED",'Pivot Table'!$A$16,"DAY","Mon")+GETPIVOTDATA("Sum of MEMB GUEST UNACCOMPANIED",'Pivot Table'!$A$28,"DAY","Mon")+GETPIVOTDATA("Sum of MEMB GUEST UNACCOMPANIED",'Pivot Table'!$A$40,"DAY","Mon")+GETPIVOTDATA("Sum of MEMB GUEST UNACCOMPANIED",'Pivot Table'!$A$52,"DAY","Mon")+GETPIVOTDATA("Sum of MEMB GUEST UNACCOMPANIED",'Pivot Table'!$A$64,"DAY","Mon")+GETPIVOTDATA("Sum of MEMB GUEST UNACCOMPANIED",'Pivot Table'!$A$76,"DAY","Mon")+GETPIVOTDATA("Sum of MEMB GUEST UNACCOMPANIED",'Pivot Table'!$A$88,"DAY","Mon")+GETPIVOTDATA("Sum of MEMB GUEST UNACCOMPANIED",'Pivot Table'!$A$100,"DAY","Mon")+GETPIVOTDATA("Sum of MEMB GUEST UNACCOMPANIED",'Pivot Table'!$A$112,"DAY","Mon")+GETPIVOTDATA("Sum of MEMB GUEST UNACCOMPANIED",'Pivot Table'!$A$124,"DAY","Mon")+GETPIVOTDATA("Sum of MEMB GUEST UNACCOMPANIED",'Pivot Table'!$A$136,"DAY","Mon") -> 4 | E18: Member Guest Unaccompanied | F18: =GETPIVOTDATA("Sum of MEMB GUEST UNACCOMPANIED",'Pivot Table'!$A$4,"DAY","Tue") +GETPIVOTDATA("Sum of MEMB GUEST UNACCOMPANIED",'Pivot Table'!$A$16,"DAY","Tue") +GETPIVOTDATA("Sum of MEMB GUEST UNACCOMPANIED",'Pivot Table'!$A$28,"DAY","Tue") +GETPIVOTDATA("Sum of MEMB GUEST UNACCOMPANIED",'Pivot Table'!$A$40,"DAY","Tue") +GETPIVOTDATA("Sum of MEMB GUEST UNACCOMPANIED",'Pivot Table'!$A$52,"DAY","Tue") +GETPIVOTDATA("Sum of MEMB GUEST UNACCOMPANIED",'Pivot Table'!$A$64,"DAY","Tue") +GETPIVOTDATA("Sum of MEMB GUEST UNACCOMPANIED",'Pivot Table'!$A$76,"DAY","Tue") +GETPIVOTDATA("Sum of MEMB GUEST UNACCOMPANIED",'Pivot Table'!$A$88,"DAY","Tue") +GETPIVOTDATA("Sum of MEMB GUEST UNACCOMPANIED",'Pivot Table'!$A$100,"DAY","Tue") +GETPIVOTDATA("Sum of MEMB GUEST UNACCOMPANIED",'Pivot Table'!$A$112,"DAY","Tue") +GETPIVOTDATA("Sum of MEMB GUEST UNACCOMPANIED",'Pivot Table'!$A$124,"DAY","Tue") +GETPIVOTDATA("Sum of MEMB GUEST UNACCOMPANIED",'Pivot Table'!$A$136,"DAY","Tue") -> 1 | H18: Member Guest Unaccompanied | I18: =GETPIVOTDATA("Sum of MEMB GUEST UNACCOMPANIED",'Pivot Table'!$A$4,"DAY","Wed") +GETPIVOTDATA("Sum of MEMB GUEST UNACCOMPANIED",'Pivot Table'!$A$16,"DAY","Wed") +GETPIVOTDATA("Sum of MEMB GUEST UNACCOMPANIED",'Pivot Table'!$A$28,"DAY","Wed") +GETPIVOTDATA("Sum of MEMB GUEST UNACCOMPANIED",'Pivot Table'!$A$40,"DAY","Wed") +GETPIVOTDATA("Sum of MEMB GUEST UNACCOMPANIED",'Pivot Table'!$A$52,"DAY","Wed") +GETPIVOTDATA("Sum of MEMB GUEST UNACCOMPANIED",'Pivot Table'!$A$64,"DAY","Wed") +GETPIVOTDATA("Sum of MEMB GUEST UNACCOMPANIED",'Pivot Table'!$A$76,"DAY","Wed") +GETPIVOTDATA("Sum of MEMB GUEST UNACCOMPANIED",'Pivot Table'!$A$88,"DAY","Wed") +GETPIVOTDATA("Sum of MEMB GUEST UNACCOMPANIED",'Pivot Table'!$A$100,"DAY","Wed") +GETPIVOTDATA("Sum of MEMB GUEST UNACCOMPANIED",'Pivot Table'!$A$112,"DAY","Wed") +GETPIVOTDATA("Sum of MEMB GUEST UNACCOMPANIED",'Pivot Table'!$A$124,"DAY","Wed") +GETPIVOTDATA("Sum of MEMB GUEST UNACCOMPANIED",'Pivot Table'!$A$136,"DAY","Wed") -> 5 | K18: Member Guest Unaccompanied | L18: =GETPIVOTDATA("Sum of MEMB GUEST UNACCOMPANIED",'Pivot Table'!$A$4,"DAY","Thu") +GETPIVOTDATA("Sum of MEMB GUEST UNACCOMPANIED",'Pivot Table'!$A$16,"DAY","Thu") +GETPIVOTDATA("Sum of MEMB GUEST UNACCOMPANIED",'Pivot Table'!$A$28,"DAY","Thu") +GETPIVOTDATA("Sum of MEMB GUEST UNACCOMPANIED",'Pivot Table'!$A$40,"DAY","Thu") +GETPIVOTDATA("Sum of MEMB GUEST UNACCOMPANIED",'Pivot Table'!$A$52,"DAY","Thu") +GETPIVOTDATA("Sum of MEMB GUEST UNACCOMPANIED",'Pivot Table'!$A$64,"DAY","Thu") +GETPIVOTDATA("Sum of MEMB GUEST UNACCOMPANIED",'Pivot Table'!$A$76,"DAY","Thu") +GETPIVOTDATA("Sum of MEMB GUEST UNACCOMPANIED",'Pivot Table'!$A$88,"DAY","Thu") +GETPIVOTDATA("Sum of MEMB GUEST UNACCOMPANIED",'Pivot Table'!$A$100,"DAY","Thu") +GETPIVOTDATA("Sum of MEMB GUEST UNACCOMPANIED",'Pivot Table'!$A$112,"DAY","Thu") +GETPIVOTDATA("Sum of MEMB GUEST UNACCOMPANIED",'Pivot Table'!$A$124,"DAY","Thu") +GETPIVOTDATA("Sum of MEMB GUEST UNACCOMPANIED",'Pivot Table'!$A$136,"DAY","Thu") -> 0 | N18: Member Guest Unaccompanied | O18: =GETPIVOTDATA("Sum of MEMB GUEST UNACCOMPANIED",'Pivot Table'!$A$4,"DAY","Fri") +GETPIVOTDATA("Sum of MEMB GUEST UNACCOMPANIED",'Pivot Table'!$A$16,"DAY","Fri") +GETPIVOTDATA("Sum of MEMB GUEST UNACCOMPANIED",'Pivot Table'!$A$28,"DAY","Fri") +GETPIVOTDATA("Sum of MEMB GUEST UNACCOMPANIED",'Pivot Table'!$A$40,"DAY","Fri") +GETPIVOTDATA("Sum of MEMB GUEST UNACCOMPANIED",'Pivot Table'!$A$52,"DAY","Fri") +GETPIVOTDATA("Sum of MEMB GUEST UNACCOMPANIED",'Pivot Table'!$A$64,"DAY","Fri") +GETPIVOTDATA("Sum of MEMB GUEST UNACCOMPANIED",'Pivot Table'!$A$76,"DAY","Fri") +GETPIVOTDATA("Sum of MEMB GUEST UNACCOMPANIED",'Pivot Table'!$A$88,"DAY","Fri") +GETPIVOTDATA("Sum of MEMB GUEST UNACCOMPANIED",'Pivot Table'!$A$100,"DAY","Fri") +GETPIVOTDATA("Sum of MEMB GUEST UNACCOMPANIED",'Pivot Table'!$A$112,"DAY","Fri") +GETPIVOTDATA("Sum of MEMB GUEST UNACCOMPANIED",'Pivot Table'!$A$124,"DAY","Fri") +GETPIVOTDATA("Sum of MEMB GUEST UNACCOMPANIED",'Pivot Table'!$A$136,"DAY","Fri") -> 3 | Q18: Member Guest Unaccompanied | R18: =GETPIVOTDATA("Sum of MEMB GUEST UNACCOMPANIED",'Pivot Table'!$A$4,"DAY","Sat") +GETPIVOTDATA("Sum of MEMB GUEST UNACCOMPANIED",'Pivot Table'!$A$16,"DAY","Sat") +GETPIVOTDATA("Sum of MEMB GUEST UNACCOMPANIED",'Pivot Table'!$A$28,"DAY","Sat") +GETPIVOTDATA("Sum of MEMB GUEST UNACCOMPANIED",'Pivot Table'!$A$40,"DAY","Sat") +GETPIVOTDATA("Sum of MEMB GUEST UNACCOMPANIED",'Pivot Table'!$A$52,"DAY","Sat") +GETPIVOTDATA("Sum of MEMB GUEST UNACCOMPANIED",'Pivot Table'!$A$64,"DAY","Sat") +GETPIVOTDATA("Sum of MEMB GUEST UNACCOMPANIED",'Pivot Table'!$A$76,"DAY","Sat") +GETPIVOTDATA("Sum of MEMB GUEST UNACCOMPANIED",'Pivot Table'!$A$88,"DAY","Sat") +GETPIVOTDATA("Sum of MEMB GUEST UNACCOMPANIED",'Pivot Table'!$A$100,"DAY","Sat") +GETPIVOTDATA("Sum of MEMB GUEST UNACCOMPANIED",'Pivot Table'!$A$112,"DAY","Sat") +GETPIVOTDATA("Sum of MEMB GUEST UNACCOMPANIED",'Pivot Table'!$A$124,"DAY","Sat") +GETPIVOTDATA("Sum of MEMB GUEST UNACCOMPANIED",'Pivot Table'!$A$136,"DAY","Sat") -> 0 | T18: Member Guest Unaccompanied | U18: =GETPIVOTDATA("Sum of MEMB GUEST UNACCOMPANIED",'Pivot Table'!$A$4,"DAY","Sun") +GETPIVOTDATA("Sum of MEMB GUEST UNACCOMPANIED",'Pivot Table'!$A$16,"DAY","Sun") +GETPIVOTDATA("Sum of MEMB GUEST UNACCOMPANIED",'Pivot Table'!$A$28,"DAY","Sun") +GETPIVOTDATA("Sum of MEMB GUEST UNACCOMPANIED",'Pivot Table'!$A$40,"DAY","Sun") +GETPIVOTDATA("Sum of MEMB GUEST UNACCOMPANIED",'Pivot Table'!$A$52,"DAY","Sun") +GETPIVOTDATA("Sum of MEMB GUEST UNACCOMPANIED",'Pivot Table'!$A$64,"DAY","Sun") +GETPIVOTDATA("Sum of MEMB GUEST UNACCOMPANIED",'Pivot Table'!$A$76,"DAY","Sun") +GETPIVOTDATA("Sum of MEMB GUEST UNACCOMPANIED",'Pivot Table'!$A$88,"DAY","Sun") +GETPIVOTDATA("Sum of MEMB GUEST UNACCOMPANIED",'Pivot Table'!$A$100,"DAY","Sun") +GETPIVOTDATA("Sum of MEMB GUEST UNACCOMPANIED",'Pivot Table'!$A$112,"DAY","Sun") +GETPIVOTDATA("Sum of MEMB GUEST UNACCOMPANIED",'Pivot Table'!$A$124,"DAY","Sun") +GETPIVOTDATA("Sum of MEMB GUEST UNACCOMPANIED",'Pivot Table'!$A$136,"DAY","Sun") -> 4
B19: Corporate | C19: =GETPIVOTDATA("Sum of CORPORATE",'Pivot Table'!$A$4,"DAY","Mon")+GETPIVOTDATA("Sum of CORPORATE",'Pivot Table'!$A$16,"DAY","Mon")+GETPIVOTDATA("Sum of CORPORATE",'Pivot Table'!$A$28,"DAY","Mon")+GETPIVOTDATA("Sum of CORPORATE",'Pivot Table'!$A$40,"DAY","Mon")+GETPIVOTDATA("Sum of CORPORATE",'Pivot Table'!$A$52,"DAY","Mon")+GETPIVOTDATA("Sum of CORPORATE",'Pivot Table'!$A$64,"DAY","Mon")+GETPIVOTDATA("Sum of CORPORATE",'Pivot Table'!$A$76,"DAY","Mon")+GETPIVOTDATA("Sum of CORPORATE",'Pivot Table'!$A$88,"DAY","Mon")+GETPIVOTDATA("Sum of CORPORATE",'Pivot Table'!$A$100,"DAY","Mon")+GETPIVOTDATA("Sum of CORPORATE",'Pivot Table'!$A$112,"DAY","Mon")+GETPIVOTDATA("Sum of CORPORATE",'Pivot Table'!$A$124,"DAY","Mon")+GETPIVOTDATA("Sum of CORPORATE",'Pivot Table'!$A$136,"DAY","Mon") -> 0 | E19: Corporate | F19: =GETPIVOTDATA("Sum of CORPORATE",'Pivot Table'!$A$4,"DAY","Tue") +GETPIVOTDATA("Sum of CORPORATE",'Pivot Table'!$A$16,"DAY","Tue") +GETPIVOTDATA("Sum of CORPORATE",'Pivot Table'!$A$28,"DAY","Tue") +GETPIVOTDATA("Sum of CORPORATE",'Pivot Table'!$A$40,"DAY","Tue") +GETPIVOTDATA("Sum of CORPORATE",'Pivot Table'!$A$52,"DAY","Tue") +GETPIVOTDATA("Sum of CORPORATE",'Pivot Table'!$A$64,"DAY","Tue") +GETPIVOTDATA("Sum of CORPORATE",'Pivot Table'!$A$76,"DAY","Tue") +GETPIVOTDATA("Sum of CORPORATE",'Pivot Table'!$A$88,"DAY","Tue") +GETPIVOTDATA("Sum of CORPORATE",'Pivot Table'!$A$100,"DAY","Tue") +GETPIVOTDATA("Sum of CORPORATE",'Pivot Table'!$A$112,"DAY","Tue") +GETPIVOTDATA("Sum of CORPORATE",'Pivot Table'!$A$124,"DAY","Tue") +GETPIVOTDATA("Sum of CORPORATE",'Pivot Table'!$A$136,"DAY","Tue") -> 0 | H19: Corporate | I19: =GETPIVOTDATA("Sum of CORPORATE",'Pivot Table'!$A$4,"DAY","Wed") +GETPIVOTDATA("Sum of CORPORATE",'Pivot Table'!$A$16,"DAY","Wed") +GETPIVOTDATA("Sum of CORPORATE",'Pivot Table'!$A$28,"DAY","Wed") +GETPIVOTDATA("Sum of CORPORATE",'Pivot Table'!$A$40,"DAY","Wed") +GETPIVOTDATA("Sum of CORPORATE",'Pivot Table'!$A$52,"DAY","Wed") +GETPIVOTDATA("Sum of CORPORATE",'Pivot Table'!$A$64,"DAY","Wed") +GETPIVOTDATA("Sum of CORPORATE",'Pivot Table'!$A$76,"DAY","Wed") +GETPIVOTDATA("Sum of CORPORATE",'Pivot Table'!$A$88,"DAY","Wed") +GETPIVOTDATA("Sum of CORPORATE",'Pivot Table'!$A$100,"DAY","Wed") +GETPIVOTDATA("Sum of CORPORATE",'Pivot Table'!$A$112,"DAY","Wed") +GETPIVOTDATA("Sum of CORPORATE",'Pivot Table'!$A$124,"DAY","Wed") +GETPIVOTDATA("Sum of CORPORATE",'Pivot Table'!$A$136,"DAY","Wed") -> 318 | K19: Corporate | L19: =GETPIVOTDATA("Sum of CORPORATE",'Pivot Table'!$A$4,"DAY","Thu") +GETPIVOTDATA("Sum of CORPORATE",'Pivot Table'!$A$16,"DAY","Thu") +GETPIVOTDATA("Sum of CORPORATE",'Pivot Table'!$A$28,"DAY","Thu") +GETPIVOTDATA("Sum of CORPORATE",'Pivot Table'!$A$40,"DAY","Thu") +GETPIVOTDATA("Sum of CORPORATE",'Pivot Table'!$A$52,"DAY","Thu") +GETPIVOTDATA("Sum of CORPORATE",'Pivot Table'!$A$64,"DAY","Thu") +GETPIVOTDATA("Sum of CORPORATE",'Pivot Table'!$A$76,"DAY","Thu") +GETPIVOTDATA("Sum of CORPORATE",'Pivot Table'!$A$88,"DAY","Thu") +GETPIVOTDATA("Sum of CORPORATE",'Pivot Table'!$A$100,"DAY","Thu") +GETPIVOTDATA("Sum of CORPORATE",'Pivot Table'!$A$112,"DAY","Thu") +GETPIVOTDATA("Sum of CORPORATE",'Pivot Table'!$A$124,"DAY","Thu") +GETPIVOTDATA("Sum of CORPORATE",'Pivot Table'!$A$136,"DAY","Thu") -> 0 | N19: Corporate | O19: =GETPIVOTDATA("Sum of CORPORATE",'Pivot Table'!$A$4,"DAY","Fri") +GETPIVOTDATA("Sum of CORPORATE",'Pivot Table'!$A$16,"DAY","Fri") +GETPIVOTDATA("Sum of CORPORATE",'Pivot Table'!$A$28,"DAY","Fri") +GETPIVOTDATA("Sum of CORPORATE",'Pivot Table'!$A$40,"DAY","Fri") +GETPIVOTDATA("Sum of CORPORATE",'Pivot Table'!$A$52,"DAY","Fri") +GETPIVOTDATA("Sum of CORPORATE",'Pivot Table'!$A$64,"DAY","Fri") +GETPIVOTDATA("Sum of CORPORATE",'Pivot Table'!$A$76,"DAY","Fri") +GETPIVOTDATA("Sum of CORPORATE",'Pivot Table'!$A$88,"DAY","Fri") +GETPIVOTDATA("Sum of CORPORATE",'Pivot Table'!$A$100,"DAY","Fri") +GETPIVOTDATA("Sum of CORPORATE",'Pivot Table'!$A$112,"DAY","Fri") +GETPIVOTDATA("Sum of CORPORATE",'Pivot Table'!$A$124,"DAY","Fri") +GETPIVOTDATA("Sum of CORPORATE",'Pivot Table'!$A$136,"DAY","Fri") -> 0 | Q19: Corporate | R19: =GETPIVOTDATA("Sum of CORPORATE",'Pivot Table'!$A$4,"DAY","Sat") +GETPIVOTDATA("Sum of CORPORATE",'Pivot Table'!$A$16,"DAY","Sat") +GETPIVOTDATA("Sum of CORPORATE",'Pivot Table'!$A$28,"DAY","Sat") +GETPIVOTDATA("Sum of CORPORATE",'Pivot Table'!$A$40,"DAY","Sat") +GETPIVOTDATA("Sum of CORPORATE",'Pivot Table'!$A$52,"DAY","Sat") +GETPIVOTDATA("Sum of CORPORATE",'Pivot Table'!$A$64,"DAY","Sat") +GETPIVOTDATA("Sum of CORPORATE",'Pivot Table'!$A$76,"DAY","Sat") +GETPIVOTDATA("Sum of CORPORATE",'Pivot Table'!$A$88,"DAY","Sat") +GETPIVOTDATA("Sum of CORPORATE",'Pivot Table'!$A$100,"DAY","Sat") +GETPIVOTDATA("Sum of CORPORATE",'Pivot Table'!$A$112,"DAY","Sat") +GETPIVOTDATA("Sum of CORPORATE",'Pivot Table'!$A$124,"DAY","Sat") +GETPIVOTDATA("Sum of CORPORATE",'Pivot Table'!$A$136,"DAY","Sat") -> 0 | T19: Corporate | U19: =GETPIVOTDATA("Sum of CORPORATE",'Pivot Table'!$A$4,"DAY","Sun") +GETPIVOTDATA("Sum of CORPORATE",'Pivot Table'!$A$16,"DAY","Sun") +GETPIVOTDATA("Sum of CORPORATE",'Pivot Table'!$A$28,"DAY","Sun") +GETPIVOTDATA("Sum of CORPORATE",'Pivot Table'!$A$40,"DAY","Sun") +GETPIVOTDATA("Sum of CORPORATE",'Pivot Table'!$A$52,"DAY","Sun") +GETPIVOTDATA("Sum of CORPORATE",'Pivot Table'!$A$64,"DAY","Sun") +GETPIVOTDATA("Sum of CORPORATE",'Pivot Table'!$A$76,"DAY","Sun") +GETPIVOTDATA("Sum of CORPORATE",'Pivot Table'!$A$88,"DAY","Sun") +GETPIVOTDATA("Sum of CORPORATE",'Pivot Table'!$A$100,"DAY","Sun") +GETPIVOTDATA("Sum of CORPORATE",'Pivot Table'!$A$112,"DAY","Sun") +GETPIVOTDATA("Sum of CORPORATE",'Pivot Table'!$A$124,"DAY","Sun") +GETPIVOTDATA("Sum of CORPORATE",'Pivot Table'!$A$136,"DAY","Sun") -> 0
B20: Non Playing | C20: =GETPIVOTDATA("Sum of NON-PLAYING",'Pivot Table'!$A$4,"DAY","Mon")+GETPIVOTDATA("Sum of NON-PLAYING",'Pivot Table'!$A$16,"DAY","Mon")+GETPIVOTDATA("Sum of NON-PLAYING",'Pivot Table'!$A$28,"DAY","Mon")+GETPIVOTDATA("Sum of NON-PLAYING",'Pivot Table'!$A$40,"DAY","Mon")+GETPIVOTDATA("Sum of NON-PLAYING",'Pivot Table'!$A$52,"DAY","Mon")+GETPIVOTDATA("Sum of NON-PLAYING",'Pivot Table'!$A$64,"DAY","Mon")+GETPIVOTDATA("Sum of NON-PLAYING",'Pivot Table'!$A$76,"DAY","Mon")+GETPIVOTDATA("Sum of NON-PLAYING",'Pivot Table'!$A$88,"DAY","Mon")+GETPIVOTDATA("Sum of NON-PLAYING",'Pivot Table'!$A$100,"DAY","Mon")+GETPIVOTDATA("Sum of NON-PLAYING",'Pivot Table'!$A$112,"DAY","Mon")+GETPIVOTDATA("Sum of NON-PLAYING",'Pivot Table'!$A$124,"DAY","Mon")+GETPIVOTDATA("Sum of NON-PLAYING",'Pivot Table'!$A$136,"DAY","Mon") -> 6 | E20: Non Playing | F20: =GETPIVOTDATA("Sum of NON-PLAYING",'Pivot Table'!$A$4,"DAY","Tue") +GETPIVOTDATA("Sum of NON-PLAYING",'Pivot Table'!$A$16,"DAY","Tue") +GETPIVOTDATA("Sum of NON-PLAYING",'Pivot Table'!$A$28,"DAY","Tue") +GETPIVOTDATA("Sum of NON-PLAYING",'Pivot Table'!$A$40,"DAY","Tue") +GETPIVOTDATA("Sum of NON-PLAYING",'Pivot Table'!$A$52,"DAY","Tue") +GETPIVOTDATA("Sum of NON-PLAYING",'Pivot Table'!$A$64,"DAY","Tue") +GETPIVOTDATA("Sum of NON-PLAYING",'Pivot Table'!$A$76,"DAY","Tue") +GETPIVOTDATA("Sum of NON-PLAYING",'Pivot Table'!$A$88,"DAY","Tue") +GETPIVOTDATA("Sum of NON-PLAYING",'Pivot Table'!$A$100,"DAY","Tue") +GETPIVOTDATA("Sum of NON-PLAYING",'Pivot Table'!$A$112,"DAY","Tue") +GETPIVOTDATA("Sum of NON-PLAYING",'Pivot Table'!$A$124,"DAY","Tue") +GETPIVOTDATA("Sum of NON-PLAYING",'Pivot Table'!$A$136,"DAY","Tue") -> 1 | H20: Non Playing | I20: =GETPIVOTDATA("Sum of NON-PLAYING",'Pivot Table'!$A$4,"DAY","Wed") +GETPIVOTDATA("Sum of NON-PLAYING",'Pivot Table'!$A$16,"DAY","Wed") +GETPIVOTDATA("Sum of NON-PLAYING",'Pivot Table'!$A$28,"DAY","Wed") +GETPIVOTDATA("Sum of NON-PLAYING",'Pivot Table'!$A$40,"DAY","Wed") +GETPIVOTDATA("Sum of NON-PLAYING",'Pivot Table'!$A$52,"DAY","Wed") +GETPIVOTDATA("Sum of NON-PLAYING",'Pivot Table'!$A$64,"DAY","Wed") +GETPIVOTDATA("Sum of NON-PLAYING",'Pivot Table'!$A$76,"DAY","Wed") +GETPIVOTDATA("Sum of NON-PLAYING",'Pivot Table'!$A$88,"DAY","Wed") +GETPIVOTDATA("Sum of NON-PLAYING",'Pivot Table'!$A$100,"DAY","Wed") +GETPIVOTDATA("Sum of NON-PLAYING",'Pivot Table'!$A$112,"DAY","Wed") +GETPIVOTDATA("Sum of NON-PLAYING",'Pivot Table'!$A$124,"DAY","Wed") +GETPIVOTDATA("Sum of NON-PLAYING",'Pivot Table'!$A$136,"DAY","Wed") -> 7 | K20: Non Playing | L20: =GETPIVOTDATA("Sum of NON-PLAYING",'Pivot Table'!$A$4,"DAY","Thu") +GETPIVOTDATA("Sum of NON-PLAYING",'Pivot Table'!$A$16,"DAY","Thu") +GETPIVOTDATA("Sum of NON-PLAYING",'Pivot Table'!$A$28,"DAY","Thu") +GETPIVOTDATA("Sum of NON-PLAYING",'Pivot Table'!$A$40,"DAY","Thu") +GETPIVOTDATA("Sum of NON-PLAYING",'Pivot Table'!$A$52,"DAY","Thu") +GETPIVOTDATA("Sum of NON-PLAYING",'Pivot Table'!$A$64,"DAY","Thu") +GETPIVOTDATA("Sum of NON-PLAYING",'Pivot Table'!$A$76,"DAY","Thu") +GETPIVOTDATA("Sum of NON-PLAYING",'Pivot Table'!$A$88,"DAY","Thu") +GETPIVOTDATA("Sum of NON-PLAYING",'Pivot Table'!$A$100,"DAY","Thu") +GETPIVOTDATA("Sum of NON-PLAYING",'Pivot Table'!$A$112,"DAY","Thu") +GETPIVOTDATA("Sum of NON-PLAYING",'Pivot Table'!$A$124,"DAY","Thu") +GETPIVOTDATA("Sum of NON-PLAYING",'Pivot Table'!$A$136,"DAY","Thu") -> 1 | N20: Non Playing | O20: =GETPIVOTDATA("Sum of NON-PLAYING",'Pivot Table'!$A$4,"DAY","Fri") +GETPIVOTDATA("Sum of NON-PLAYING",'Pivot Table'!$A$16,"DAY","Fri") +GETPIVOTDATA("Sum of NON-PLAYING",'Pivot Table'!$A$28,"DAY","Fri") +GETPIVOTDATA("Sum of NON-PLAYING",'Pivot Table'!$A$40,"DAY","Fri") +GETPIVOTDATA("Sum of NON-PLAYING",'Pivot Table'!$A$52,"DAY","Fri") +GETPIVOTDATA("Sum of NON-PLAYING",'Pivot Table'!$A$64,"DAY","Fri") +GETPIVOTDATA("Sum of NON-PLAYING",'Pivot Table'!$A$76,"DAY","Fri") +GETPIVOTDATA("Sum of NON-PLAYING",'Pivot Table'!$A$88,"DAY","Fri") +GETPIVOTDATA("Sum of NON-PLAYING",'Pivot Table'!$A$100,"DAY","Fri") +GETPIVOTDATA("Sum of NON-PLAYING",'Pivot Table'!$A$112,"DAY","Fri") +GETPIVOTDATA("Sum of NON-PLAYING",'Pivot Table'!$A$124,"DAY","Fri") +GETPIVOTDATA("Sum of NON-PLAYING",'Pivot Table'!$A$136,"DAY","Fri") -> 11 | Q20: Non Playing | R20: =GETPIVOTDATA("Sum of NON-PLAYING",'Pivot Table'!$A$4,"DAY","Sat") +GETPIVOTDATA("Sum of NON-PLAYING",'Pivot Table'!$A$16,"DAY","Sat") +GETPIVOTDATA("Sum of NON-PLAYING",'Pivot Table'!$A$28,"DAY","Sat") +GETPIVOTDATA("Sum of NON-PLAYING",'Pivot Table'!$A$40,"DAY","Sat") +GETPIVOTDATA("Sum of NON-PLAYING",'Pivot Table'!$A$52,"DAY","Sat") +GETPIVOTDATA("Sum of NON-PLAYING",'Pivot Table'!$A$64,"DAY","Sat") +GETPIVOTDATA("Sum of NON-PLAYING",'Pivot Table'!$A$76,"DAY","Sat") +GETPIVOTDATA("Sum of NON-PLAYING",'Pivot Table'!$A$88,"DAY","Sat") +GETPIVOTDATA("Sum of NON-PLAYING",'Pivot Table'!$A$100,"DAY","Sat") +GETPIVOTDATA("Sum of NON-PLAYING",'Pivot Table'!$A$112,"DAY","Sat") +GETPIVOTDATA("Sum of NON-PLAYING",'Pivot Table'!$A$124,"DAY","Sat") +GETPIVOTDATA("Sum of NON-PLAYING",'Pivot Table'!$A$136,"DAY","Sat") -> 0 | T20: Non Playing | U20: =GETPIVOTDATA("Sum of NON-PLAYING",'Pivot Table'!$A$4,"DAY","Sun") +GETPIVOTDATA("Sum of NON-PLAYING",'Pivot Table'!$A$16,"DAY","Sun") +GETPIVOTDATA("Sum of NON-PLAYING",'Pivot Table'!$A$28,"DAY","Sun") +GETPIVOTDATA("Sum of NON-PLAYING",'Pivot Table'!$A$40,"DAY","Sun") +GETPIVOTDATA("Sum of NON-PLAYING",'Pivot Table'!$A$52,"DAY","Sun") +GETPIVOTDATA("Sum of NON-PLAYING",'Pivot Table'!$A$64,"DAY","Sun") +GETPIVOTDATA("Sum of NON-PLAYING",'Pivot Table'!$A$76,"DAY","Sun") +GETPIVOTDATA("Sum of NON-PLAYING",'Pivot Table'!$A$88,"DAY","Sun") +GETPIVOTDATA("Sum of NON-PLAYING",'Pivot Table'!$A$100,"DAY","Sun") +GETPIVOTDATA("Sum of NON-PLAYING",'Pivot Table'!$A$112,"DAY","Sun") +GETPIVOTDATA("Sum of NON-PLAYING",'Pivot Table'!$A$124,"DAY","Sun") +GETPIVOTDATA("Sum of NON-PLAYING",'Pivot Table'!$A$136,"DAY","Sun") -> 9
B21: Voucher | C21: =GETPIVOTDATA("Sum of VOUCHER",'Pivot Table'!$A$4,"DAY","Mon")+GETPIVOTDATA("Sum of VOUCHER",'Pivot Table'!$A$16,"DAY","Mon")+GETPIVOTDATA("Sum of VOUCHER",'Pivot Table'!$A$28,"DAY","Mon")+GETPIVOTDATA("Sum of VOUCHER",'Pivot Table'!$A$40,"DAY","Mon")+GETPIVOTDATA("Sum of VOUCHER",'Pivot Table'!$A$52,"DAY","Mon")+GETPIVOTDATA("Sum of VOUCHER",'Pivot Table'!$A$64,"DAY","Mon")+GETPIVOTDATA("Sum of VOUCHER",'Pivot Table'!$A$76,"DAY","Mon")+GETPIVOTDATA("Sum of VOUCHER",'Pivot Table'!$A$88,"DAY","Mon")+GETPIVOTDATA("Sum of VOUCHER",'Pivot Table'!$A$100,"DAY","Mon")+GETPIVOTDATA("Sum of VOUCHER",'Pivot Table'!$A$112,"DAY","Mon")+GETPIVOTDATA("Sum of VOUCHER",'Pivot Table'!$A$124,"DAY","Mon")+GETPIVOTDATA("Sum of VOUCHER",'Pivot Table'!$A$136,"DAY","Mon") -> 53 | E21: Voucher | F21: =GETPIVOTDATA("Sum of VOUCHER",'Pivot Table'!$A$4,"DAY","Tue") +GETPIVOTDATA("Sum of VOUCHER",'Pivot Table'!$A$16,"DAY","Tue") +GETPIVOTDATA("Sum of VOUCHER",'Pivot Table'!$A$28,"DAY","Tue") +GETPIVOTDATA("Sum of VOUCHER",'Pivot Table'!$A$40,"DAY","Tue") +GETPIVOTDATA("Sum of VOUCHER",'Pivot Table'!$A$52,"DAY","Tue") +GETPIVOTDATA("Sum of VOUCHER",'Pivot Table'!$A$64,"DAY","Tue") +GETPIVOTDATA("Sum of VOUCHER",'Pivot Table'!$A$76,"DAY","Tue") +GETPIVOTDATA("Sum of VOUCHER",'Pivot Table'!$A$88,"DAY","Tue") +GETPIVOTDATA("Sum of VOUCHER",'Pivot Table'!$A$100,"DAY","Tue") +GETPIVOTDATA("Sum of VOUCHER",'Pivot Table'!$A$112,"DAY","Tue") +GETPIVOTDATA("Sum of VOUCHER",'Pivot Table'!$A$124,"DAY","Tue") +GETPIVOTDATA("Sum of VOUCHER",'Pivot Table'!$A$136,"DAY","Tue") -> 7 | H21: Voucher | I21: =GETPIVOTDATA("Sum of VOUCHER",'Pivot Table'!$A$4,"DAY","Wed") +GETPIVOTDATA("Sum of VOUCHER",'Pivot Table'!$A$16,"DAY","Wed") +GETPIVOTDATA("Sum of VOUCHER",'Pivot Table'!$A$28,"DAY","Wed") +GETPIVOTDATA("Sum of VOUCHER",'Pivot Table'!$A$40,"DAY","Wed") +GETPIVOTDATA("Sum of VOUCHER",'Pivot Table'!$A$52,"DAY","Wed") +GETPIVOTDATA("Sum of VOUCHER",'Pivot Table'!$A$64,"DAY","Wed") +GETPIVOTDATA("Sum of VOUCHER",'Pivot Table'!$A$76,"DAY","Wed") +GETPIVOTDATA("Sum of VOUCHER",'Pivot Table'!$A$88,"DAY","Wed") +GETPIVOTDATA("Sum of VOUCHER",'Pivot Table'!$A$100,"DAY","Wed") +GETPIVOTDATA("Sum of VOUCHER",'Pivot Table'!$A$112,"DAY","Wed") +GETPIVOTDATA("Sum of VOUCHER",'Pivot Table'!$A$124,"DAY","Wed") +GETPIVOTDATA("Sum of VOUCHER",'Pivot Table'!$A$136,"DAY","Wed") -> 33 | K21: Voucher | L21: =GETPIVOTDATA("Sum of VOUCHER",'Pivot Table'!$A$4,"DAY","Thu") +GETPIVOTDATA("Sum of VOUCHER",'Pivot Table'!$A$16,"DAY","Thu") +GETPIVOTDATA("Sum of VOUCHER",'Pivot Table'!$A$28,"DAY","Thu") +GETPIVOTDATA("Sum of VOUCHER",'Pivot Table'!$A$40,"DAY","Thu") +GETPIVOTDATA("Sum of VOUCHER",'Pivot Table'!$A$52,"DAY","Thu") +GETPIVOTDATA("Sum of VOUCHER",'Pivot Table'!$A$64,"DAY","Thu") +GETPIVOTDATA("Sum of VOUCHER",'Pivot Table'!$A$76,"DAY","Thu") +GETPIVOTDATA("Sum of VOUCHER",'Pivot Table'!$A$88,"DAY","Thu") +GETPIVOTDATA("Sum of VOUCHER",'Pivot Table'!$A$100,"DAY","Thu") +GETPIVOTDATA("Sum of VOUCHER",'Pivot Table'!$A$112,"DAY","Thu") +GETPIVOTDATA("Sum of VOUCHER",'Pivot Table'!$A$124,"DAY","Thu") +GETPIVOTDATA("Sum of VOUCHER",'Pivot Table'!$A$136,"DAY","Thu") -> 25 | N21: Voucher | O21: =GETPIVOTDATA("Sum of VOUCHER",'Pivot Table'!$A$4,"DAY","Fri") +GETPIVOTDATA("Sum of VOUCHER",'Pivot Table'!$A$16,"DAY","Fri") +GETPIVOTDATA("Sum of VOUCHER",'Pivot Table'!$A$28,"DAY","Fri") +GETPIVOTDATA("Sum of VOUCHER",'Pivot Table'!$A$40,"DAY","Fri") +GETPIVOTDATA("Sum of VOUCHER",'Pivot Table'!$A$52,"DAY","Fri") +GETPIVOTDATA("Sum of VOUCHER",'Pivot Table'!$A$64,"DAY","Fri") +GETPIVOTDATA("Sum of VOUCHER",'Pivot Table'!$A$76,"DAY","Fri") +GETPIVOTDATA("Sum of VOUCHER",'Pivot Table'!$A$88,"DAY","Fri") +GETPIVOTDATA("Sum of VOUCHER",'Pivot Table'!$A$100,"DAY","Fri") +GETPIVOTDATA("Sum of VOUCHER",'Pivot Table'!$A$112,"DAY","Fri") +GETPIVOTDATA("Sum of VOUCHER",'Pivot Table'!$A$124,"DAY","Fri") +GETPIVOTDATA("Sum of VOUCHER",'Pivot Table'!$A$136,"DAY","Fri") -> 67 | Q21: Voucher | R21: =GETPIVOTDATA("Sum of VOUCHER",'Pivot Table'!$A$4,"DAY","Sat") +GETPIVOTDATA("Sum of VOUCHER",'Pivot Table'!$A$16,"DAY","Sat") +GETPIVOTDATA("Sum of VOUCHER",'Pivot Table'!$A$28,"DAY","Sat") +GETPIVOTDATA("Sum of VOUCHER",'Pivot Table'!$A$40,"DAY","Sat") +GETPIVOTDATA("Sum of VOUCHER",'Pivot Table'!$A$52,"DAY","Sat") +GETPIVOTDATA("Sum of VOUCHER",'Pivot Table'!$A$64,"DAY","Sat") +GETPIVOTDATA("Sum of VOUCHER",'Pivot Table'!$A$76,"DAY","Sat") +GETPIVOTDATA("Sum of VOUCHER",'Pivot Table'!$A$88,"DAY","Sat") +GETPIVOTDATA("Sum of VOUCHER",'Pivot Table'!$A$100,"DAY","Sat") +GETPIVOTDATA("Sum of VOUCHER",'Pivot Table'!$A$112,"DAY","Sat") +GETPIVOTDATA("Sum of VOUCHER",'Pivot Table'!$A$124,"DAY","Sat") +GETPIVOTDATA("Sum of VOUCHER",'Pivot Table'!$A$136,"DAY","Sat") -> 0 | T21: Voucher | U21: =GETPIVOTDATA("Sum of VOUCHER",'Pivot Table'!$A$4,"DAY","Sun") +GETPIVOTDATA("Sum of VOUCHER",'Pivot Table'!$A$16,"DAY","Sun") +GETPIVOTDATA("Sum of VOUCHER",'Pivot Table'!$A$28,"DAY","Sun") +GETPIVOTDATA("Sum of VOUCHER",'Pivot Table'!$A$40,"DAY","Sun") +GETPIVOTDATA("Sum of VOUCHER",'Pivot Table'!$A$52,"DAY","Sun") +GETPIVOTDATA("Sum of VOUCHER",'Pivot Table'!$A$64,"DAY","Sun") +GETPIVOTDATA("Sum of VOUCHER",'Pivot Table'!$A$76,"DAY","Sun") +GETPIVOTDATA("Sum of VOUCHER",'Pivot Table'!$A$88,"DAY","Sun") +GETPIVOTDATA("Sum of VOUCHER",'Pivot Table'!$A$100,"DAY","Sun") +GETPIVOTDATA("Sum of VOUCHER",'Pivot Table'!$A$112,"DAY","Sun") +GETPIVOTDATA("Sum of VOUCHER",'Pivot Table'!$A$124,"DAY","Sun") +GETPIVOTDATA("Sum of VOUCHER",'Pivot Table'!$A$136,"DAY","Sun") -> 33
B22: Reciprocal | C22: =GETPIVOTDATA("Sum of RECIP",'Pivot Table'!$A$4,"DAY","Mon")+GETPIVOTDATA("Sum of RECIP",'Pivot Table'!$A$16,"DAY","Mon")+GETPIVOTDATA("Sum of RECIP",'Pivot Table'!$A$28,"DAY","Mon")+GETPIVOTDATA("Sum of RECIP",'Pivot Table'!$A$40,"DAY","Mon")+GETPIVOTDATA("Sum of RECIP",'Pivot Table'!$A$52,"DAY","Mon")+GETPIVOTDATA("Sum of RECIP",'Pivot Table'!$A$64,"DAY","Mon")+GETPIVOTDATA("Sum of RECIP",'Pivot Table'!$A$76,"DAY","Mon")+GETPIVOTDATA("Sum of RECIP",'Pivot Table'!$A$88,"DAY","Mon")+GETPIVOTDATA("Sum of RECIP",'Pivot Table'!$A$100,"DAY","Mon")+GETPIVOTDATA("Sum of RECIP",'Pivot Table'!$A$112,"DAY","Mon")+GETPIVOTDATA("Sum of RECIP",'Pivot Table'!$A$124,"DAY","Mon")+GETPIVOTDATA("Sum of RECIP",'Pivot Table'!$A$136,"DAY","Mon") -> 31 | E22: Reciprocal | F22: =GETPIVOTDATA("Sum of RECIP",'Pivot Table'!$A$4,"DAY","Tue") +GETPIVOTDATA("Sum of RECIP",'Pivot Table'!$A$16,"DAY","Tue") +GETPIVOTDATA("Sum of RECIP",'Pivot Table'!$A$28,"DAY","Tue") +GETPIVOTDATA("Sum of RECIP",'Pivot Table'!$A$40,"DAY","Tue") +GETPIVOTDATA("Sum of RECIP",'Pivot Table'!$A$52,"DAY","Tue") +GETPIVOTDATA("Sum of RECIP",'Pivot Table'!$A$64,"DAY","Tue") +GETPIVOTDATA("Sum of RECIP",'Pivot Table'!$A$76,"DAY","Tue") +GETPIVOTDATA("Sum of RECIP",'Pivot Table'!$A$88,"DAY","Tue") +GETPIVOTDATA("Sum of RECIP",'Pivot Table'!$A$100,"DAY","Tue") +GETPIVOTDATA("Sum of RECIP",'Pivot Table'!$A$112,"DAY","Tue") +GETPIVOTDATA("Sum of RECIP",'Pivot Table'!$A$124,"DAY","Tue") +GETPIVOTDATA("Sum of RECIP",'Pivot Table'!$A$136,"DAY","Tue") -> 7 | H22: Reciprocal | I22: =GETPIVOTDATA("Sum of RECIP",'Pivot Table'!$A$4,"DAY","Wed") +GETPIVOTDATA("Sum of RECIP",'Pivot Table'!$A$16,"DAY","Wed") +GETPIVOTDATA("Sum of RECIP",'Pivot Table'!$A$28,"DAY","Wed") +GETPIVOTDATA("Sum of RECIP",'Pivot Table'!$A$40,"DAY","Wed") +GETPIVOTDATA("Sum of RECIP",'Pivot Table'!$A$52,"DAY","Wed") +GETPIVOTDATA("Sum of RECIP",'Pivot Table'!$A$64,"DAY","Wed") +GETPIVOTDATA("Sum of RECIP",'Pivot Table'!$A$76,"DAY","Wed") +GETPIVOTDATA("Sum of RECIP",'Pivot Table'!$A$88,"DAY","Wed") +GETPIVOTDATA("Sum of RECIP",'Pivot Table'!$A$100,"DAY","Wed") +GETPIVOTDATA("Sum of RECIP",'Pivot Table'!$A$112,"DAY","Wed") +GETPIVOTDATA("Sum of RECIP",'Pivot Table'!$A$124,"DAY","Wed") +GETPIVOTDATA("Sum of RECIP",'Pivot Table'!$A$136,"DAY","Wed") -> 37 | K22: Reciprocal | L22: =GETPIVOTDATA("Sum of RECIP",'Pivot Table'!$A$4,"DAY","Thu") +GETPIVOTDATA("Sum of RECIP",'Pivot Table'!$A$16,"DAY","Thu") +GETPIVOTDATA("Sum of RECIP",'Pivot Table'!$A$28,"DAY","Thu") +GETPIVOTDATA("Sum of RECIP",'Pivot Table'!$A$40,"DAY","Thu") +GETPIVOTDATA("Sum of RECIP",'Pivot Table'!$A$52,"DAY","Thu") +GETPIVOTDATA("Sum of RECIP",'Pivot Table'!$A$64,"DAY","Thu") +GETPIVOTDATA("Sum of RECIP",'Pivot Table'!$A$76,"DAY","Thu") +GETPIVOTDATA("Sum of RECIP",'Pivot Table'!$A$88,"DAY","Thu") +GETPIVOTDATA("Sum of RECIP",'Pivot Table'!$A$100,"DAY","Thu") +GETPIVOTDATA("Sum of RECIP",'Pivot Table'!$A$112,"DAY","Thu") +GETPIVOTDATA("Sum of RECIP",'Pivot Table'!$A$124,"DAY","Thu") +GETPIVOTDATA("Sum of RECIP",'Pivot Table'!$A$136,"DAY","Thu") -> 12 | N22: Reciprocal | O22: =GETPIVOTDATA("Sum of RECIP",'Pivot Table'!$A$4,"DAY","Fri") +GETPIVOTDATA("Sum of RECIP",'Pivot Table'!$A$16,"DAY","Fri") +GETPIVOTDATA("Sum of RECIP",'Pivot Table'!$A$28,"DAY","Fri") +GETPIVOTDATA("Sum of RECIP",'Pivot Table'!$A$40,"DAY","Fri") +GETPIVOTDATA("Sum of RECIP",'Pivot Table'!$A$52,"DAY","Fri") +GETPIVOTDATA("Sum of RECIP",'Pivot Table'!$A$64,"DAY","Fri") +GETPIVOTDATA("Sum of RECIP",'Pivot Table'!$A$76,"DAY","Fri") +GETPIVOTDATA("Sum of RECIP",'Pivot Table'!$A$88,"DAY","Fri") +GETPIVOTDATA("Sum of RECIP",'Pivot Table'!$A$100,"DAY","Fri") +GETPIVOTDATA("Sum of RECIP",'Pivot Table'!$A$112,"DAY","Fri") +GETPIVOTDATA("Sum of RECIP",'Pivot Table'!$A$124,"DAY","Fri") +GETPIVOTDATA("Sum of RECIP",'Pivot Table'!$A$136,"DAY","Fri") -> 46 | Q22: Reciprocal | R22: =GETPIVOTDATA("Sum of RECIP",'Pivot Table'!$A$4,"DAY","Sat") +GETPIVOTDATA("Sum of RECIP",'Pivot Table'!$A$16,"DAY","Sat") +GETPIVOTDATA("Sum of RECIP",'Pivot Table'!$A$28,"DAY","Sat") +GETPIVOTDATA("Sum of RECIP",'Pivot Table'!$A$40,"DAY","Sat") +GETPIVOTDATA("Sum of RECIP",'Pivot Table'!$A$52,"DAY","Sat") +GETPIVOTDATA("Sum of RECIP",'Pivot Table'!$A$64,"DAY","Sat") +GETPIVOTDATA("Sum of RECIP",'Pivot Table'!$A$76,"DAY","Sat") +GETPIVOTDATA("Sum of RECIP",'Pivot Table'!$A$88,"DAY","Sat") +GETPIVOTDATA("Sum of RECIP",'Pivot Table'!$A$100,"DAY","Sat") +GETPIVOTDATA("Sum of RECIP",'Pivot Table'!$A$112,"DAY","Sat") +GETPIVOTDATA("Sum of RECIP",'Pivot Table'!$A$124,"DAY","Sat") +GETPIVOTDATA("Sum of RECIP",'Pivot Table'!$A$136,"DAY","Sat") -> 6 | T22: Reciprocal | U22: =GETPIVOTDATA("Sum of RECIP",'Pivot Table'!$A$4,"DAY","Sun") +GETPIVOTDATA("Sum of RECIP",'Pivot Table'!$A$16,"DAY","Sun") +GETPIVOTDATA("Sum of RECIP",'Pivot Table'!$A$28,"DAY","Sun") +GETPIVOTDATA("Sum of RECIP",'Pivot Table'!$A$40,"DAY","Sun") +GETPIVOTDATA("Sum of RECIP",'Pivot Table'!$A$52,"DAY","Sun") +GETPIVOTDATA("Sum of RECIP",'Pivot Table'!$A$64,"DAY","Sun") +GETPIVOTDATA("Sum of RECIP",'Pivot Table'!$A$76,"DAY","Sun") +GETPIVOTDATA("Sum of RECIP",'Pivot Table'!$A$88,"DAY","Sun") +GETPIVOTDATA("Sum of RECIP",'Pivot Table'!$A$100,"DAY","Sun") +GETPIVOTDATA("Sum of RECIP",'Pivot Table'!$A$112,"DAY","Sun") +GETPIVOTDATA("Sum of RECIP",'Pivot Table'!$A$124,"DAY","Sun") +GETPIVOTDATA("Sum of RECIP",'Pivot Table'!$A$136,"DAY","Sun") -> 39
B23: Competition | C23: =GETPIVOTDATA("Sum of COMP",'Pivot Table'!$A$4,"DAY","Mon")+GETPIVOTDATA("Sum of COMP",'Pivot Table'!$A$16,"DAY","Mon")+GETPIVOTDATA("Sum of COMP",'Pivot Table'!$A$28,"DAY","Mon")+GETPIVOTDATA("Sum of COMP",'Pivot Table'!$A$40,"DAY","Mon")+GETPIVOTDATA("Sum of COMP",'Pivot Table'!$A$52,"DAY","Mon")+GETPIVOTDATA("Sum of COMP",'Pivot Table'!$A$64,"DAY","Mon")+GETPIVOTDATA("Sum of COMP",'Pivot Table'!$A$76,"DAY","Mon")+GETPIVOTDATA("Sum of COMP",'Pivot Table'!$A$88,"DAY","Mon")+GETPIVOTDATA("Sum of COMP",'Pivot Table'!$A$100,"DAY","Mon")+GETPIVOTDATA("Sum of COMP",'Pivot Table'!$A$112,"DAY","Mon")+GETPIVOTDATA("Sum of COMP",'Pivot Table'!$A$124,"DAY","Mon")+GETPIVOTDATA("Sum of COMP",'Pivot Table'!$A$136,"DAY","Mon") -> 639 | E23: Competition | F23: =GETPIVOTDATA("Sum of COMP",'Pivot Table'!$A$4,"DAY","Tue") +GETPIVOTDATA("Sum of COMP",'Pivot Table'!$A$16,"DAY","Tue") +GETPIVOTDATA("Sum of COMP",'Pivot Table'!$A$28,"DAY","Tue") +GETPIVOTDATA("Sum of COMP",'Pivot Table'!$A$40,"DAY","Tue") +GETPIVOTDATA("Sum of COMP",'Pivot Table'!$A$52,"DAY","Tue") +GETPIVOTDATA("Sum of COMP",'Pivot Table'!$A$64,"DAY","Tue") +GETPIVOTDATA("Sum of COMP",'Pivot Table'!$A$76,"DAY","Tue") +GETPIVOTDATA("Sum of COMP",'Pivot Table'!$A$88,"DAY","Tue") +GETPIVOTDATA("Sum of COMP",'Pivot Table'!$A$100,"DAY","Tue") +GETPIVOTDATA("Sum of COMP",'Pivot Table'!$A$112,"DAY","Tue") +GETPIVOTDATA("Sum of COMP",'Pivot Table'!$A$124,"DAY","Tue") +GETPIVOTDATA("Sum of COMP",'Pivot Table'!$A$136,"DAY","Tue") -> 313 | H23: Competition | I23: =GETPIVOTDATA("Sum of COMP",'Pivot Table'!$A$4,"DAY","Wed") +GETPIVOTDATA("Sum of COMP",'Pivot Table'!$A$16,"DAY","Wed") +GETPIVOTDATA("Sum of COMP",'Pivot Table'!$A$28,"DAY","Wed") +GETPIVOTDATA("Sum of COMP",'Pivot Table'!$A$40,"DAY","Wed") +GETPIVOTDATA("Sum of COMP",'Pivot Table'!$A$52,"DAY","Wed") +GETPIVOTDATA("Sum of COMP",'Pivot Table'!$A$64,"DAY","Wed") +GETPIVOTDATA("Sum of COMP",'Pivot Table'!$A$76,"DAY","Wed") +GETPIVOTDATA("Sum of COMP",'Pivot Table'!$A$88,"DAY","Wed") +GETPIVOTDATA("Sum of COMP",'Pivot Table'!$A$100,"DAY","Wed") +GETPIVOTDATA("Sum of COMP",'Pivot Table'!$A$112,"DAY","Wed") +GETPIVOTDATA("Sum of COMP",'Pivot Table'!$A$124,"DAY","Wed") +GETPIVOTDATA("Sum of COMP",'Pivot Table'!$A$136,"DAY","Wed") -> 167 | K23: Competition | L23: =GETPIVOTDATA("Sum of COMP",'Pivot Table'!$A$4,"DAY","Thu") +GETPIVOTDATA("Sum of COMP",'Pivot Table'!$A$16,"DAY","Thu") +GETPIVOTDATA("Sum of COMP",'Pivot Table'!$A$28,"DAY","Thu") +GETPIVOTDATA("Sum of COMP",'Pivot Table'!$A$40,"DAY","Thu") +GETPIVOTDATA("Sum of COMP",'Pivot Table'!$A$52,"DAY","Thu") +GETPIVOTDATA("Sum of COMP",'Pivot Table'!$A$64,"DAY","Thu") +GETPIVOTDATA("Sum of COMP",'Pivot Table'!$A$76,"DAY","Thu") +GETPIVOTDATA("Sum of COMP",'Pivot Table'!$A$88,"DAY","Thu") +GETPIVOTDATA("Sum of COMP",'Pivot Table'!$A$100,"DAY","Thu") +GETPIVOTDATA("Sum of COMP",'Pivot Table'!$A$112,"DAY","Thu") +GETPIVOTDATA("Sum of COMP",'Pivot Table'!$A$124,"DAY","Thu") +GETPIVOTDATA("Sum of COMP",'Pivot Table'!$A$136,"DAY","Thu") -> 1354 | N23: Competition | O23: =GETPIVOTDATA("Sum of COMP",'Pivot Table'!$A$4,"DAY","Fri") +GETPIVOTDATA("Sum of COMP",'Pivot Table'!$A$16,"DAY","Fri") +GETPIVOTDATA("Sum of COMP",'Pivot Table'!$A$28,"DAY","Fri") +GETPIVOTDATA("Sum of COMP",'Pivot Table'!$A$40,"DAY","Fri") +GETPIVOTDATA("Sum of COMP",'Pivot Table'!$A$52,"DAY","Fri") +GETPIVOTDATA("Sum of COMP",'Pivot Table'!$A$64,"DAY","Fri") +GETPIVOTDATA("Sum of COMP",'Pivot Table'!$A$76,"DAY","Fri") +GETPIVOTDATA("Sum of COMP",'Pivot Table'!$A$88,"DAY","Fri") +GETPIVOTDATA("Sum of COMP",'Pivot Table'!$A$100,"DAY","Fri") +GETPIVOTDATA("Sum of COMP",'Pivot Table'!$A$112,"DAY","Fri") +GETPIVOTDATA("Sum of COMP",'Pivot Table'!$A$124,"DAY","Fri") +GETPIVOTDATA("Sum of COMP",'Pivot Table'!$A$136,"DAY","Fri") -> 791 | Q23: Competition | R23: =GETPIVOTDATA("Sum of COMP",'Pivot Table'!$A$4,"DAY","Sat") +GETPIVOTDATA("Sum of COMP",'Pivot Table'!$A$16,"DAY","Sat") +GETPIVOTDATA("Sum of COMP",'Pivot Table'!$A$28,"DAY","Sat") +GETPIVOTDATA("Sum of COMP",'Pivot Table'!$A$40,"DAY","Sat") +GETPIVOTDATA("Sum of COMP",'Pivot Table'!$A$52,"DAY","Sat") +GETPIVOTDATA("Sum of COMP",'Pivot Table'!$A$64,"DAY","Sat") +GETPIVOTDATA("Sum of COMP",'Pivot Table'!$A$76,"DAY","Sat") +GETPIVOTDATA("Sum of COMP",'Pivot Table'!$A$88,"DAY","Sat") +GETPIVOTDATA("Sum of COMP",'Pivot Table'!$A$100,"DAY","Sat") +GETPIVOTDATA("Sum of COMP",'Pivot Table'!$A$112,"DAY","Sat") +GETPIVOTDATA("Sum of COMP",'Pivot Table'!$A$124,"DAY","Sat") +GETPIVOTDATA("Sum of COMP",'Pivot Table'!$A$136,"DAY","Sat") -> 1299 | T23: Competition | U23: =GETPIVOTDATA("Sum of COMP",'Pivot Table'!$A$4,"DAY","Sun") +GETPIVOTDATA("Sum of COMP",'Pivot Table'!$A$16,"DAY","Sun") +GETPIVOTDATA("Sum of COMP",'Pivot Table'!$A$28,"DAY","Sun") +GETPIVOTDATA("Sum of COMP",'Pivot Table'!$A$40,"DAY","Sun") +GETPIVOTDATA("Sum of COMP",'Pivot Table'!$A$52,"DAY","Sun") +GETPIVOTDATA("Sum of COMP",'Pivot Table'!$A$64,"DAY","Sun") +GETPIVOTDATA("Sum of COMP",'Pivot Table'!$A$76,"DAY","Sun") +GETPIVOTDATA("Sum of COMP",'Pivot Table'!$A$88,"DAY","Sun") +GETPIVOTDATA("Sum of COMP",'Pivot Table'!$A$100,"DAY","Sun") +GETPIVOTDATA("Sum of COMP",'Pivot Table'!$A$112,"DAY","Sun") +GETPIVOTDATA("Sum of COMP",'Pivot Table'!$A$124,"DAY","Sun") +GETPIVOTDATA("Sum of COMP",'Pivot Table'!$A$136,"DAY","Sun") -> 1020
B26: Averages (Day)
B28: Monday | E28: Tuesday | H28: Wednesday | K28: Thursday | N28: Friday | Q28: Saturday | T28: Sunday
B30: AM Field | C30: =C6 / 52 -> 8.5576923 | E30: AM Field | F30: =F6 /52 -> 13.903846 | H30: AM Field | I30: =I6 /52 -> 13.192308 | K30: AM Field | L30: =L6 /52 -> 14.115385 | N30: AM Field | O30: =O6 /52 -> 14.442308 | Q30: AM Field | R30: =R6 /52 -> 15.134615 | T30: AM Field | U30: =U6 /52 -> 13.923077
B31: PM Field | C31: =C7 /52 -> 11.576923 | E31: PM Field | F31: =F7 /52 -> 2.1730769 | H31: PM Field | I31: =I7 /52 -> 8.1153846 | K31: PM Field | L31: =L7 /52 -> 12.788462 | N31: PM Field | O31: =O7 /52 -> 10.75 | Q31: PM Field | R31: =R7 /52 -> 11.230769 | T31: PM Field | U31: =U7 /52 -> 12.211538
B32: After 3PM | E32: After 3PM | H32: After 3PM | K32: After 3PM | N32: After 3PM | Q32: After 3PM | T32: After 3PM
B33: Total Field | C33: =C9 /52 -> 23.057692 | E33: Total Field | F33: =F9 /52 -> 19.769231 | H33: Total Field | I33: =I9 /52 -> 24.615385 | K33: Total Field | L33: =L9 /52 -> 31.711538 | N33: Total Field | O33: =O9 /52 -> 32.826923 | Q33: Total Field | R33: =R9 /52 -> 26.942308 | T33: Total Field | U33: =U9 /52 -> 31.884615
B34: Guests | C34: =C10 /52 -> 6.6538462 | E34: Guests | F34: =F10 /52 -> 1.5192308 | H34: Guests | I34: =I10 /52 -> 12.596154 | K34: Guests | L34: =L10 /52 -> 2.7692308 | N34: Guests | O34: =O10 /52 -> 9.8076923 | Q34: Guests | R34: =R10 /52 -> 0.13461538 | T34: Guests | U34: =U10 /52 -> 6.1923077
B35: Member / Guest Ratio | C35: =SUM(C34/C33) -> 0.28857381 | E35: Member / Guest Ratio | F35: =SUM(F34/F33) -> 0.076848249 | H35: Member / Guest Ratio | I35: =SUM(I34/I33) -> 0.51171875 | K35: Member / Guest Ratio | L35: =SUM(L34/L33) -> 0.087325652 | N35: Member / Guest Ratio | O35: =SUM(O34/O33) -> 0.29876977 | Q35: Member / Guest Ratio | R35: =SUM(R34/R33) -> 0.0049964311 | T35: Member / Guest Ratio | U35: =SUM(U34/U33) -> 0.19420989
B36: Member Play | C36: =C12 /52 -> 16.288462 | E36: Member Play | F36: =F12 /52 -> 18.230769 | H36: Member Play | I36: =I12 /52 -> 11.884615 | K36: Member Play | L36: =L12 /52 -> 28.923077 | N36: Member Play | O36: =O12 /52 -> 22.807692 | Q36: Member Play | R36: =R12 /52 -> 26.807692 | T36: Member Play | U36: =U12 /52 -> 25.519231
B37: Manger Intro | C37: =C13 /52 -> 0.51923077 | E37: Manger Intro | F37: =F13 /52 -> 0.38461538 | H37: Manger Intro | I37: =I13 /52 -> 0.15384615 | K37: Manger Intro | L37: =L13 /52 -> 0.21153846 | N37: Manger Intro | O37: =O13 /52 -> 0.30769231 | Q37: Manger Intro | R37: =R13 /52 -> 0.019230769 | T37: Manger Intro | U37: =U13 /52 -> 0.32692308
B38: Interstate | C38: =C14 /52 -> 0.19230769 | E38: Interstate | F38: =F14 /52 -> 0 | H38: Interstate | I38: =I14 /52 -> 0.34615385 | K38: Interstate | L38: =L14 /52 -> 0 | N38: Interstate | O38: =O14 /52 -> 0.11538462 | Q38: Interstate | R38: =R14 /52 -> 0 | T38: Interstate | U38: =U14 /52 -> 0
B39: International | C39: =C15 /52 -> 1.0384615 | E39: International | F39: =F15 /52 -> 0.15384615 | H39: International | I39: =I15 /52 -> 1.5769231 | K39: International | L39: =L15 /52 -> 0.057692308 | N39: International | O39: =O15 /52 -> 0.38461538 | Q39: International | R39: =R15 /52 -> 0 | T39: International | U39: =U15 /52 -> 0.019230769
B40: Industry Guest | C40: =C16 /52 -> 0.13461538 | E40: Industry Guest | F40: =F16 /52 -> 0.057692308 | H40: Industry Guest | I40: =I16 /52 -> 0.096153846 | K40: Industry Guest | L40: =L16 /52 -> 0 | N40: Industry Guest | O40: =O16 /52 -> 0.057692308 | Q40: Industry Guest | R40: =R16 /52 -> 0 | T40: Industry Guest | U40: =U16 /52 -> 0.019230769
B41: Member Intro | C41: =C17 /52 -> 3.0769231 | E41: Member Intro | F41: =F17 /52 -> 0.63461538 | H41: Member Intro | I41: =I17 /52 -> 2.8653846 | K41: Member Intro | L41: =L17 /52 -> 1.7884615 | N41: Member Intro | O41: =O17 /52 -> 6.7115385 | Q41: Member Intro | R41: =R17 /52 -> 0 | T41: Member Intro | U41: =U17 /52 -> 4.3653846
B42: Member Guest Unaccompanied | C42: =C18 /52 -> 0.076923077 | E42: Member Guest Unaccompanied | F42: =F18 /52 -> 0.019230769 | H42: Member Guest Unaccompanied | I42: =I18 /52 -> 0.096153846 | K42: Member Guest Unaccompanied | L42: =L18 /52 -> 0 | N42: Member Guest Unaccompanied | O42: =O18 /52 -> 0.057692308 | Q42: Member Guest Unaccompanied | R42: =R18 /52 -> 0 | T42: Member Guest Unaccompanied | U42: =U18 /52 -> 0.076923077
B43: Corporate | C43: =C19 /52 -> 0 | E43: Corporate | F43: =F19 /52 -> 0 | H43: Corporate | I43: =I19 /52 -> 6.1153846 | K43: Corporate | L43: =L19 /52 -> 0 | N43: Corporate | O43: =O19 /52 -> 0 | Q43: Corporate | R43: =R19 /52 -> 0 | T43: Corporate | U43: =U19 /52 -> 0
B44: Non Playing | C44: =C20 /52 -> 0.11538462 | E44: Non Playing | F44: =F20 /52 -> 0.019230769 | H44: Non Playing | I44: =I20 /52 -> 0.13461538 | K44: Non Playing | L44: =L20 /52 -> 0.019230769 | N44: Non Playing | O44: =O20 /52 -> 0.21153846 | Q44: Non Playing | R44: =R20 /52 -> 0 | T44: Non Playing | U44: =U20 /52 -> 0.17307692
B45: Voucher | C45: =C21 /52 -> 1.0192308 | E45: Voucher | F45: =F21 /52 -> 0.13461538 | H45: Voucher | I45: =I21 /52 -> 0.63461538 | K45: Voucher | L45: =L21 /52 -> 0.48076923 | N45: Voucher | O45: =O21 /52 -> 1.2884615 | Q45: Voucher | R45: =R21 /52 -> 0 | T45: Voucher | U45: =U21 /52 -> 0.63461538
B46: Reciprocal | C46: =C22 /52 -> 0.59615385 | E46: Reciprocal | F46: =F22 /52 -> 0.13461538 | H46: Reciprocal | I46: =I22 /52 -> 0.71153846 | K46: Reciprocal | L46: =L22 /52 -> 0.23076923 | N46: Reciprocal | O46: =O22 /52 -> 0.88461538 | Q46: Reciprocal | R46: =R22 /52 -> 0.11538462 | T46: Reciprocal | U46: =U22 /52 -> 0.75
B47: Competition | C47: =C23 /52 -> 12.288462 | E47: Competition | F47: =F23 /52 -> 6.0192308 | H47: Competition | I47: =I23 /52 -> 3.2115385 | K47: Competition | L47: =L23 /52 -> 26.038462 | N47: Competition | O47: =O23 /52 -> 15.211538 | Q47: Competition | R47: =R23 /52 -> 24.980769 | T47: Competition | U47: =U23 /52 -> 19.615385

Sheet Day Trends
B2: January | H2: February | N2: March | T2: April
C5: Bookings | D5: Total Field | E5: Percentage | I5: Bookings | J5: Total Field | K5: Percentage | O5: Bookings | P5: Total Field | Q5: Percentage | U5: Bookings | V5: Total Field | W5: Percentage
B6: Monday | C6: =GETPIVOTDATA("Sum of TOTAL FIELD",'Pivot Table'!$A$4,"DAY","Mon") -> 647 | D6: =GETPIVOTDATA("Sum of TOTAL FIELD",'Pivot Table'!$A$4) -> 5042 | E6: =SUM(C6/D6) -> 0.12832209 | H6: Monday | I6: =GETPIVOTDATA("Sum of TOTAL FIELD",'Pivot Table'!$A$16,"DAY","Mon") -> 552 | J6: =GETPIVOTDATA("Sum of TOTAL FIELD",'Pivot Table'!$A$16) -> 4880 | K6: =SUM(I6/J6) -> 0.11311475 | N6: Monday | O6: =GETPIVOTDATA("Sum of TOTAL FIELD",'Pivot Table'!$A$28,"DAY","Mon") -> 0 | P6: =GETPIVOTDATA("Sum of TOTAL FIELD",'Pivot Table'!$A$28) -> 0 | Q6: =SUM(O6/P6) -> #DIV/0! | T6: Monday | U6: =GETPIVOTDATA("Sum of TOTAL FIELD",'Pivot Table'!$A$40,"DAY","Mon") -> 0 | V6: =GETPIVOTDATA("Sum of TOTAL FIELD",'Pivot Table'!$A$40) -> 0 | W6: =SUM(U6/V6) -> #DIV/0!
B7: Tuesday | C7: =GETPIVOTDATA("Sum of TOTAL FIELD",'Pivot Table'!$A$4,"DAY","Tue") -> 476 | E7: =SUM(C7/D6) -> 0.094406981 | H7: Tuesday | I7: =GETPIVOTDATA("Sum of TOTAL FIELD",'Pivot Table'!$A$16,"DAY","Tue") -> 552 | K7: =SUM(I7/J6) -> 0.11311475 | N7: Tuesday | O7: =GETPIVOTDATA("Sum of TOTAL FIELD",'Pivot Table'!$A$28,"DAY","Tue") -> 0 | Q7: =SUM(O7/P6) -> #DIV/0! | T7: Tuesday | U7: =GETPIVOTDATA("Sum of TOTAL FIELD",'Pivot Table'!$A$40,"DAY","Tue") -> 0 | W7: =SUM(U7/V6) -> #DIV/0!
B8: Wednesday | C8: =GETPIVOTDATA("Sum of TOTAL FIELD",'Pivot Table'!$A$4,"DAY","Wed") -> 550 | E8: =SUM(C8/D6) -> 0.1090837 | H8: Wednesday | I8: =GETPIVOTDATA("Sum of TOTAL FIELD",'Pivot Table'!$A$16,"DAY","Wed") -> 730 | K8: =SUM(I8/J6) -> 0.14959016 | N8: Wednesday | O8: =GETPIVOTDATA("Sum of TOTAL FIELD",'Pivot Table'!$A$28,"DAY","Wed") -> 0 | Q8: =SUM(O8/P6) -> #DIV/0! | T8: Wednesday | U8: =GETPIVOTDATA("Sum of TOTAL FIELD",'Pivot Table'!$A$40,"DAY","Wed") -> 0 | W8: =SUM(U8/V6) -> #DIV/0!
B9: Thursday | C9: =GETPIVOTDATA("Sum of TOTAL FIELD",'Pivot Table'!$A$4,"DAY","Thu") -> 873 | E9: =SUM(C9/D6) -> 0.17314558 | H9: Thursday | I9: =GETPIVOTDATA("Sum of TOTAL FIELD",'Pivot Table'!$A$16,"DAY","Thu") -> 776 | K9: =SUM(I9/J6) -> 0.15901639 | N9: Thursday | O9: =GETPIVOTDATA("Sum of TOTAL FIELD",'Pivot Table'!$A$28,"DAY","Thu") -> 0 | Q9: =SUM(O9/P6) -> #DIV/0! | T9: Thursday | U9: =GETPIVOTDATA("Sum of TOTAL FIELD",'Pivot Table'!$A$40,"DAY","Thu") -> 0 | W9: =SUM(U9/V6) -> #DIV/0!
B10: Friday | C10: =GETPIVOTDATA("Sum of TOTAL FIELD",'Pivot Table'!$A$4,"DAY","Fri") -> 900 | E10: =SUM(C10/D6) -> 0.1785006 | H10: Friday | I10: =GETPIVOTDATA("Sum of TOTAL FIELD",'Pivot Table'!$A$16,"DAY","Fri") -> 807 | K10: =SUM(I10/J6) -> 0.16536885 | N10: Friday | O10: =GETPIVOTDATA("Sum of TOTAL FIELD",'Pivot Table'!$A$28,"DAY","Fri") -> 0 | Q10: =SUM(O10/P6) -> #DIV/0! | T10: Friday | U10: =GETPIVOTDATA("Sum of TOTAL FIELD",'Pivot Table'!$A$40,"DAY","Fri") -> 0 | W10: =SUM(U10/V6) -> #DIV/0!
B11: Saturday | C11: =GETPIVOTDATA("Sum of TOTAL FIELD",'Pivot Table'!$A$4,"DAY","Sat") -> 727 | E11: =SUM(C11/D6) -> 0.14418881 | H11: Saturday | I11: =GETPIVOTDATA("Sum of TOTAL FIELD",'Pivot Table'!$A$16,"DAY","Sat") -> 674 | K11: =SUM(I11/J6) -> 0.13811475 | N11: Saturday | O11: =GETPIVOTDATA("Sum of TOTAL FIELD",'Pivot Table'!$A$28,"DAY","Sat") -> 0 | Q11: =SUM(O11/P6) -> #DIV/0! | T11: Saturday | U11: =GETPIVOTDATA("Sum of TOTAL FIELD",'Pivot Table'!$A$40,"DAY","Sat") -> 0 | W11: =SUM(U11/V6) -> #DIV/0!
B12: Sunday | C12: =GETPIVOTDATA("Sum of TOTAL FIELD",'Pivot Table'!$A$4,"DAY","Sun") -> 869 | E12: =SUM(C12/D6) -> 0.17235224 | H12: Sunday | I12: =GETPIVOTDATA("Sum of TOTAL FIELD",'Pivot Table'!$A$16,"DAY","Sun") -> 789 | K12: =SUM(I12/J6) -> 0.16168033 | N12: Sunday | O12: =GETPIVOTDATA("Sum of TOTAL FIELD",'Pivot Table'!$A$28,"DAY","Sun") -> 0 | Q12: =SUM(O12/P6) -> #DIV/0! | T12: Sunday | U12: =GETPIVOTDATA("Sum of TOTAL FIELD",'Pivot Table'!$A$40,"DAY","Sun") -> 0 | W12: =SUM(U12/V6) -> #DIV/0!
B15: May | H15: June | N15: July | T15: August
C18: Bookings | D18: Total Field | E18: Percentage | I18: Bookings | J18: Total Field | K18: Percentage | O18: Bookings | P18: Total Field | Q18: Percentage | U18: Bookings | V18: Total Field | W18: Percentage
B19: Monday | C19: =GETPIVOTDATA("Sum of TOTAL FIELD",'Pivot Table'!$A$52,"DAY","Mon") -> 0 | D19: 4340 | E19: =SUM(C19/D19) -> 0 | H19: Monday | I19: =GETPIVOTDATA("Sum of TOTAL FIELD",'Pivot Table'!$A$64,"DAY","Mon") -> 0 | J19: =GETPIVOTDATA("Sum of TOTAL FIELD",'Pivot Table'!$A$64) -> 0 | K19: =SUM(I19/J19) -> #DIV/0! | N19: Monday | O19: =GETPIVOTDATA("Sum of TOTAL FIELD",'Pivot Table'!$A$76,"DAY","Mon") -> 0 | P19: =GETPIVOTDATA("Sum of TOTAL FIELD",'Pivot Table'!$A$76) -> 0 | Q19: =SUM(O19/P19) -> #DIV/0! | T19: Monday | W19: =SUM(U19/V19) -> #DIV/0!
B20: Tuesday | C20: =GETPIVOTDATA("Sum of TOTAL FIELD",'Pivot Table'!$A$52,"DAY","Tue") -> 0 | E20: =SUM(C20/D19) -> 0 | H20: Tuesday | I20: =GETPIVOTDATA("Sum of TOTAL FIELD",'Pivot Table'!$A$64,"DAY","Tue") -> 0 | K20: =SUM(I20/J19) -> #DIV/0! | N20: Tuesday | O20: =GETPIVOTDATA("Sum of TOTAL FIELD",'Pivot Table'!$A$76,"DAY","Tue") -> 0 | Q20: =SUM(O20/P19) -> #DIV/0! | T20: Tuesday | W20: =SUM(U20/V19) -> #DIV/0!
B21: Wednesday | C21: =GETPIVOTDATA("Sum of TOTAL FIELD",'Pivot Table'!$A$52,"DAY","Wed") -> 0 | E21: =SUM(C21/D19) -> 0 | H21: Wednesday | I21: =GETPIVOTDATA("Sum of TOTAL FIELD",'Pivot Table'!$A$64,"DAY","Wed") -> 0 | K21: =SUM(I21/J19) -> #DIV/0! | N21: Wednesday | O21: =GETPIVOTDATA("Sum of TOTAL FIELD",'Pivot Table'!$A$76,"DAY","Wed") -> 0 | Q21: =SUM(O21/P19) -> #DIV/0! | T21: Wednesday | W21: =SUM(U21/V19) -> #DIV/0!
B22: Thursday | C22: =GETPIVOTDATA("Sum of TOTAL FIELD",'Pivot Table'!$A$52,"DAY","Thu") -> 0 | E22: =SUM(C22/D19) -> 0 | H22: Thursday | I22: =GETPIVOTDATA("Sum of TOTAL FIELD",'Pivot Table'!$A$64,"DAY","Thu") -> 0 | K22: =SUM(I22/J19) -> #DIV/0! | N22: Thursday | O22: =GETPIVOTDATA("Sum of TOTAL FIELD",'Pivot Table'!$A$76,"DAY","Thu") -> 0 | Q22: =SUM(O22/P19) -> #DIV/0! | T22: Thursday | W22: =SUM(U22/V19) -> #DIV/0!
B23: Friday | C23: =GETPIVOTDATA("Sum of TOTAL FIELD",'Pivot Table'!$A$52,"DAY","Fri") -> 0 | E23: =SUM(C23/D19) -> 0 | H23: Friday | I23: =GETPIVOTDATA("Sum of TOTAL FIELD",'Pivot Table'!$A$64,"DAY","Fri") -> 0 | K23: =SUM(I23/J19) -> #DIV/0! | N23: Friday | O23: =GETPIVOTDATA("Sum of TOTAL FIELD",'Pivot Table'!$A$76,"DAY","Fri") -> 0 | Q23: =SUM(O23/P19) -> #DIV/0! | T23: Friday | W23: =SUM(U23/V19) -> #DIV/0!
B24: Saturday | C24: =GETPIVOTDATA("Sum of TOTAL FIELD",'Pivot Table'!$A$52,"DAY","Sat") -> 0 | E24: =SUM(C24/D19) -> 0 | H24: Saturday | I24: =GETPIVOTDATA("Sum of TOTAL FIELD",'Pivot Table'!$A$64,"DAY","Sat") -> 0 | K24: =SUM(I24/J19) -> #DIV/0! | N24: Saturday | O24: =GETPIVOTDATA("Sum of TOTAL FIELD",'Pivot Table'!$A$76,"DAY","Sat") -> 0 | Q24: =SUM(O24/P19) -> #DIV/0! | T24: Saturday | W24: =SUM(U24/V19) -> #DIV/0!
B25: Sunday | C25: =GETPIVOTDATA("Sum of TOTAL FIELD",'Pivot Table'!$A$52,"DAY","Sun") -> 0 | E25: =SUM(C25/D19) -> 0 | H25: Sunday | I25: =GETPIVOTDATA("Sum of TOTAL FIELD",'Pivot Table'!$A$64,"DAY","Sun") -> 0 | K25: =SUM(I25/J19) -> #DIV/0! | N25: Sunday | O25: =GETPIVOTDATA("Sum of TOTAL FIELD",'Pivot Table'!$A$76,"DAY","Sun") -> 0 | Q25: =SUM(O25/P19) -> #DIV/0! | T25: Sunday | W25: =SUM(U25/V19) -> #DIV/0!
B28: September | H28: October | N28: November | T28: December
C32: Bookings | D32: Total Field | E32: Percentage | I32: Bookings | J32: Total Field | K32: Percentage | O32: Bookings | P32: Total Field | Q32: Percentage | U32: Bookings | V32: Total Field | W32: Percentage
B33: Monday | C33: =GETPIVOTDATA("Sum of TOTAL FIELD",'Pivot Table'!$A$100,"DAY","Mon") -> 0 | D33: =GETPIVOTDATA("Sum of TOTAL FIELD",'Pivot Table'!$A$100) -> 0 | E33: =SUM(C33/D33) -> #DIV/0! | H33: Monday | I33: =GETPIVOTDATA("Sum of TOTAL FIELD",'Pivot Table'!$A$112,"DAY","Mon") -> 0 | J33: =GETPIVOTDATA("Sum of TOTAL FIELD",'Pivot Table'!$A$112) -> 0 | K33: =SUM(I33/J33) -> #DIV/0! | N33: Monday | O33: =GETPIVOTDATA("Sum of TOTAL FIELD",'Pivot Table'!$A$124,"DAY","Mon") -> 0 | P33: =GETPIVOTDATA("Sum of TOTAL FIELD",'Pivot Table'!$A$124) -> 0 | Q33: =SUM(O33/P33) -> #DIV/0! | T33: Monday | U33: =GETPIVOTDATA("Sum of TOTAL FIELD",'Pivot Table'!$A$136,"DAY","Mon") -> 0 | V33: =GETPIVOTDATA("Sum of TOTAL FIELD",'Pivot Table'!$A$136) -> 0 | W33: =SUM(U33/V33) -> #DIV/0!
B34: Tuesday | C34: =GETPIVOTDATA("Sum of TOTAL FIELD",'Pivot Table'!$A$100,"DAY","Tue") -> 0 | E34: =SUM(C34/D33) -> #DIV/0! | H34: Tuesday | I34: =GETPIVOTDATA("Sum of TOTAL FIELD",'Pivot Table'!$A$112,"DAY","Tue") -> 0 | K34: =SUM(I34/J33) -> #DIV/0! | N34: Tuesday | O34: =GETPIVOTDATA("Sum of TOTAL FIELD",'Pivot Table'!$A$124,"DAY","Tue") -> 0 | Q34: =SUM(O34/P33) -> #DIV/0! | T34: Tuesday | U34: =GETPIVOTDATA("Sum of TOTAL FIELD",'Pivot Table'!$A$136,"DAY","Tue") -> 0 | W34: =SUM(U34/V33) -> #DIV/0!
B35: Wednesday | C35: =GETPIVOTDATA("Sum of TOTAL FIELD",'Pivot Table'!$A$100,"DAY","Wed") -> 0 | E35: =SUM(C35/D33) -> #DIV/0! | H35: Wednesday | I35: =GETPIVOTDATA("Sum of TOTAL FIELD",'Pivot Table'!$A$112,"DAY","Wed") -> 0 | K35: =SUM(I35/J33) -> #DIV/0! | N35: Wednesday | O35: =GETPIVOTDATA("Sum of TOTAL FIELD",'Pivot Table'!$A$124,"DAY","Wed") -> 0 | Q35: =SUM(O35/P33) -> #DIV/0! | T35: Wednesday | U35: =GETPIVOTDATA("Sum of TOTAL FIELD",'Pivot Table'!$A$136,"DAY","Wed") -> 0 | W35: =SUM(U35/V33) -> #DIV/0!
B36: Thursday | C36: =GETPIVOTDATA("Sum of TOTAL FIELD",'Pivot Table'!$A$100,"DAY","Thu") -> 0 | E36: =SUM(C36/D33) -> #DIV/0! | H36: Thursday | I36: =GETPIVOTDATA("Sum of TOTAL FIELD",'Pivot Table'!$A$112,"DAY","Thu") -> 0 | K36: =SUM(I36/J33) -> #DIV/0! | N36: Thursday | O36: =GETPIVOTDATA("Sum of TOTAL FIELD",'Pivot Table'!$A$124,"DAY","Thu") -> 0 | Q36: =SUM(O36/P33) -> #DIV/0! | T36: Thursday | U36: =GETPIVOTDATA("Sum of TOTAL FIELD",'Pivot Table'!$A$136,"DAY","Thu") -> 0 | W36: =SUM(U36/V33) -> #DIV/0!
B37: Friday | C37: =GETPIVOTDATA("Sum of TOTAL FIELD",'Pivot Table'!$A$100,"DAY","Fri") -> 0 | E37: =SUM(C37/D33) -> #DIV/0! | H37: Friday | I37: =GETPIVOTDATA("Sum of TOTAL FIELD",'Pivot Table'!$A$112,"DAY","Fri") -> 0 | K37: =SUM(I37/J33) -> #DIV/0! | N37: Friday | O37: =GETPIVOTDATA("Sum of TOTAL FIELD",'Pivot Table'!$A$124,"DAY","Fri") -> 0 | Q37: =SUM(O37/P33) -> #DIV/0! | T37: Friday | U37: =GETPIVOTDATA("Sum of TOTAL FIELD",'Pivot Table'!$A$136,"DAY","Fri") -> 0 | W37: =SUM(U37/V33) -> #DIV/0!
B38: Saturday | C38: =GETPIVOTDATA("Sum of TOTAL FIELD",'Pivot Table'!$A$100,"DAY","Sat") -> 0 | E38: =SUM(C38/D33) -> #DIV/0! | H38: Saturday | I38: =GETPIVOTDATA("Sum of TOTAL FIELD",'Pivot Table'!$A$112,"DAY","Sat") -> 0 | K38: =SUM(I38/J33) -> #DIV/0! | N38: Saturday | O38: =GETPIVOTDATA("Sum of TOTAL FIELD",'Pivot Table'!$A$124,"DAY","Sat") -> 0 | Q38: =SUM(O38/P33) -> #DIV/0! | T38: Saturday | U38: =GETPIVOTDATA("Sum of TOTAL FIELD",'Pivot Table'!$A$136,"DAY","Sat") -> 0 | W38: =SUM(U38/V33) -> #DIV/0!
B39: Sunday | C39: =GETPIVOTDATA("Sum of TOTAL FIELD",'Pivot Table'!$A$100,"DAY","Sun") -> 0 | E39: =SUM(C39/D33) -> #DIV/0! | H39: Sunday | I39: =GETPIVOTDATA("Sum of TOTAL FIELD",'Pivot Table'!$A$112,"DAY","Sun") -> 0 | K39: =SUM(I39/J33) -> #DIV/0! | N39: Sunday | O39: =GETPIVOTDATA("Sum of TOTAL FIELD",'Pivot Table'!$A$124,"DAY","Sun") -> 0 | Q39: =SUM(O39/P33) -> #DIV/0! | T39: Sunday | U39: =GETPIVOTDATA("Sum of TOTAL FIELD",'Pivot Table'!$A$136,"DAY","Sun") -> 0 | W39: =SUM(U39/V33) -> #DIV/0!
B41: 2025
B44: Monday | C44: ='Day by Day Totals'!C9 -> 1199 | D44: =SUM(C44/C51) -> 0.12084257
B45: Tuesday | C45: ='Day by Day Totals'!F9 -> 1028 | D45: =SUM(C45/C51) -> 0.10360814
B46: Wednesday | C46: ='Day by Day Totals'!I9 -> 1280 | D46: =SUM(C46/C51) -> 0.12900625
B47: Thursday | C47: ='Day by Day Totals'!L9 -> 1649 | D47: =SUM(C47/C51) -> 0.16619633
B48: Friday | C48: ='Day by Day Totals'!O9 -> 1707 | D48: =SUM(C48/C51) -> 0.17204193
B49: Saturday | C49: ='Day by Day Totals'!R9 -> 1401 | D49: =SUM(C49/C51) -> 0.14120137
B50: Sunday | C50: ='Day by Day Totals'!U9 -> 1658 | D50: =SUM(C50/C51) -> 0.16710341
B51: Total | C51: =SUM(C44:C50) -> 9922 | D51: =SUM(D44:D50) -> 1

Sheet Monthly Totals
B3: January | E3: February | H3: March | K3: April | N3: May | Q3: June
B5: AM Field | C5: =GETPIVOTDATA("Sum of AM FIELD",'Pivot Table'!$A$4) -> 2557 | E5: AM Field | F5: =GETPIVOTDATA("Sum of AM FIELD",'Pivot Table'!$A$16) -> 2293 | H5: AM Field | I5: =GETPIVOTDATA("Sum of AM FIELD",'Pivot Table'!$A$28) -> 0 | K5: AM Field | L5: =GETPIVOTDATA("Sum of AM FIELD",'Pivot Table'!$A$40) -> 0 | N5: AM Field | O5: =GETPIVOTDATA("Sum of AM FIELD",'Pivot Table'!$A$52) -> 0 | Q5: AM Field | R5: =GETPIVOTDATA("Sum of AM FIELD",'Pivot Table'!$A$64) -> 0
B6: PM Field | C6: =GETPIVOTDATA("Sum of PM FIELD",'Pivot Table'!$A$4) -> 1728 | E6: PM Field | F6: =GETPIVOTDATA("Sum of PM FIELD",'Pivot Table'!$A$16) -> 1852 | H6: PM Field | I6: =GETPIVOTDATA("Sum of PM FIELD",'Pivot Table'!$A$28) -> 0 | K6: PM Field | L6: =GETPIVOTDATA("Sum of PM FIELD",'Pivot Table'!$A$40) -> 0 | N6: PM Field | O6: =GETPIVOTDATA("Sum of PM FIELD",'Pivot Table'!$A$52) -> 0 | Q6: PM Field | R6: =GETPIVOTDATA("Sum of PM FIELD",'Pivot Table'!$A$64) -> 0
B7: After 3PM | C7: =GETPIVOTDATA("Sum of AFTER 3PM",'Pivot Table'!$A$4) -> 757 | E7: After 3PM | F7: 0 | H7: After 3PM | I7: 0 | K7: After 3PM | L7: 0 | N7: After 3PM | O7: 0 | Q7: After 3PM | R7: 0
B8: Total Field | C8: =GETPIVOTDATA("Sum of TOTAL FIELD",'Pivot Table'!$A$4) -> 5042 | E8: Total Field | F8: =GETPIVOTDATA("Sum of TOTAL FIELD",'Pivot Table'!$A$16) -> 4880 | H8: Total Field | I8: =GETPIVOTDATA("Sum of TOTAL FIELD",'Pivot Table'!$A$28) -> 0 | K8: Total Field | L8: =GETPIVOTDATA("Sum of TOTAL FIELD",'Pivot Table'!$A$40) -> 0 | N8: Total Field | O8: =GETPIVOTDATA("Sum of TOTAL FIELD",'Pivot Table'!$A$52) -> 0 | Q8: Total Field | R8: =GETPIVOTDATA("Sum of TOTAL FIELD",'Pivot Table'!$A$64) -> 0
B9: Guests | C9: =GETPIVOTDATA("Sum of No. GUESTS",'Pivot Table'!$A$4) -> 997 | E9: Guests | F9: =GETPIVOTDATA("Sum of No. GUESTS",'Pivot Table'!$A$16) -> 1066 | H9: Guests | I9: =GETPIVOTDATA("Sum of No. GUESTS",'Pivot Table'!$A$28) -> 0 | K9: Guests | L9: =GETPIVOTDATA("Sum of No. GUESTS",'Pivot Table'!$A$40) -> 0 | N9: Guests | O9: =GETPIVOTDATA("Sum of No. GUESTS",'Pivot Table'!$A$52) -> 0 | Q9: Guests | R9: =GETPIVOTDATA("Sum of No. GUESTS",'Pivot Table'!$A$64) -> 0
B10: Member / Guest Ratio | C10: =SUM(C9/C8) -> 0.19773899 | E10: Member / Guest Ratio | F10: =SUM(F9/F8) -> 0.21844262 | H10: Member / Guest Ratio | I10: =SUM(I9/I8) -> #DIV/0! | K10: Member / Guest Ratio | L10: =SUM(L9/L8) -> #DIV/0! | N10: Member / Guest Ratio | O10: =SUM(O9/O8) -> #DIV/0! | Q10: Member / Guest Ratio | R10: =SUM(R9/R8) -> #DIV/0!
B11: Member Play | C11: =GETPIVOTDATA("Sum of MEMBER",'Pivot Table'!$A$4) -> 4026 | E11: Member Play | F11: =GETPIVOTDATA("Sum of MEMBER",'Pivot Table'!$A$16) -> 3798 | H11: Member Play | I11: =GETPIVOTDATA("Sum of MEMBER",'Pivot Table'!$A$28) -> 0 | K11: Member Play | L11: =GETPIVOTDATA("Sum of MEMBER",'Pivot Table'!$A$40) -> 0 | N11: Member Play | O11: =GETPIVOTDATA("Sum of MEMBER",'Pivot Table'!$A$52) -> 0 | Q11: Member Play | R11: =GETPIVOTDATA("Sum of MEMBER",'Pivot Table'!$A$64) -> 0
B12: Manger Intro | C12: =GETPIVOTDATA("Sum of INTERSTATE",'Pivot Table'!$A$4) -> 17 | E12: Manger Intro | F12: =GETPIVOTDATA("Sum of MANAGER INTRO",'Pivot Table'!$A$16) -> 61 | H12: Manger Intro | I12: =GETPIVOTDATA("Sum of MANAGER INTRO",'Pivot Table'!$A$28) -> 0 | K12: Manger Intro | L12: =GETPIVOTDATA("Sum of MANAGER INTRO",'Pivot Table'!$A$40) -> 0 | N12: Manger Intro | O12: =GETPIVOTDATA("Sum of MANAGER INTRO",'Pivot Table'!$A$52) -> 0 | Q12: Manger Intro | R12: =GETPIVOTDATA("Sum of MANAGER INTRO",'Pivot Table'!$A$64) -> 0
B13: Interstate | C13: =GETPIVOTDATA("Sum of INTERSTATE",'Pivot Table'!$A$4) -> 17 | E13: Interstate | F13: =GETPIVOTDATA("Sum of INTERSTATE",'Pivot Table'!$A$16) -> 17 | H13: Interstate | I13: =GETPIVOTDATA("Sum of INTERSTATE",'Pivot Table'!$A$28) -> 0 | K13: Interstate | L13: =GETPIVOTDATA("Sum of INTERSTATE",'Pivot Table'!$A$40) -> 0 | N13: Interstate | O13: =GETPIVOTDATA("Sum of INTERSTATE",'Pivot Table'!$A$52) -> 0 | Q13: Interstate | R13: =GETPIVOTDATA("Sum of INTERSTATE",'Pivot Table'!$A$64) -> 0
B14: International | C14: =GETPIVOTDATA("Sum of INTERNATIONAL",'Pivot Table'!$A$4) -> 84 | E14: International | F14: =GETPIVOTDATA("Sum of INTERNATIONAL",'Pivot Table'!$A$16) -> 84 | H14: International | I14: =GETPIVOTDATA("Sum of INTERNATIONAL",'Pivot Table'!$A$28) -> 0 | K14: International | L14: =GETPIVOTDATA("Sum of INTERNATIONAL",'Pivot Table'!$A$40) -> 0 | N14: International | O14: =GETPIVOTDATA("Sum of INTERNATIONAL",'Pivot Table'!$A$52) -> 0 | Q14: International | R14: =GETPIVOTDATA("Sum of INTERNATIONAL",'Pivot Table'!$A$64) -> 0
B15: Industry Guest | C15: =GETPIVOTDATA("Sum of INDUSTRY GUEST",'Pivot Table'!$A$4) -> 12 | E15: Industry Guest | F15: =GETPIVOTDATA("Sum of INDUSTRY GUEST",'Pivot Table'!$A$16) -> 7 | H15: Industry Guest | I15: =GETPIVOTDATA("Sum of INDUSTRY GUEST",'Pivot Table'!$A$28) -> 0 | K15: Industry Guest | L15: =GETPIVOTDATA("Sum of INDUSTRY GUEST",'Pivot Table'!$A$40) -> 0 | N15: Industry Guest | O15: =GETPIVOTDATA("Sum of INDUSTRY GUEST",'Pivot Table'!$A$52) -> 0 | Q15: Industry Guest | R15: =GETPIVOTDATA("Sum of INDUSTRY GUEST",'Pivot Table'!$A$64) -> 0
B16: Member Intro | C16: =GETPIVOTDATA("Sum of MEMB GUEST MICLUB",'Pivot Table'!$A$4) -> 597 | E16: Member Intro | F16: =GETPIVOTDATA("Sum of MEMB GUEST MICLUB",'Pivot Table'!$A$16) -> 414 | H16: Member Intro | I16: =GETPIVOTDATA("Sum of MEMB GUEST MICLUB",'Pivot Table'!$A$28) -> 0 | K16: Member Intro | L16: =GETPIVOTDATA("Sum of MEMB GUEST MICLUB",'Pivot Table'!$A$40) -> 0 | N16: Member Intro | O16: =GETPIVOTDATA("Sum of MEMB GUEST MICLUB",'Pivot Table'!$A$52) -> 0 | Q16: Member Intro | R16: =GETPIVOTDATA("Sum of MEMB GUEST MICLUB",'Pivot Table'!$A$64) -> 0
B17: Member Guest Unaccompanied | C17: =GETPIVOTDATA("Sum of MEMB GUEST UNACCOMPANIED",'Pivot Table'!$A$4) -> 12 | E17: Member Guest Unaccompanied | F17: =GETPIVOTDATA("Sum of MEMB GUEST UNACCOMPANIED",'Pivot Table'!$A$16) -> 5 | H17: Member Guest Unaccompanied | I17: =GETPIVOTDATA("Sum of MEMB GUEST UNACCOMPANIED",'Pivot Table'!$A$28) -> 0 | K17: Member Guest Unaccompanied | L17: =GETPIVOTDATA("Sum of MEMB GUEST UNACCOMPANIED",'Pivot Table'!$A$40) -> 0 | N17: Member Guest Unaccompanied | O17: =GETPIVOTDATA("Sum of MEMB GUEST UNACCOMPANIED",'Pivot Table'!$A$52) -> 0 | Q17: Member Guest Unaccompanied | R17: =GETPIVOTDATA("Sum of MEMB GUEST UNACCOMPANIED",'Pivot Table'!$A$64) -> 0
B18: Corporate | C18: =GETPIVOTDATA("Sum of CORPORATE",'Pivot Table'!$A$4) -> 0 | E18: Corporate | F18: =GETPIVOTDATA("Sum of CORPORATE",'Pivot Table'!$A$16) -> 318 | H18: Corporate | I18: =GETPIVOTDATA("Sum of CORPORATE",'Pivot Table'!$A$28) -> 0 | K18: Corporate | L18: =GETPIVOTDATA("Sum of CORPORATE",'Pivot Table'!$A$40) -> 0 | N18: Corporate | O18: =GETPIVOTDATA("Sum of CORPORATE",'Pivot Table'!$A$52) -> 0 | Q18: Corporate | R18: =GETPIVOTDATA("Sum of CORPORATE",'Pivot Table'!$A$64) -> 0
B19: Event | C19: =GETPIVOTDATA("Sum of EVENT",'Pivot Table'!$A$4) -> 0 | E19: Event | F19: =GETPIVOTDATA("Sum of EVENT",'Pivot Table'!$A$16) -> 0 | H19: Event | I19: =GETPIVOTDATA("Sum of EVENT",'Pivot Table'!$A$28) -> 0 | K19: Event | L19: =GETPIVOTDATA("Sum of EVENT",'Pivot Table'!$A$40) -> 0 | N19: Event | O19: =GETPIVOTDATA("Sum of EVENT",'Pivot Table'!$A$52) -> 0 | Q19: Event | R19: =GETPIVOTDATA("Sum of EVENT",'Pivot Table'!$A$64) -> 0
B20: Non Playing | C20: =GETPIVOTDATA("Sum of NON-PLAYING",'Pivot Table'!$A$4) -> 19 | E20: Non Playing | F20: =GETPIVOTDATA("Sum of NON-PLAYING",'Pivot Table'!$A$16) -> 16 | H20: Non Playing | I20: =GETPIVOTDATA("Sum of NON-PLAYING",'Pivot Table'!$A$28) -> 0 | K20: Non Playing | L20: =GETPIVOTDATA("Sum of NON-PLAYING",'Pivot Table'!$A$40) -> 0 | N20: Non Playing | O20: =GETPIVOTDATA("Sum of NON-PLAYING",'Pivot Table'!$A$52) -> 0 | Q20: Non Playing | R20: =GETPIVOTDATA("Sum of NON-PLAYING",'Pivot Table'!$A$64) -> 0
B21: Voucher | C21: =GETPIVOTDATA("Sum of VOUCHER",'Pivot Table'!$A$4) -> 141 | E21: Voucher | F21: =GETPIVOTDATA("Sum of VOUCHER",'Pivot Table'!$A$16) -> 77 | H21: Voucher | I21: =GETPIVOTDATA("Sum of VOUCHER",'Pivot Table'!$A$28) -> 0 | K21: Voucher | L21: =GETPIVOTDATA("Sum of VOUCHER",'Pivot Table'!$A$40) -> 0 | N21: Voucher | O21: =GETPIVOTDATA("Sum of VOUCHER",'Pivot Table'!$A$52) -> 0 | Q21: Voucher | R21: =GETPIVOTDATA("Sum of VOUCHER",'Pivot Table'!$A$64) -> 0
B22: Reciprocal | C22: =GETPIVOTDATA("Sum of RECIP",'Pivot Table'!$A$4) -> 95 | E22: Reciprocal | F22: =GETPIVOTDATA("Sum of RECIP",'Pivot Table'!$A$16) -> 83 | H22: Reciprocal | I22: =GETPIVOTDATA("Sum of RECIP",'Pivot Table'!$A$28) -> 0 | K22: Reciprocal | L22: =GETPIVOTDATA("Sum of RECIP",'Pivot Table'!$A$40) -> 0 | N22: Reciprocal | O22: =GETPIVOTDATA("Sum of RECIP",'Pivot Table'!$A$52) -> 0 | Q22: Reciprocal | R22: =GETPIVOTDATA("Sum of RECIP",'Pivot Table'!$A$64) -> 0
B23: Competition | C23: =GETPIVOTDATA("Sum of COMP",'Pivot Table'!$A$4) -> 3208 | E23: Competition | F23: =GETPIVOTDATA("Sum of COMP",'Pivot Table'!$A$16) -> 2375 | H23: Competition | I23: =GETPIVOTDATA("Sum of COMP",'Pivot Table'!$A$28) -> 0 | K23: Competition | L23: =GETPIVOTDATA("Sum of COMP",'Pivot Table'!$A$40) -> 0 | N23: Competition | O23: =GETPIVOTDATA("Sum of COMP",'Pivot Table'!$A$52) -> 0 | Q23: Competition | R23: =GETPIVOTDATA("Sum of COMP",'Pivot Table'!$A$64) -> 0
B26: July | E26: August | H26: September | K26: October | N26: November | Q26: December
B28: AM Field | C28: =GETPIVOTDATA("Sum of AM FIELD",'Pivot Table'!$A$76) -> 0 | E28: AM Field | F28: =GETPIVOTDATA("Sum of AM FIELD",'Pivot Table'!$A$88) -> 0 | H28: AM Field | I28: =GETPIVOTDATA("Sum of AM FIELD",'Pivot Table'!$A$100) -> 0 | K28: AM Field | L28: =GETPIVOTDATA("Sum of AM FIELD",'Pivot Table'!$A$112) -> 0 | N28: AM Field | O28: =GETPIVOTDATA("Sum of AM FIELD",'Pivot Table'!$A$124) -> 0 | Q28: AM Field | R28: =GETPIVOTDATA("Sum of AM FIELD",'Pivot Table'!$A$136) -> 0
B29: PM Field | C29: =GETPIVOTDATA("Sum of PM FIELD",'Pivot Table'!$A$76) -> 0 | E29: PM Field | F29: =GETPIVOTDATA("Sum of PM FIELD",'Pivot Table'!$A$88) -> 0 | H29: PM Field | I29: =GETPIVOTDATA("Sum of PM FIELD",'Pivot Table'!$A$100) -> 0 | K29: PM Field | L29: =GETPIVOTDATA("Sum of PM FIELD",'Pivot Table'!$A$112) -> 0 | N29: PM Field | O29: =GETPIVOTDATA("Sum of PM FIELD",'Pivot Table'!$A$124) -> 0 | Q29: PM Field | R29: =GETPIVOTDATA("Sum of PM FIELD",'Pivot Table'!$A$136) -> 0
B30: After 3PM | C30: 0 | E30: After 3PM | F30: 0 | H30: After 3PM | I30: 0 | K30: After 3PM | L30: =GETPIVOTDATA("Sum of AFTER 3PM",'Pivot Table'!$A$112) -> 0 | N30: After 3PM | O30: =GETPIVOTDATA("Sum of AFTER 3PM",'Pivot Table'!$A$124) -> 0 | Q30: After 3PM | R30: =GETPIVOTDATA("Sum of AFTER 3PM",'Pivot Table'!$A$136) -> 0
B31: Total Field | C31: =GETPIVOTDATA("Sum of TOTAL FIELD",'Pivot Table'!$A$76) -> 0 | E31: Total Field | F31: =SUM(F28:F29) -> 0 | H31: Total Field | I31: =GETPIVOTDATA("Sum of TOTAL FIELD",'Pivot Table'!$A$100) -> 0 | K31: Total Field | L31: =GETPIVOTDATA("Sum of TOTAL FIELD",'Pivot Table'!$A$112) -> 0 | N31: Total Field | O31: =GETPIVOTDATA("Sum of TOTAL FIELD",'Pivot Table'!$A$124) -> 0 | Q31: Total Field | R31: =GETPIVOTDATA("Sum of TOTAL FIELD",'Pivot Table'!$A$136) -> 0
B32: Guests | C32: =GETPIVOTDATA("Sum of No. GUESTS",'Pivot Table'!$A$76) -> 0 | E32: Guests | F32: =GETPIVOTDATA("Sum of No. GUESTS",'Pivot Table'!$A$88) -> 0 | H32: Guests | I32: =GETPIVOTDATA("Sum of No. GUESTS",'Pivot Table'!$A$100) -> 0 | K32: Guests | L32: =GETPIVOTDATA("Sum of No. GUESTS",'Pivot Table'!$A$112) -> 0 | N32: Guests | O32: =GETPIVOTDATA("Sum of No. GUESTS",'Pivot Table'!$A$124) -> 0 | Q32: Guests | R32: =GETPIVOTDATA("Sum of No. GUESTS",'Pivot Table'!$A$136) -> 0
B33: Member / Guest Ratio | C33: =SUM(C32/C31) -> #DIV/0! | E33: Member / Guest Ratio | F33: =SUM(F32/F31) -> #DIV/0! | H33: Member / Guest Ratio | I33: =SUM(I32/I31) -> #DIV/0! | K33: Member / Guest Ratio | L33: =SUM(L32/L31) -> #DIV/0! | N33: Member / Guest Ratio | O33: =SUM(O32/O31) -> #DIV/0! | Q33: Member / Guest Ratio | R33: =SUM(R32/R31) -> #DIV/0!
B34: Member Play | C34: =GETPIVOTDATA("Sum of MEMBER",'Pivot Table'!$A$76) -> 0 | E34: Member Play | F34: =GETPIVOTDATA("Sum of MEMBER",'Pivot Table'!$A$88) -> 0 | H34: Member Play | I34: =GETPIVOTDATA("Sum of MEMBER",'Pivot Table'!$A$100) -> 0 | K34: Member Play | L34: =GETPIVOTDATA("Sum of MEMBER",'Pivot Table'!$A$112) -> 0 | N34: Member Play | O34: =GETPIVOTDATA("Sum of MEMBER",'Pivot Table'!$A$124) -> 0 | Q34: Member Play | R34: =GETPIVOTDATA("Sum of MEMBER",'Pivot Table'!$A$136) -> 0
B35: Manger Intro | C35: =GETPIVOTDATA("Sum of MANAGER INTRO",'Pivot Table'!$A$76) -> 0 | E35: Manger Intro | F35: =GETPIVOTDATA("Sum of MANAGER INTRO",'Pivot Table'!$A$88) -> 0 | H35: Manger Intro | I35: =GETPIVOTDATA("Sum of MANAGER INTRO",'Pivot Table'!$A$100) -> 0 | K35: Manger Intro | L35: =GETPIVOTDATA("Sum of MANAGER INTRO",'Pivot Table'!$A$112) -> 0 | N35: Manger Intro | O35: =GETPIVOTDATA("Sum of MANAGER INTRO",'Pivot Table'!$A$124) -> 0 | Q35: Manger Intro | R35: =GETPIVOTDATA("Sum of MANAGER INTRO",'Pivot Table'!$A$136) -> 0
B36: Interstate | C36: =GETPIVOTDATA("Sum of INTERSTATE",'Pivot Table'!$A$76) -> 0 | E36: Interstate | F36: =GETPIVOTDATA("Sum of INTERSTATE",'Pivot Table'!$A$88) -> 0 | H36: Interstate | I36: =GETPIVOTDATA("Sum of INTERSTATE",'Pivot Table'!$A$100) -> 0 | K36: Interstate | L36: =GETPIVOTDATA("Sum of INTERSTATE",'Pivot Table'!$A$112) -> 0 | N36: Interstate | O36: =GETPIVOTDATA("Sum of INTERSTATE",'Pivot Table'!$A$124) -> 0 | Q36: Interstate | R36: =GETPIVOTDATA("Sum of INTERSTATE",'Pivot Table'!$A$136) -> 0
B37: International | C37: =GETPIVOTDATA("Sum of INTERNATIONAL",'Pivot Table'!$A$76) -> 0 | E37: International | F37: =GETPIVOTDATA("Sum of INTERNATIONAL",'Pivot Table'!$A$88) -> 0 | H37: International | I37: =GETPIVOTDATA("Sum of INTERNATIONAL",'Pivot Table'!$A$100) -> 0 | K37: International | L37: =GETPIVOTDATA("Sum of INTERNATIONAL",'Pivot Table'!$A$112) -> 0 | N37: International | O37: =GETPIVOTDATA("Sum of INTERNATIONAL",'Pivot Table'!$A$124) -> 0 | Q37: International | R37: =GETPIVOTDATA("Sum of INTERNATIONAL",'Pivot Table'!$A$136) -> 0
B38: Industry Guest | C38: =GETPIVOTDATA("Sum of INDUSTRY GUEST",'Pivot Table'!$A$76) -> 0 | E38: Industry Guest | F38: =GETPIVOTDATA("Sum of INDUSTRY GUEST",'Pivot Table'!$A$88) -> 0 | H38: Industry Guest | I38: =GETPIVOTDATA("Sum of INDUSTRY GUEST",'Pivot Table'!$A$100) -> 0 | K38: Industry Guest | L38: =GETPIVOTDATA("Sum of INDUSTRY GUEST",'Pivot Table'!$A$112) -> 0 | N38: Industry Guest | O38: =GETPIVOTDATA("Sum of INDUSTRY GUEST",'Pivot Table'!$A$124) -> 0 | Q38: Industry Guest | R38: =GETPIVOTDATA("Sum of INDUSTRY GUEST",'Pivot Table'!$A$136) -> 0
B39: Member Intro | C39: =GETPIVOTDATA("Sum of MEMB GUEST MICLUB",'Pivot Table'!$A$76) -> 0 | E39: Member Intro | F39: =GETPIVOTDATA("Sum of MEMB GUEST MICLUB",'Pivot Table'!$A$88) -> 0 | H39: Member Intro | I39: =GETPIVOTDATA("Sum of MEMB GUEST MICLUB",'Pivot Table'!$A$100) -> 0 | K39: Member Intro | L39: =GETPIVOTDATA("Sum of MEMB GUEST MICLUB",'Pivot Table'!$A$112) -> 0 | N39: Member Intro | O39: =GETPIVOTDATA("Sum of MEMB GUEST MICLUB",'Pivot Table'!$A$124) -> 0 | Q39: Member Intro | R39: =GETPIVOTDATA("Sum of MEMB GUEST MICLUB",'Pivot Table'!$A$136) -> 0
B40: Member Guest Unaccompanied | C40: =GETPIVOTDATA("Sum of MEMB GUEST UNACCOMPANIED",'Pivot Table'!$A$76) -> 0 | E40: Member Guest Unaccompanied | F40: =GETPIVOTDATA("Sum of MEMB GUEST UNACCOMPANIED",'Pivot Table'!$A$88) -> 0 | H40: Member Guest Unaccompanied | I40: =GETPIVOTDATA("Sum of MEMB GUEST UNACCOMPANIED",'Pivot Table'!$A$100) -> 0 | K40: Member Guest Unaccompanied | L40: =GETPIVOTDATA("Sum of MEMB GUEST UNACCOMPANIED",'Pivot Table'!$A$112) -> 0 | N40: Member Guest Unaccompanied | O40: =GETPIVOTDATA("Sum of MEMB GUEST UNACCOMPANIED",'Pivot Table'!$A$124) -> 0 | Q40: Member Guest Unaccompanied | R40: =GETPIVOTDATA("Sum of MEMB GUEST UNACCOMPANIED",'Pivot Table'!$A$136) -> 0
B41: Corporate | C41: =GETPIVOTDATA("Sum of CORPORATE",'Pivot Table'!$A$76) -> 0 | E41: Corporate | F41: =GETPIVOTDATA("Sum of CORPORATE",'Pivot Table'!$A$88) -> 0 | H41: Corporate | I41: =GETPIVOTDATA("Sum of CORPORATE",'Pivot Table'!$A$100) -> 0 | K41: Corporate | L41: =GETPIVOTDATA("Sum of CORPORATE",'Pivot Table'!$A$112) -> 0 | N41: Corporate | O41: =GETPIVOTDATA("Sum of CORPORATE",'Pivot Table'!$A$124) -> 0 | Q41: Corporate | R41: =GETPIVOTDATA("Sum of CORPORATE",'Pivot Table'!$A$136) -> 0
B42: Event | C42: =GETPIVOTDATA("Sum of EVENT",'Pivot Table'!$A$76) -> 0 | E42: Event | F42: =GETPIVOTDATA("Sum of EVENT",'Pivot Table'!$A$88) -> 0 | H42: Event | I42: =GETPIVOTDATA("Sum of EVENT",'Pivot Table'!$A$100) -> 0 | K42: Event | L42: =GETPIVOTDATA("Sum of EVENT",'Pivot Table'!$A$112) -> 0 | N42: Event | O42: =GETPIVOTDATA("Sum of EVENT",'Pivot Table'!$A$124) -> 0 | Q42: Event | R42: =GETPIVOTDATA("Sum of EVENT",'Pivot Table'!$A$136) -> 0
